audit_id,transaction_id,event_type,timestamp,from_state,to_state,proposed_action,final_action,policy_note,reason,policy_version,actor,correlation_id
AUD_20260901172421708506,TXN0001,FAILED_PAYMENT_RECEIVED,2026-09-01T17:24:21.708506+00:00,,,,,,,v1.0,RECOVERY_PIPELINE,RECOVERY_TXN0001
AUD_20260901172421711864,TXN0002,FAILED_PAYMENT_RECEIVED,2026-09-01T17:24:21.711864+00:00,,,,,,,v1.0,RECOVERY_PIPELINE,RECOVERY_TXN0002
AUD_20260901172421715660,TXN0003,FAILED_PAYMENT_RECEIVED,2026-09-01T17:24:21.715660+00:00,,,,,,,v1.0,RECOVERY_PIPELINE,RECOVERY_TXN0003
AUD_20260901172421718528,TXN0004,FAILED_PAYMENT_RECEIVED,2026-09-01T17:24:21.718528+00:00,,,,,,,v1.0,RECOVERY_PIPELINE,RECOVERY_TXN0004
AUD_20260901172421721886,TXN0005,FAILED_PAYMENT_RECEIVED,2026-09-01T17:24:21.721886+00:00,,,,,,,v1.0,RECOVERY_PIPELINE,RECOVERY_TXN0005
AUD_20260901172421725147,TXN0006,FAILED_PAYMENT_RECEIVED,2026-09-01T17:24:21.725147+00:00,,,,,,,v1.0,RECOVERY_PIPELINE,RECOVERY_TXN0006
AUD_20260901172421727638,TXN0007,FAILED_PAYMENT_RECEIVED,2026-09-01T17:24:21.727638+00:00,,,,,,,v1.0,RECOVERY_PIPELINE,RECOVERY_TXN0007
AUD_20260901172421730026,TXN0008,FAILED_PAYMENT_RECEIVED,2026-09-01T17:24:21.730026+00:00,,,,,,,v1.0,RECOVERY_PIPELINE,RECOVERY_TXN0008
AUD_20260901172421732770,TXN0009,FAILED_PAYMENT_RECEIVED,2026-09-01T17:24:21.732770+00:00,,,,,,,v1.0,RECOVERY_PIPELINE,RECOVERY_TXN0009
AUD_20260901172421735362,TXN0010,FAILED_PAYMENT_RECEIVED,2026-09-01T17:24:21.735362+00:00,,,,,,,v1.0,RECOVERY_PIPELINE,RECOVERY_TXN0010
AUD_20260901172421738459,TXN0011,FAILED_PAYMENT_RECEIVED,2026-09-01T17:24:21.738459+00:00,,,,,,,v1.0,RECOVERY_PIPELINE,RECOVERY_TXN0011
AUD_20260901172421741407,TXN0012,FAILED_PAYMENT_RECEIVED,2026-09-01T17:24:21.741407+00:00,,,,,,,v1.0,RECOVERY_PIPELINE,RECOVERY_TXN0012
AUD_20260901172421743580,TXN0013,FAILED_PAYMENT_RECEIVED,2026-09-01T17:24:21.743580+00:00,,,,,,,v1.0,RECOVERY_PIPELINE,RECOVERY_TXN0013
AUD_20260901172421745656,TXN0014,FAILED_PAYMENT_RECEIVED,2026-09-01T17:24:21.745656+00:00,,,,,,,v1.0,RECOVERY_PIPELINE,RECOVERY_TXN0014
AUD_20260901172421747645,TXN0015,FAILED_PAYMENT_RECEIVED,2026-09-01T17:24:21.747645+00:00,,,,,,,v1.0,RECOVERY_PIPELINE,RECOVERY_TXN0015
AUD_20260901172421749287,TXN0016,FAILED_PAYMENT_RECEIVED,2026-09-01T17:24:21.749287+00:00,,,,,,,v1.0,RECOVERY_PIPELINE,RECOVERY_TXN0016
AUD_20260901172421750839,TXN0017,FAILED_PAYMENT_RECEIVED,2026-09-01T17:24:21.750839+00:00,,,,,,,v1.0,RECOVERY_PIPELINE,RECOVERY_TXN0017
AUD_20260901172421752278,TXN0018,FAILED_PAYMENT_RECEIVED,2026-09-01T17:24:21.752278+00:00,,,,,,,v1.0,RECOVERY_PIPELINE,RECOVERY_TXN0018
AUD_20260901172421753881,TXN0019,FAILED_PAYMENT_RECEIVED,2026-09-01T17:24:21.753881+00:00,,,,,,,v1.0,RECOVERY_PIPELINE,RECOVERY_TXN0019
AUD_20260901172421755542,TXN0020,FAILED_PAYMENT_RECEIVED,2026-09-01T17:24:21.755542+00:00,,,,,,,v1.0,RECOVERY_PIPELINE,RECOVERY_TXN0020
AUD_20260901172421757105,TXN0021,FAILED_PAYMENT_RECEIVED,2026-09-01T17:24:21.757105+00:00,,,,,,,v1.0,RECOVERY_PIPELINE,RECOVERY_TXN0021
AUD_20260901172421758677,TXN0022,FAILED_PAYMENT_RECEIVED,2026-09-01T17:24:21.758677+00:00,,,,,,,v1.0,RECOVERY_PIPELINE,RECOVERY_TXN0022
AUD_20260901172421760833,TXN0023,FAILED_PAYMENT_RECEIVED,2026-09-01T17:24:21.760833+00:00,,,,,,,v1.0,RECOVERY_PIPELINE,RECOVERY_TXN0023
AUD_20260901172421762024,TXN0024,FAILED_PAYMENT_RECEIVED,2026-09-01T17:24:21.762024+00:00,,,,,,,v1.0,RECOVERY_PIPELINE,RECOVERY_TXN0024
AUD_20260901172421763250,TXN0025,FAILED_PAYMENT_RECEIVED,2026-09-01T17:24:21.763250+00:00,,,,,,,v1.0,RECOVERY_PIPELINE,RECOVERY_TXN0025
AUD_20260901172421764240,TXN0026,FAILED_PAYMENT_RECEIVED,2026-09-01T17:24:21.764240+00:00,,,,,,,v1.0,RECOVERY_PIPELINE,RECOVERY_TXN0026
AUD_20260901172421765099,TXN0027,FAILED_PAYMENT_RECEIVED,2026-09-01T17:24:21.765099+00:00,,,,,,,v1.0,RECOVERY_PIPELINE,RECOVERY_TXN0027
AUD_20260901172421765997,TXN0028,FAILED_PAYMENT_RECEIVED,2026-09-01T17:24:21.765997+00:00,,,,,,,v1.0,RECOVERY_PIPELINE,RECOVERY_TXN0028
AUD_20260901172421766957,TXN0029,FAILED_PAYMENT_RECEIVED,2026-09-01T17:24:21.766957+00:00,,,,,,,v1.0,RECOVERY_PIPELINE,RECOVERY_TXN0029
AUD_20260901172421768004,TXN0030,FAILED_PAYMENT_RECEIVED,2026-09-01T17:24:21.768004+00:00,,,,,,,v1.0,RECOVERY_PIPELINE,RECOVERY_TXN0030
AUD_20260901172421768906,TXN0031,FAILED_PAYMENT_RECEIVED,2026-09-01T17:24:21.768906+00:00,,,,,,,v1.0,RECOVERY_PIPELINE,RECOVERY_TXN0031
AUD_20260901172421770407,TXN0032,FAILED_PAYMENT_RECEIVED,2026-09-01T17:24:21.770407+00:00,,,,,,,v1.0,RECOVERY_PIPELINE,RECOVERY_TXN0032
AUD_20260901172421771539,TXN0033,FAILED_PAYMENT_RECEIVED,2026-09-01T17:24:21.771539+00:00,,,,,,,v1.0,RECOVERY_PIPELINE,RECOVERY_TXN0033
AUD_20260901172421772430,TXN0034,FAILED_PAYMENT_RECEIVED,2026-09-01T17:24:21.772430+00:00,,,,,,,v1.0,RECOVERY_PIPELINE,RECOVERY_TXN0034
AUD_20260901172421773324,TXN0035,FAILED_PAYMENT_RECEIVED,2026-09-01T17:24:21.773324+00:00,,,,,,,v1.0,RECOVERY_PIPELINE,RECOVERY_TXN0035
AUD_20260901172421774147,TXN0036,FAILED_PAYMENT_RECEIVED,2026-09-01T17:24:21.774147+00:00,,,,,,,v1.0,RECOVERY_PIPELINE,RECOVERY_TXN0036
AUD_20260901172421774883,TXN0037,FAILED_PAYMENT_RECEIVED,2026-09-01T17:24:21.774883+00:00,,,,,,,v1.0,RECOVERY_PIPELINE,RECOVERY_TXN0037
AUD_20260901172421775365,TXN0038,FAILED_PAYMENT_RECEIVED,2026-09-01T17:24:21.775365+00:00,,,,,,,v1.0,RECOVERY_PIPELINE,RECOVERY_TXN0038
AUD_20260901172421775966,TXN0039,FAILED_PAYMENT_RECEIVED,2026-09-01T17:24:21.775966+00:00,,,,,,,v1.0,RECOVERY_PIPELINE,RECOVERY_TXN0039
AUD_20260901172421776604,TXN0040,FAILED_PAYMENT_RECEIVED,2026-09-01T17:24:21.776604+00:00,,,,,,,v1.0,RECOVERY_PIPELINE,RECOVERY_TXN0040
AUD_20260901172421777145,TXN0041,FAILED_PAYMENT_RECEIVED,2026-09-01T17:24:21.777145+00:00,,,,,,,v1.0,RECOVERY_PIPELINE,RECOVERY_TXN0041
AUD_20260901172421777723,TXN0042,FAILED_PAYMENT_RECEIVED,2026-09-01T17:24:21.777723+00:00,,,,,,,v1.0,RECOVERY_PIPELINE,RECOVERY_TXN0042
AUD_20260901172421778297,TXN0043,FAILED_PAYMENT_RECEIVED,2026-09-01T17:24:21.778297+00:00,,,,,,,v1.0,RECOVERY_PIPELINE,RECOVERY_TXN0043
AUD_20260901172421778832,TXN0044,FAILED_PAYMENT_RECEIVED,2026-09-01T17:24:21.778832+00:00,,,,,,,v1.0,RECOVERY_PIPELINE,RECOVERY_TXN0044
AUD_20260901172421780969,TXN0045,FAILED_PAYMENT_RECEIVED,2026-09-01T17:24:21.780969+00:00,,,,,,,v1.0,RECOVERY_PIPELINE,RECOVERY_TXN0045
AUD_20260901172421787555,TXN0046,FAILED_PAYMENT_RECEIVED,2026-09-01T17:24:21.787555+00:00,,,,,,,v1.0,RECOVERY_PIPELINE,RECOVERY_TXN0046
AUD_20260901172421792515,TXN0047,FAILED_PAYMENT_RECEIVED,2026-09-01T17:24:21.792515+00:00,,,,,,,v1.0,RECOVERY_PIPELINE,RECOVERY_TXN0047
AUD_20260901172421795418,TXN0048,FAILED_PAYMENT_RECEIVED,2026-09-01T17:24:21.795418+00:00,,,,,,,v1.0,RECOVERY_PIPELINE,RECOVERY_TXN0048
AUD_20260901172421797257,TXN0049,FAILED_PAYMENT_RECEIVED,2026-09-01T17:24:21.797257+00:00,,,,,,,v1.0,RECOVERY_PIPELINE,RECOVERY_TXN0049
AUD_20260901172421799202,TXN0050,FAILED_PAYMENT_RECEIVED,2026-09-01T17:24:21.799202+00:00,,,,,,,v1.0,RECOVERY_PIPELINE,RECOVERY_TXN0050
AUD_20260901172421801325,TXN0051,FAILED_PAYMENT_RECEIVED,2026-09-01T17:24:21.801325+00:00,,,,,,,v1.0,RECOVERY_PIPELINE,RECOVERY_TXN0051
AUD_20260901172421802566,TXN0052,FAILED_PAYMENT_RECEIVED,2026-09-01T17:24:21.802566+00:00,,,,,,,v1.0,RECOVERY_PIPELINE,RECOVERY_TXN0052
AUD_20260901172421804087,TXN0053,FAILED_PAYMENT_RECEIVED,2026-09-01T17:24:21.804087+00:00,,,,,,,v1.0,RECOVERY_PIPELINE,RECOVERY_TXN0053
AUD_20260901172421805893,TXN0054,FAILED_PAYMENT_RECEIVED,2026-09-01T17:24:21.805893+00:00,,,,,,,v1.0,RECOVERY_PIPELINE,RECOVERY_TXN0054
AUD_20260901172421807665,TXN0055,FAILED_PAYMENT_RECEIVED,2026-09-01T17:24:21.807665+00:00,,,,,,,v1.0,RECOVERY_PIPELINE,RECOVERY_TXN0055
AUD_20260901172421809240,TXN0056,FAILED_PAYMENT_RECEIVED,2026-09-01T17:24:21.809240+00:00,,,,,,,v1.0,RECOVERY_PIPELINE,RECOVERY_TXN0056
AUD_20260901172421810730,TXN0057,FAILED_PAYMENT_RECEIVED,2026-09-01T17:24:21.810730+00:00,,,,,,,v1.0,RECOVERY_PIPELINE,RECOVERY_TXN0057
AUD_20260901172421812317,TXN0058,FAILED_PAYMENT_RECEIVED,2026-09-01T17:24:21.812317+00:00,,,,,,,v1.0,RECOVERY_PIPELINE,RECOVERY_TXN0058
AUD_20260901172421813580,TXN0059,FAILED_PAYMENT_RECEIVED,2026-09-01T17:24:21.813580+00:00,,,,,,,v1.0,RECOVERY_PIPELINE,RECOVERY_TXN0059
AUD_20260901172421814727,TXN0060,FAILED_PAYMENT_RECEIVED,2026-09-01T17:24:21.814727+00:00,,,,,,,v1.0,RECOVERY_PIPELINE,RECOVERY_TXN0060
AUD_20260901172421815643,TXN0061,FAILED_PAYMENT_RECEIVED,2026-09-01T17:24:21.815643+00:00,,,,,,,v1.0,RECOVERY_PIPELINE,RECOVERY_TXN0061
AUD_20260901172421817615,TXN0062,FAILED_PAYMENT_RECEIVED,2026-09-01T17:24:21.817615+00:00,,,,,,,v1.0,RECOVERY_PIPELINE,RECOVERY_TXN0062
AUD_20260901172421818788,TXN0063,FAILED_PAYMENT_RECEIVED,2026-09-01T17:24:21.818788+00:00,,,,,,,v1.0,RECOVERY_PIPELINE,RECOVERY_TXN0063
AUD_20260901172421819642,TXN0064,FAILED_PAYMENT_RECEIVED,2026-09-01T17:24:21.819642+00:00,,,,,,,v1.0,RECOVERY_PIPELINE,RECOVERY_TXN0064
AUD_20260901172421820484,TXN0065,FAILED_PAYMENT_RECEIVED,2026-09-01T17:24:21.820484+00:00,,,,,,,v1.0,RECOVERY_PIPELINE,RECOVERY_TXN0065
AUD_20260901172421821275,TXN0066,FAILED_PAYMENT_RECEIVED,2026-09-01T17:24:21.821275+00:00,,,,,,,v1.0,RECOVERY_PIPELINE,RECOVERY_TXN0066
AUD_20260901172421822551,TXN0067,FAILED_PAYMENT_RECEIVED,2026-09-01T17:24:21.822551+00:00,,,,,,,v1.0,RECOVERY_PIPELINE,RECOVERY_TXN0067
AUD_20260901172421823693,TXN0068,FAILED_PAYMENT_RECEIVED,2026-09-01T17:24:21.823693+00:00,,,,,,,v1.0,RECOVERY_PIPELINE,RECOVERY_TXN0068
AUD_20260901172421824829,TXN0069,FAILED_PAYMENT_RECEIVED,2026-09-01T17:24:21.824829+00:00,,,,,,,v1.0,RECOVERY_PIPELINE,RECOVERY_TXN0069
AUD_20260901172421825823,TXN0070,FAILED_PAYMENT_RECEIVED,2026-09-01T17:24:21.825823+00:00,,,,,,,v1.0,RECOVERY_PIPELINE,RECOVERY_TXN0070
AUD_20260901172421826633,TXN0071,FAILED_PAYMENT_RECEIVED,2026-09-01T17:24:21.826633+00:00,,,,,,,v1.0,RECOVERY_PIPELINE,RECOVERY_TXN0071
AUD_20260901172421827283,TXN0072,FAILED_PAYMENT_RECEIVED,2026-09-01T17:24:21.827283+00:00,,,,,,,v1.0,RECOVERY_PIPELINE,RECOVERY_TXN0072
AUD_20260901172421827853,TXN0073,FAILED_PAYMENT_RECEIVED,2026-09-01T17:24:21.827853+00:00,,,,,,,v1.0,RECOVERY_PIPELINE,RECOVERY_TXN0073
AUD_20260901172421828377,TXN0074,FAILED_PAYMENT_RECEIVED,2026-09-01T17:24:21.828377+00:00,,,,,,,v1.0,RECOVERY_PIPELINE,RECOVERY_TXN0074
AUD_20260901172421828917,TXN0075,FAILED_PAYMENT_RECEIVED,2026-09-01T17:24:21.828917+00:00,,,,,,,v1.0,RECOVERY_PIPELINE,RECOVERY_TXN0075
AUD_20260901172421829444,TXN0076,FAILED_PAYMENT_RECEIVED,2026-09-01T17:24:21.829444+00:00,,,,,,,v1.0,RECOVERY_PIPELINE,RECOVERY_TXN0076
AUD_20260901172421829992,TXN0077,FAILED_PAYMENT_RECEIVED,2026-09-01T17:24:21.829992+00:00,,,,,,,v1.0,RECOVERY_PIPELINE,RECOVERY_TXN0077
AUD_20260901172421830517,TXN0078,FAILED_PAYMENT_RECEIVED,2026-09-01T17:24:21.830517+00:00,,,,,,,v1.0,RECOVERY_PIPELINE,RECOVERY_TXN0078
AUD_20260901172421831187,TXN0079,FAILED_PAYMENT_RECEIVED,2026-09-01T17:24:21.831187+00:00,,,,,,,v1.0,RECOVERY_PIPELINE,RECOVERY_TXN0079
AUD_20260901172421831974,TXN0080,FAILED_PAYMENT_RECEIVED,2026-09-01T17:24:21.831974+00:00,,,,,,,v1.0,RECOVERY_PIPELINE,RECOVERY_TXN0080
AUD_20260901172421832863,TXN0081,FAILED_PAYMENT_RECEIVED,2026-09-01T17:24:21.832863+00:00,,,,,,,v1.0,RECOVERY_PIPELINE,RECOVERY_TXN0081
AUD_20260901172421833670,TXN0082,FAILED_PAYMENT_RECEIVED,2026-09-01T17:24:21.833670+00:00,,,,,,,v1.0,RECOVERY_PIPELINE,RECOVERY_TXN0082
AUD_20260901172421834390,TXN0083,FAILED_PAYMENT_RECEIVED,2026-09-01T17:24:21.834390+00:00,,,,,,,v1.0,RECOVERY_PIPELINE,RECOVERY_TXN0083
AUD_20260901172421835070,TXN0084,FAILED_PAYMENT_RECEIVED,2026-09-01T17:24:21.835070+00:00,,,,,,,v1.0,RECOVERY_PIPELINE,RECOVERY_TXN0084
AUD_20260901172421835873,TXN0085,FAILED_PAYMENT_RECEIVED,2026-09-01T17:24:21.835873+00:00,,,,,,,v1.0,RECOVERY_PIPELINE,RECOVERY_TXN0085
AUD_20260901172421836462,TXN0086,FAILED_PAYMENT_RECEIVED,2026-09-01T17:24:21.836462+00:00,,,,,,,v1.0,RECOVERY_PIPELINE,RECOVERY_TXN0086
AUD_20260901172421837013,TXN0087,FAILED_PAYMENT_RECEIVED,2026-09-01T17:24:21.837013+00:00,,,,,,,v1.0,RECOVERY_PIPELINE,RECOVERY_TXN0087
AUD_20260901172421837491,TXN0088,FAILED_PAYMENT_RECEIVED,2026-09-01T17:24:21.837491+00:00,,,,,,,v1.0,RECOVERY_PIPELINE,RECOVERY_TXN0088
AUD_20260901172421837961,TXN0089,FAILED_PAYMENT_RECEIVED,2026-09-01T17:24:21.837961+00:00,,,,,,,v1.0,RECOVERY_PIPELINE,RECOVERY_TXN0089
AUD_20260901172421838693,TXN0090,FAILED_PAYMENT_RECEIVED,2026-09-01T17:24:21.838693+00:00,,,,,,,v1.0,RECOVERY_PIPELINE,RECOVERY_TXN0090
AUD_20260901172421839357,TXN0091,FAILED_PAYMENT_RECEIVED,2026-09-01T17:24:21.839357+00:00,,,,,,,v1.0,RECOVERY_PIPELINE,RECOVERY_TXN0091
AUD_20260901172421840170,TXN0092,FAILED_PAYMENT_RECEIVED,2026-09-01T17:24:21.840170+00:00,,,,,,,v1.0,RECOVERY_PIPELINE,RECOVERY_TXN0092
AUD_20260901172421840798,TXN0093,FAILED_PAYMENT_RECEIVED,2026-09-01T17:24:21.840798+00:00,,,,,,,v1.0,RECOVERY_PIPELINE,RECOVERY_TXN0093
AUD_20260901172421841302,TXN0094,FAILED_PAYMENT_RECEIVED,2026-09-01T17:24:21.841302+00:00,,,,,,,v1.0,RECOVERY_PIPELINE,RECOVERY_TXN0094
AUD_20260901172421841773,TXN0095,FAILED_PAYMENT_RECEIVED,2026-09-01T17:24:21.841773+00:00,,,,,,,v1.0,RECOVERY_PIPELINE,RECOVERY_TXN0095
AUD_20260901172421842231,TXN0096,FAILED_PAYMENT_RECEIVED,2026-09-01T17:24:21.842231+00:00,,,,,,,v1.0,RECOVERY_PIPELINE,RECOVERY_TXN0096
AUD_20260901172421842688,TXN0097,FAILED_PAYMENT_RECEIVED,2026-09-01T17:24:21.842688+00:00,,,,,,,v1.0,RECOVERY_PIPELINE,RECOVERY_TXN0097
AUD_20260901172421843145,TXN0098,FAILED_PAYMENT_RECEIVED,2026-09-01T17:24:21.843145+00:00,,,,,,,v1.0,RECOVERY_PIPELINE,RECOVERY_TXN0098
AUD_20260901172421843618,TXN0099,FAILED_PAYMENT_RECEIVED,2026-09-01T17:24:21.843618+00:00,,,,,,,v1.0,RECOVERY_PIPELINE,RECOVERY_TXN0099
AUD_20260901172421844162,TXN0100,FAILED_PAYMENT_RECEIVED,2026-09-01T17:24:21.844162+00:00,,,,,,,v1.0,RECOVERY_PIPELINE,RECOVERY_TXN0100
AUD_20260901172421844783,TXN0101,FAILED_PAYMENT_RECEIVED,2026-09-01T17:24:21.844783+00:00,,,,,,,v1.0,RECOVERY_PIPELINE,RECOVERY_TXN0101
AUD_20260901172421845298,TXN0102,FAILED_PAYMENT_RECEIVED,2026-09-01T17:24:21.845298+00:00,,,,,,,v1.0,RECOVERY_PIPELINE,RECOVERY_TXN0102
AUD_20260901172421845789,TXN0103,FAILED_PAYMENT_RECEIVED,2026-09-01T17:24:21.845789+00:00,,,,,,,v1.0,RECOVERY_PIPELINE,RECOVERY_TXN0103
AUD_20260901172421846257,TXN0104,FAILED_PAYMENT_RECEIVED,2026-09-01T17:24:21.846257+00:00,,,,,,,v1.0,RECOVERY_PIPELINE,RECOVERY_TXN0104
AUD_20260901172421846738,TXN0105,FAILED_PAYMENT_RECEIVED,2026-09-01T17:24:21.846738+00:00,,,,,,,v1.0,RECOVERY_PIPELINE,RECOVERY_TXN0105
AUD_20260901172421847229,TXN0106,FAILED_PAYMENT_RECEIVED,2026-09-01T17:24:21.847229+00:00,,,,,,,v1.0,RECOVERY_PIPELINE,RECOVERY_TXN0106
AUD_20260901172421847722,TXN0107,FAILED_PAYMENT_RECEIVED,2026-09-01T17:24:21.847722+00:00,,,,,,,v1.0,RECOVERY_PIPELINE,RECOVERY_TXN0107
AUD_20260901172421848473,TXN0108,FAILED_PAYMENT_RECEIVED,2026-09-01T17:24:21.848473+00:00,,,,,,,v1.0,RECOVERY_PIPELINE,RECOVERY_TXN0108
AUD_20260901172421849062,TXN0109,FAILED_PAYMENT_RECEIVED,2026-09-01T17:24:21.849062+00:00,,,,,,,v1.0,RECOVERY_PIPELINE,RECOVERY_TXN0109
AUD_20260901172421849673,TXN0110,FAILED_PAYMENT_RECEIVED,2026-09-01T17:24:21.849673+00:00,,,,,,,v1.0,RECOVERY_PIPELINE,RECOVERY_TXN0110
AUD_20260901172421850239,TXN0111,FAILED_PAYMENT_RECEIVED,2026-09-01T17:24:21.850239+00:00,,,,,,,v1.0,RECOVERY_PIPELINE,RECOVERY_TXN0111
AUD_20260901172421850781,TXN0112,FAILED_PAYMENT_RECEIVED,2026-09-01T17:24:21.850781+00:00,,,,,,,v1.0,RECOVERY_PIPELINE,RECOVERY_TXN0112
AUD_20260901172421851284,TXN0113,FAILED_PAYMENT_RECEIVED,2026-09-01T17:24:21.851284+00:00,,,,,,,v1.0,RECOVERY_PIPELINE,RECOVERY_TXN0113
AUD_20260901172421851766,TXN0114,FAILED_PAYMENT_RECEIVED,2026-09-01T17:24:21.851766+00:00,,,,,,,v1.0,RECOVERY_PIPELINE,RECOVERY_TXN0114
AUD_20260901172421852241,TXN0115,FAILED_PAYMENT_RECEIVED,2026-09-01T17:24:21.852241+00:00,,,,,,,v1.0,RECOVERY_PIPELINE,RECOVERY_TXN0115
AUD_20260901172421852721,TXN0116,FAILED_PAYMENT_RECEIVED,2026-09-01T17:24:21.852721+00:00,,,,,,,v1.0,RECOVERY_PIPELINE,RECOVERY_TXN0116
AUD_20260901172421853180,TXN0117,FAILED_PAYMENT_RECEIVED,2026-09-01T17:24:21.853180+00:00,,,,,,,v1.0,RECOVERY_PIPELINE,RECOVERY_TXN0117
AUD_20260901172421853652,TXN0118,FAILED_PAYMENT_RECEIVED,2026-09-01T17:24:21.853652+00:00,,,,,,,v1.0,RECOVERY_PIPELINE,RECOVERY_TXN0118
AUD_20260901172421854286,TXN0119,FAILED_PAYMENT_RECEIVED,2026-09-01T17:24:21.854286+00:00,,,,,,,v1.0,RECOVERY_PIPELINE,RECOVERY_TXN0119
AUD_20260901172421854999,TXN0120,FAILED_PAYMENT_RECEIVED,2026-09-01T17:24:21.854999+00:00,,,,,,,v1.0,RECOVERY_PIPELINE,RECOVERY_TXN0120
AUD_20260901172421855761,TXN0121,FAILED_PAYMENT_RECEIVED,2026-09-01T17:24:21.855761+00:00,,,,,,,v1.0,RECOVERY_PIPELINE,RECOVERY_TXN0121
AUD_20260901172421856485,TXN0122,FAILED_PAYMENT_RECEIVED,2026-09-01T17:24:21.856485+00:00,,,,,,,v1.0,RECOVERY_PIPELINE,RECOVERY_TXN0122
AUD_20260901172421857044,TXN0123,FAILED_PAYMENT_RECEIVED,2026-09-01T17:24:21.857044+00:00,,,,,,,v1.0,RECOVERY_PIPELINE,RECOVERY_TXN0123
AUD_20260901172421857525,TXN0124,FAILED_PAYMENT_RECEIVED,2026-09-01T17:24:21.857525+00:00,,,,,,,v1.0,RECOVERY_PIPELINE,RECOVERY_TXN0124
AUD_20260901172421858017,TXN0125,FAILED_PAYMENT_RECEIVED,2026-09-01T17:24:21.858017+00:00,,,,,,,v1.0,RECOVERY_PIPELINE,RECOVERY_TXN0125
AUD_20260901172421858591,TXN0126,FAILED_PAYMENT_RECEIVED,2026-09-01T17:24:21.858591+00:00,,,,,,,v1.0,RECOVERY_PIPELINE,RECOVERY_TXN0126
AUD_20260901172421859208,TXN0127,FAILED_PAYMENT_RECEIVED,2026-09-01T17:24:21.859208+00:00,,,,,,,v1.0,RECOVERY_PIPELINE,RECOVERY_TXN0127
AUD_20260901172421859752,TXN0128,FAILED_PAYMENT_RECEIVED,2026-09-01T17:24:21.859752+00:00,,,,,,,v1.0,RECOVERY_PIPELINE,RECOVERY_TXN0128
AUD_20260901172421860225,TXN0129,FAILED_PAYMENT_RECEIVED,2026-09-01T17:24:21.860225+00:00,,,,,,,v1.0,RECOVERY_PIPELINE,RECOVERY_TXN0129
AUD_20260901172421860749,TXN0130,FAILED_PAYMENT_RECEIVED,2026-09-01T17:24:21.860749+00:00,,,,,,,v1.0,RECOVERY_PIPELINE,RECOVERY_TXN0130
AUD_20260901172421861204,TXN0131,FAILED_PAYMENT_RECEIVED,2026-09-01T17:24:21.861204+00:00,,,,,,,v1.0,RECOVERY_PIPELINE,RECOVERY_TXN0131
AUD_20260901172421861660,TXN0132,FAILED_PAYMENT_RECEIVED,2026-09-01T17:24:21.861660+00:00,,,,,,,v1.0,RECOVERY_PIPELINE,RECOVERY_TXN0132
AUD_20260901172421862174,TXN0133,FAILED_PAYMENT_RECEIVED,2026-09-01T17:24:21.862174+00:00,,,,,,,v1.0,RECOVERY_PIPELINE,RECOVERY_TXN0133
AUD_20260901172421862659,TXN0134,FAILED_PAYMENT_RECEIVED,2026-09-01T17:24:21.862659+00:00,,,,,,,v1.0,RECOVERY_PIPELINE,RECOVERY_TXN0134
AUD_20260901172421863256,TXN0135,FAILED_PAYMENT_RECEIVED,2026-09-01T17:24:21.863256+00:00,,,,,,,v1.0,RECOVERY_PIPELINE,RECOVERY_TXN0135
AUD_20260901172421863815,TXN0136,FAILED_PAYMENT_RECEIVED,2026-09-01T17:24:21.863815+00:00,,,,,,,v1.0,RECOVERY_PIPELINE,RECOVERY_TXN0136
AUD_20260901172421864417,TXN0137,FAILED_PAYMENT_RECEIVED,2026-09-01T17:24:21.864417+00:00,,,,,,,v1.0,RECOVERY_PIPELINE,RECOVERY_TXN0137
AUD_20260901172421864960,TXN0138,FAILED_PAYMENT_RECEIVED,2026-09-01T17:24:21.864960+00:00,,,,,,,v1.0,RECOVERY_PIPELINE,RECOVERY_TXN0138
AUD_20260901172421865436,TXN0139,FAILED_PAYMENT_RECEIVED,2026-09-01T17:24:21.865436+00:00,,,,,,,v1.0,RECOVERY_PIPELINE,RECOVERY_TXN0139
AUD_20260901172421865915,TXN0140,FAILED_PAYMENT_RECEIVED,2026-09-01T17:24:21.865915+00:00,,,,,,,v1.0,RECOVERY_PIPELINE,RECOVERY_TXN0140
AUD_20260901172421866383,TXN0141,FAILED_PAYMENT_RECEIVED,2026-09-01T17:24:21.866383+00:00,,,,,,,v1.0,RECOVERY_PIPELINE,RECOVERY_TXN0141
AUD_20260901172421866885,TXN0142,FAILED_PAYMENT_RECEIVED,2026-09-01T17:24:21.866885+00:00,,,,,,,v1.0,RECOVERY_PIPELINE,RECOVERY_TXN0142
AUD_20260901172421867380,TXN0143,FAILED_PAYMENT_RECEIVED,2026-09-01T17:24:21.867380+00:00,,,,,,,v1.0,RECOVERY_PIPELINE,RECOVERY_TXN0143
AUD_20260901172421868004,TXN0144,FAILED_PAYMENT_RECEIVED,2026-09-01T17:24:21.868004+00:00,,,,,,,v1.0,RECOVERY_PIPELINE,RECOVERY_TXN0144
AUD_20260901172421868546,TXN0145,FAILED_PAYMENT_RECEIVED,2026-09-01T17:24:21.868546+00:00,,,,,,,v1.0,RECOVERY_PIPELINE,RECOVERY_TXN0145
AUD_20260901172421869039,TXN0146,FAILED_PAYMENT_RECEIVED,2026-09-01T17:24:21.869039+00:00,,,,,,,v1.0,RECOVERY_PIPELINE,RECOVERY_TXN0146
AUD_20260901172421869495,TXN0147,FAILED_PAYMENT_RECEIVED,2026-09-01T17:24:21.869495+00:00,,,,,,,v1.0,RECOVERY_PIPELINE,RECOVERY_TXN0147
AUD_20260901172421869974,TXN0148,FAILED_PAYMENT_RECEIVED,2026-09-01T17:24:21.869974+00:00,,,,,,,v1.0,RECOVERY_PIPELINE,RECOVERY_TXN0148
AUD_20260901172421870441,TXN0149,FAILED_PAYMENT_RECEIVED,2026-09-01T17:24:21.870441+00:00,,,,,,,v1.0,RECOVERY_PIPELINE,RECOVERY_TXN0149
AUD_20260901172421870963,TXN0150,FAILED_PAYMENT_RECEIVED,2026-09-01T17:24:21.870963+00:00,,,,,,,v1.0,RECOVERY_PIPELINE,RECOVERY_TXN0150
AUD_20260901172421947810,TXN0001,FAILURE_CLASSIFIED,2026-09-01T17:24:21.947810+00:00,,,send_nudge,,,Failure classified as card_expired,v1.0,CLASSIFIER,RECOVERY_TXN0001
AUD_20260901172421948333,TXN0001,ACTION_PROPOSED,2026-09-01T17:24:21.948333+00:00,,,send_nudge,,,Proposed recovery action: send_nudge,v1.0,CLASSIFIER,RECOVERY_TXN0001
AUD_20260901172421948909,TXN0002,FAILURE_CLASSIFIED,2026-09-01T17:24:21.948909+00:00,,,retry_later,,,Failure classified as insufficient_funds,v1.0,CLASSIFIER,RECOVERY_TXN0002
AUD_20260901172421949385,TXN0002,ACTION_PROPOSED,2026-09-01T17:24:21.949385+00:00,,,retry_later,,,Proposed recovery action: retry_later,v1.0,CLASSIFIER,RECOVERY_TXN0002
AUD_20260901172421949930,TXN0003,FAILURE_CLASSIFIED,2026-09-01T17:24:21.949930+00:00,,,retry_now,,,Failure classified as network_timeout,v1.0,CLASSIFIER,RECOVERY_TXN0003
AUD_20260901172421950410,TXN0003,ACTION_PROPOSED,2026-09-01T17:24:21.950410+00:00,,,retry_now,,,Proposed recovery action: retry_now,v1.0,CLASSIFIER,RECOVERY_TXN0003
AUD_20260901172421951117,TXN0004,FAILURE_CLASSIFIED,2026-09-01T17:24:21.951117+00:00,,,send_nudge,,,Failure classified as card_expired,v1.0,CLASSIFIER,RECOVERY_TXN0004
AUD_20260901172421951571,TXN0004,ACTION_PROPOSED,2026-09-01T17:24:21.951571+00:00,,,send_nudge,,,Proposed recovery action: send_nudge,v1.0,CLASSIFIER,RECOVERY_TXN0004
AUD_20260901172421952129,TXN0005,FAILURE_CLASSIFIED,2026-09-01T17:24:21.952129+00:00,,,retry_now,,,Failure classified as network_timeout,v1.0,CLASSIFIER,RECOVERY_TXN0005
AUD_20260901172421952536,TXN0005,ACTION_PROPOSED,2026-09-01T17:24:21.952536+00:00,,,retry_now,,,Proposed recovery action: retry_now,v1.0,CLASSIFIER,RECOVERY_TXN0005
AUD_20260901172421953043,TXN0006,FAILURE_CLASSIFIED,2026-09-01T17:24:21.953043+00:00,,,retry_later,,,Failure classified as insufficient_funds,v1.0,CLASSIFIER,RECOVERY_TXN0006
AUD_20260901172421953447,TXN0006,ACTION_PROPOSED,2026-09-01T17:24:21.953447+00:00,,,retry_later,,,Proposed recovery action: retry_later,v1.0,CLASSIFIER,RECOVERY_TXN0006
AUD_20260901172421953948,TXN0007,FAILURE_CLASSIFIED,2026-09-01T17:24:21.953948+00:00,,,send_nudge,,,Failure classified as invalid_card,v1.0,CLASSIFIER,RECOVERY_TXN0007
AUD_20260901172421954343,TXN0007,ACTION_PROPOSED,2026-09-01T17:24:21.954343+00:00,,,send_nudge,,,Proposed recovery action: send_nudge,v1.0,CLASSIFIER,RECOVERY_TXN0007
AUD_20260901172421954964,TXN0008,FAILURE_CLASSIFIED,2026-09-01T17:24:21.954964+00:00,,,retry_now,,,Failure classified as network_timeout,v1.0,CLASSIFIER,RECOVERY_TXN0008
AUD_20260901172421955595,TXN0008,ACTION_PROPOSED,2026-09-01T17:24:21.955595+00:00,,,retry_now,,,Proposed recovery action: retry_now,v1.0,CLASSIFIER,RECOVERY_TXN0008
AUD_20260901172421956554,TXN0009,FAILURE_CLASSIFIED,2026-09-01T17:24:21.956554+00:00,,,send_nudge,,,Failure classified as card_expired,v1.0,CLASSIFIER,RECOVERY_TXN0009
AUD_20260901172421957705,TXN0009,ACTION_PROPOSED,2026-09-01T17:24:21.957705+00:00,,,send_nudge,,,Proposed recovery action: send_nudge,v1.0,CLASSIFIER,RECOVERY_TXN0009
AUD_20260901172421958962,TXN0010,FAILURE_CLASSIFIED,2026-09-01T17:24:21.958962+00:00,,,retry_later,,,Failure classified as insufficient_funds,v1.0,CLASSIFIER,RECOVERY_TXN0010
AUD_20260901172421959541,TXN0010,ACTION_PROPOSED,2026-09-01T17:24:21.959541+00:00,,,retry_later,,,Proposed recovery action: retry_later,v1.0,CLASSIFIER,RECOVERY_TXN0010
AUD_20260901172421960175,TXN0011,FAILURE_CLASSIFIED,2026-09-01T17:24:21.960175+00:00,,,send_nudge,,,Failure classified as card_expired,v1.0,CLASSIFIER,RECOVERY_TXN0011
AUD_20260901172421960629,TXN0011,ACTION_PROPOSED,2026-09-01T17:24:21.960629+00:00,,,send_nudge,,,Proposed recovery action: send_nudge,v1.0,CLASSIFIER,RECOVERY_TXN0011
AUD_20260901172421961146,TXN0012,FAILURE_CLASSIFIED,2026-09-01T17:24:21.961146+00:00,,,send_nudge,,,Failure classified as invalid_card,v1.0,CLASSIFIER,RECOVERY_TXN0012
AUD_20260901172421961580,TXN0012,ACTION_PROPOSED,2026-09-01T17:24:21.961580+00:00,,,send_nudge,,,Proposed recovery action: send_nudge,v1.0,CLASSIFIER,RECOVERY_TXN0012
AUD_20260901172421962091,TXN0013,FAILURE_CLASSIFIED,2026-09-01T17:24:21.962091+00:00,,,retry_now,,,Failure classified as network_timeout,v1.0,CLASSIFIER,RECOVERY_TXN0013
AUD_20260901172421962480,TXN0013,ACTION_PROPOSED,2026-09-01T17:24:21.962480+00:00,,,retry_now,,,Proposed recovery action: retry_now,v1.0,CLASSIFIER,RECOVERY_TXN0013
AUD_20260901172421962954,TXN0014,FAILURE_CLASSIFIED,2026-09-01T17:24:21.962954+00:00,,,retry_later,,,Failure classified as insufficient_funds,v1.0,CLASSIFIER,RECOVERY_TXN0014
AUD_20260901172421963343,TXN0014,ACTION_PROPOSED,2026-09-01T17:24:21.963343+00:00,,,retry_later,,,Proposed recovery action: retry_later,v1.0,CLASSIFIER,RECOVERY_TXN0014
AUD_20260901172421963819,TXN0015,FAILURE_CLASSIFIED,2026-09-01T17:24:21.963819+00:00,,,retry_later,,,Failure classified as insufficient_funds,v1.0,CLASSIFIER,RECOVERY_TXN0015
AUD_20260901172421964286,TXN0015,ACTION_PROPOSED,2026-09-01T17:24:21.964286+00:00,,,retry_later,,,Proposed recovery action: retry_later,v1.0,CLASSIFIER,RECOVERY_TXN0015
AUD_20260901172421964859,TXN0016,FAILURE_CLASSIFIED,2026-09-01T17:24:21.964859+00:00,,,retry_later,,,Failure classified as insufficient_funds,v1.0,CLASSIFIER,RECOVERY_TXN0016
AUD_20260901172421965262,TXN0016,ACTION_PROPOSED,2026-09-01T17:24:21.965262+00:00,,,retry_later,,,Proposed recovery action: retry_later,v1.0,CLASSIFIER,RECOVERY_TXN0016
AUD_20260901172421965737,TXN0017,FAILURE_CLASSIFIED,2026-09-01T17:24:21.965737+00:00,,,retry_later,,,Failure classified as insufficient_funds,v1.0,CLASSIFIER,RECOVERY_TXN0017
AUD_20260901172421966125,TXN0017,ACTION_PROPOSED,2026-09-01T17:24:21.966125+00:00,,,retry_later,,,Proposed recovery action: retry_later,v1.0,CLASSIFIER,RECOVERY_TXN0017
AUD_20260901172421966607,TXN0018,FAILURE_CLASSIFIED,2026-09-01T17:24:21.966607+00:00,,,retry_later,,,Failure classified as insufficient_funds,v1.0,CLASSIFIER,RECOVERY_TXN0018
AUD_20260901172421966992,TXN0018,ACTION_PROPOSED,2026-09-01T17:24:21.966992+00:00,,,retry_later,,,Proposed recovery action: retry_later,v1.0,CLASSIFIER,RECOVERY_TXN0018
AUD_20260901172421967470,TXN0019,FAILURE_CLASSIFIED,2026-09-01T17:24:21.967470+00:00,,,send_nudge,,,Failure classified as invalid_card,v1.0,CLASSIFIER,RECOVERY_TXN0019
AUD_20260901172421967859,TXN0019,ACTION_PROPOSED,2026-09-01T17:24:21.967859+00:00,,,send_nudge,,,Proposed recovery action: send_nudge,v1.0,CLASSIFIER,RECOVERY_TXN0019
AUD_20260901172421968335,TXN0020,FAILURE_CLASSIFIED,2026-09-01T17:24:21.968335+00:00,,,retry_now,,,Failure classified as network_timeout,v1.0,CLASSIFIER,RECOVERY_TXN0020
AUD_20260901172421968750,TXN0020,ACTION_PROPOSED,2026-09-01T17:24:21.968750+00:00,,,retry_now,,,Proposed recovery action: retry_now,v1.0,CLASSIFIER,RECOVERY_TXN0020
AUD_20260901172421969363,TXN0021,FAILURE_CLASSIFIED,2026-09-01T17:24:21.969363+00:00,,,retry_later,,,Failure classified as insufficient_funds,v1.0,CLASSIFIER,RECOVERY_TXN0021
AUD_20260901172421969795,TXN0021,ACTION_PROPOSED,2026-09-01T17:24:21.969795+00:00,,,retry_later,,,Proposed recovery action: retry_later,v1.0,CLASSIFIER,RECOVERY_TXN0021
AUD_20260901172421970285,TXN0022,FAILURE_CLASSIFIED,2026-09-01T17:24:21.970285+00:00,,,retry_now,,,Failure classified as network_timeout,v1.0,CLASSIFIER,RECOVERY_TXN0022
AUD_20260901172421970675,TXN0022,ACTION_PROPOSED,2026-09-01T17:24:21.970675+00:00,,,retry_now,,,Proposed recovery action: retry_now,v1.0,CLASSIFIER,RECOVERY_TXN0022
AUD_20260901172421971169,TXN0023,FAILURE_CLASSIFIED,2026-09-01T17:24:21.971169+00:00,,,send_nudge,,,Failure classified as invalid_card,v1.0,CLASSIFIER,RECOVERY_TXN0023
AUD_20260901172421971699,TXN0023,ACTION_PROPOSED,2026-09-01T17:24:21.971699+00:00,,,send_nudge,,,Proposed recovery action: send_nudge,v1.0,CLASSIFIER,RECOVERY_TXN0023
AUD_20260901172421972473,TXN0024,FAILURE_CLASSIFIED,2026-09-01T17:24:21.972473+00:00,,,retry_later,,,Failure classified as insufficient_funds,v1.0,CLASSIFIER,RECOVERY_TXN0024
AUD_20260901172421973352,TXN0024,ACTION_PROPOSED,2026-09-01T17:24:21.973352+00:00,,,retry_later,,,Proposed recovery action: retry_later,v1.0,CLASSIFIER,RECOVERY_TXN0024
AUD_20260901172421974267,TXN0025,FAILURE_CLASSIFIED,2026-09-01T17:24:21.974267+00:00,,,retry_now,,,Failure classified as network_timeout,v1.0,CLASSIFIER,RECOVERY_TXN0025
AUD_20260901172421974798,TXN0025,ACTION_PROPOSED,2026-09-01T17:24:21.974798+00:00,,,retry_now,,,Proposed recovery action: retry_now,v1.0,CLASSIFIER,RECOVERY_TXN0025
AUD_20260901172421975327,TXN0026,FAILURE_CLASSIFIED,2026-09-01T17:24:21.975327+00:00,,,retry_now,,,Failure classified as network_timeout,v1.0,CLASSIFIER,RECOVERY_TXN0026
AUD_20260901172421975715,TXN0026,ACTION_PROPOSED,2026-09-01T17:24:21.975715+00:00,,,retry_now,,,Proposed recovery action: retry_now,v1.0,CLASSIFIER,RECOVERY_TXN0026
AUD_20260901172421976210,TXN0027,FAILURE_CLASSIFIED,2026-09-01T17:24:21.976210+00:00,,,retry_later,,,Failure classified as insufficient_funds,v1.0,CLASSIFIER,RECOVERY_TXN0027
AUD_20260901172421976617,TXN0027,ACTION_PROPOSED,2026-09-01T17:24:21.976617+00:00,,,retry_later,,,Proposed recovery action: retry_later,v1.0,CLASSIFIER,RECOVERY_TXN0027
AUD_20260901172421977121,TXN0028,FAILURE_CLASSIFIED,2026-09-01T17:24:21.977121+00:00,,,manual_review,,,Failure classified as fraud_blocked,v1.0,CLASSIFIER,RECOVERY_TXN0028
AUD_20260901172421977508,TXN0028,ACTION_PROPOSED,2026-09-01T17:24:21.977508+00:00,,,manual_review,,,Proposed recovery action: manual_review,v1.0,CLASSIFIER,RECOVERY_TXN0028
AUD_20260901172421978007,TXN0029,FAILURE_CLASSIFIED,2026-09-01T17:24:21.978007+00:00,,,retry_now,,,Failure classified as network_timeout,v1.0,CLASSIFIER,RECOVERY_TXN0029
AUD_20260901172421978482,TXN0029,ACTION_PROPOSED,2026-09-01T17:24:21.978482+00:00,,,retry_now,,,Proposed recovery action: retry_now,v1.0,CLASSIFIER,RECOVERY_TXN0029
AUD_20260901172421979043,TXN0030,FAILURE_CLASSIFIED,2026-09-01T17:24:21.979043+00:00,,,manual_review,,,Failure classified as fraud_blocked,v1.0,CLASSIFIER,RECOVERY_TXN0030
AUD_20260901172421979440,TXN0030,ACTION_PROPOSED,2026-09-01T17:24:21.979440+00:00,,,manual_review,,,Proposed recovery action: manual_review,v1.0,CLASSIFIER,RECOVERY_TXN0030
AUD_20260901172421979914,TXN0031,FAILURE_CLASSIFIED,2026-09-01T17:24:21.979914+00:00,,,retry_later,,,Failure classified as insufficient_funds,v1.0,CLASSIFIER,RECOVERY_TXN0031
AUD_20260901172421980293,TXN0031,ACTION_PROPOSED,2026-09-01T17:24:21.980293+00:00,,,retry_later,,,Proposed recovery action: retry_later,v1.0,CLASSIFIER,RECOVERY_TXN0031
AUD_20260901172421980791,TXN0032,FAILURE_CLASSIFIED,2026-09-01T17:24:21.980791+00:00,,,retry_now,,,Failure classified as network_timeout,v1.0,CLASSIFIER,RECOVERY_TXN0032
AUD_20260901172421981176,TXN0032,ACTION_PROPOSED,2026-09-01T17:24:21.981176+00:00,,,retry_now,,,Proposed recovery action: retry_now,v1.0,CLASSIFIER,RECOVERY_TXN0032
AUD_20260901172421981692,TXN0033,FAILURE_CLASSIFIED,2026-09-01T17:24:21.981692+00:00,,,retry_now,,,Failure classified as network_timeout,v1.0,CLASSIFIER,RECOVERY_TXN0033
AUD_20260901172421982076,TXN0033,ACTION_PROPOSED,2026-09-01T17:24:21.982076+00:00,,,retry_now,,,Proposed recovery action: retry_now,v1.0,CLASSIFIER,RECOVERY_TXN0033
AUD_20260901172421982661,TXN0034,FAILURE_CLASSIFIED,2026-09-01T17:24:21.982661+00:00,,,send_nudge,,,Failure classified as invalid_card,v1.0,CLASSIFIER,RECOVERY_TXN0034
AUD_20260901172421983094,TXN0034,ACTION_PROPOSED,2026-09-01T17:24:21.983094+00:00,,,send_nudge,,,Proposed recovery action: send_nudge,v1.0,CLASSIFIER,RECOVERY_TXN0034
AUD_20260901172421983614,TXN0035,FAILURE_CLASSIFIED,2026-09-01T17:24:21.983614+00:00,,,retry_later,,,Failure classified as insufficient_funds,v1.0,CLASSIFIER,RECOVERY_TXN0035
AUD_20260901172421984012,TXN0035,ACTION_PROPOSED,2026-09-01T17:24:21.984012+00:00,,,retry_later,,,Proposed recovery action: retry_later,v1.0,CLASSIFIER,RECOVERY_TXN0035
AUD_20260901172421984517,TXN0036,FAILURE_CLASSIFIED,2026-09-01T17:24:21.984517+00:00,,,retry_now,,,Failure classified as network_timeout,v1.0,CLASSIFIER,RECOVERY_TXN0036
AUD_20260901172421984967,TXN0036,ACTION_PROPOSED,2026-09-01T17:24:21.984967+00:00,,,retry_now,,,Proposed recovery action: retry_now,v1.0,CLASSIFIER,RECOVERY_TXN0036
AUD_20260901172421985473,TXN0037,FAILURE_CLASSIFIED,2026-09-01T17:24:21.985473+00:00,,,retry_later,,,Failure classified as insufficient_funds,v1.0,CLASSIFIER,RECOVERY_TXN0037
AUD_20260901172421985890,TXN0037,ACTION_PROPOSED,2026-09-01T17:24:21.985890+00:00,,,retry_later,,,Proposed recovery action: retry_later,v1.0,CLASSIFIER,RECOVERY_TXN0037
AUD_20260901172421986386,TXN0038,FAILURE_CLASSIFIED,2026-09-01T17:24:21.986386+00:00,,,retry_now,,,Failure classified as network_timeout,v1.0,CLASSIFIER,RECOVERY_TXN0038
AUD_20260901172421986794,TXN0038,ACTION_PROPOSED,2026-09-01T17:24:21.986794+00:00,,,retry_now,,,Proposed recovery action: retry_now,v1.0,CLASSIFIER,RECOVERY_TXN0038
AUD_20260901172421987357,TXN0039,FAILURE_CLASSIFIED,2026-09-01T17:24:21.987357+00:00,,,manual_review,,,Failure classified as fraud_blocked,v1.0,CLASSIFIER,RECOVERY_TXN0039
AUD_20260901172421987878,TXN0039,ACTION_PROPOSED,2026-09-01T17:24:21.987878+00:00,,,manual_review,,,Proposed recovery action: manual_review,v1.0,CLASSIFIER,RECOVERY_TXN0039
AUD_20260901172421988926,TXN0040,FAILURE_CLASSIFIED,2026-09-01T17:24:21.988926+00:00,,,send_nudge,,,Failure classified as card_expired,v1.0,CLASSIFIER,RECOVERY_TXN0040
AUD_20260901172421989580,TXN0040,ACTION_PROPOSED,2026-09-01T17:24:21.989580+00:00,,,send_nudge,,,Proposed recovery action: send_nudge,v1.0,CLASSIFIER,RECOVERY_TXN0040
AUD_20260901172421990695,TXN0041,FAILURE_CLASSIFIED,2026-09-01T17:24:21.990695+00:00,,,retry_later,,,Failure classified as insufficient_funds,v1.0,CLASSIFIER,RECOVERY_TXN0041
AUD_20260901172421991432,TXN0041,ACTION_PROPOSED,2026-09-01T17:24:21.991432+00:00,,,retry_later,,,Proposed recovery action: retry_later,v1.0,CLASSIFIER,RECOVERY_TXN0041
AUD_20260901172421992239,TXN0042,FAILURE_CLASSIFIED,2026-09-01T17:24:21.992239+00:00,,,retry_later,,,Failure classified as insufficient_funds,v1.0,CLASSIFIER,RECOVERY_TXN0042
AUD_20260901172421992894,TXN0042,ACTION_PROPOSED,2026-09-01T17:24:21.992894+00:00,,,retry_later,,,Proposed recovery action: retry_later,v1.0,CLASSIFIER,RECOVERY_TXN0042
AUD_20260901172421993508,TXN0043,FAILURE_CLASSIFIED,2026-09-01T17:24:21.993508+00:00,,,retry_later,,,Failure classified as insufficient_funds,v1.0,CLASSIFIER,RECOVERY_TXN0043
AUD_20260901172421993989,TXN0043,ACTION_PROPOSED,2026-09-01T17:24:21.993989+00:00,,,retry_later,,,Proposed recovery action: retry_later,v1.0,CLASSIFIER,RECOVERY_TXN0043
AUD_20260901172421994555,TXN0044,FAILURE_CLASSIFIED,2026-09-01T17:24:21.994555+00:00,,,retry_later,,,Failure classified as insufficient_funds,v1.0,CLASSIFIER,RECOVERY_TXN0044
AUD_20260901172421995049,TXN0044,ACTION_PROPOSED,2026-09-01T17:24:21.995049+00:00,,,retry_later,,,Proposed recovery action: retry_later,v1.0,CLASSIFIER,RECOVERY_TXN0044
AUD_20260901172421995640,TXN0045,FAILURE_CLASSIFIED,2026-09-01T17:24:21.995640+00:00,,,retry_later,,,Failure classified as insufficient_funds,v1.0,CLASSIFIER,RECOVERY_TXN0045
AUD_20260901172421996179,TXN0045,ACTION_PROPOSED,2026-09-01T17:24:21.996179+00:00,,,retry_later,,,Proposed recovery action: retry_later,v1.0,CLASSIFIER,RECOVERY_TXN0045
AUD_20260901172421997186,TXN0046,FAILURE_CLASSIFIED,2026-09-01T17:24:21.997186+00:00,,,retry_later,,,Failure classified as insufficient_funds,v1.0,CLASSIFIER,RECOVERY_TXN0046
AUD_20260901172421997789,TXN0046,ACTION_PROPOSED,2026-09-01T17:24:21.997789+00:00,,,retry_later,,,Proposed recovery action: retry_later,v1.0,CLASSIFIER,RECOVERY_TXN0046
AUD_20260901172421998403,TXN0047,FAILURE_CLASSIFIED,2026-09-01T17:24:21.998403+00:00,,,retry_later,,,Failure classified as insufficient_funds,v1.0,CLASSIFIER,RECOVERY_TXN0047
AUD_20260901172421998814,TXN0047,ACTION_PROPOSED,2026-09-01T17:24:21.998814+00:00,,,retry_later,,,Proposed recovery action: retry_later,v1.0,CLASSIFIER,RECOVERY_TXN0047
AUD_20260901172421999332,TXN0048,FAILURE_CLASSIFIED,2026-09-01T17:24:21.999332+00:00,,,send_nudge,,,Failure classified as invalid_card,v1.0,CLASSIFIER,RECOVERY_TXN0048
AUD_20260901172421999756,TXN0048,ACTION_PROPOSED,2026-09-01T17:24:21.999756+00:00,,,send_nudge,,,Proposed recovery action: send_nudge,v1.0,CLASSIFIER,RECOVERY_TXN0048
AUD_20260901172422000251,TXN0049,FAILURE_CLASSIFIED,2026-09-01T17:24:22.000251+00:00,,,send_nudge,,,Failure classified as card_expired,v1.0,CLASSIFIER,RECOVERY_TXN0049
AUD_20260901172422000692,TXN0049,ACTION_PROPOSED,2026-09-01T17:24:22.000692+00:00,,,send_nudge,,,Proposed recovery action: send_nudge,v1.0,CLASSIFIER,RECOVERY_TXN0049
AUD_20260901172422001208,TXN0050,FAILURE_CLASSIFIED,2026-09-01T17:24:22.001208+00:00,,,retry_later,,,Failure classified as insufficient_funds,v1.0,CLASSIFIER,RECOVERY_TXN0050
AUD_20260901172422001613,TXN0050,ACTION_PROPOSED,2026-09-01T17:24:22.001613+00:00,,,retry_later,,,Proposed recovery action: retry_later,v1.0,CLASSIFIER,RECOVERY_TXN0050
AUD_20260901172422002160,TXN0051,FAILURE_CLASSIFIED,2026-09-01T17:24:22.002160+00:00,,,retry_now,,,Failure classified as network_timeout,v1.0,CLASSIFIER,RECOVERY_TXN0051
AUD_20260901172422002655,TXN0051,ACTION_PROPOSED,2026-09-01T17:24:22.002655+00:00,,,retry_now,,,Proposed recovery action: retry_now,v1.0,CLASSIFIER,RECOVERY_TXN0051
AUD_20260901172422003355,TXN0052,FAILURE_CLASSIFIED,2026-09-01T17:24:22.003355+00:00,,,send_nudge,,,Failure classified as invalid_card,v1.0,CLASSIFIER,RECOVERY_TXN0052
AUD_20260901172422003968,TXN0052,ACTION_PROPOSED,2026-09-01T17:24:22.003968+00:00,,,send_nudge,,,Proposed recovery action: send_nudge,v1.0,CLASSIFIER,RECOVERY_TXN0052
AUD_20260901172422004719,TXN0053,FAILURE_CLASSIFIED,2026-09-01T17:24:22.004719+00:00,,,retry_now,,,Failure classified as network_timeout,v1.0,CLASSIFIER,RECOVERY_TXN0053
AUD_20260901172422006471,TXN0053,ACTION_PROPOSED,2026-09-01T17:24:22.006471+00:00,,,retry_now,,,Proposed recovery action: retry_now,v1.0,CLASSIFIER,RECOVERY_TXN0053
AUD_20260901172422007371,TXN0054,FAILURE_CLASSIFIED,2026-09-01T17:24:22.007371+00:00,,,send_nudge,,,Failure classified as invalid_card,v1.0,CLASSIFIER,RECOVERY_TXN0054
AUD_20260901172422008160,TXN0054,ACTION_PROPOSED,2026-09-01T17:24:22.008160+00:00,,,send_nudge,,,Proposed recovery action: send_nudge,v1.0,CLASSIFIER,RECOVERY_TXN0054
AUD_20260901172422009122,TXN0055,FAILURE_CLASSIFIED,2026-09-01T17:24:22.009122+00:00,,,send_nudge,,,Failure classified as invalid_card,v1.0,CLASSIFIER,RECOVERY_TXN0055
AUD_20260901172422009811,TXN0055,ACTION_PROPOSED,2026-09-01T17:24:22.009811+00:00,,,send_nudge,,,Proposed recovery action: send_nudge,v1.0,CLASSIFIER,RECOVERY_TXN0055
AUD_20260901172422010660,TXN0056,FAILURE_CLASSIFIED,2026-09-01T17:24:22.010660+00:00,,,send_nudge,,,Failure classified as invalid_card,v1.0,CLASSIFIER,RECOVERY_TXN0056
AUD_20260901172422011206,TXN0056,ACTION_PROPOSED,2026-09-01T17:24:22.011206+00:00,,,send_nudge,,,Proposed recovery action: send_nudge,v1.0,CLASSIFIER,RECOVERY_TXN0056
AUD_20260901172422011872,TXN0057,FAILURE_CLASSIFIED,2026-09-01T17:24:22.011872+00:00,,,send_nudge,,,Failure classified as card_expired,v1.0,CLASSIFIER,RECOVERY_TXN0057
AUD_20260901172422012330,TXN0057,ACTION_PROPOSED,2026-09-01T17:24:22.012330+00:00,,,send_nudge,,,Proposed recovery action: send_nudge,v1.0,CLASSIFIER,RECOVERY_TXN0057
AUD_20260901172422012908,TXN0058,FAILURE_CLASSIFIED,2026-09-01T17:24:22.012908+00:00,,,retry_now,,,Failure classified as network_timeout,v1.0,CLASSIFIER,RECOVERY_TXN0058
AUD_20260901172422013381,TXN0058,ACTION_PROPOSED,2026-09-01T17:24:22.013381+00:00,,,retry_now,,,Proposed recovery action: retry_now,v1.0,CLASSIFIER,RECOVERY_TXN0058
AUD_20260901172422013946,TXN0059,FAILURE_CLASSIFIED,2026-09-01T17:24:22.013946+00:00,,,retry_now,,,Failure classified as network_timeout,v1.0,CLASSIFIER,RECOVERY_TXN0059
AUD_20260901172422014440,TXN0059,ACTION_PROPOSED,2026-09-01T17:24:22.014440+00:00,,,retry_now,,,Proposed recovery action: retry_now,v1.0,CLASSIFIER,RECOVERY_TXN0059
AUD_20260901172422015151,TXN0060,FAILURE_CLASSIFIED,2026-09-01T17:24:22.015151+00:00,,,retry_now,,,Failure classified as network_timeout,v1.0,CLASSIFIER,RECOVERY_TXN0060
AUD_20260901172422015689,TXN0060,ACTION_PROPOSED,2026-09-01T17:24:22.015689+00:00,,,retry_now,,,Proposed recovery action: retry_now,v1.0,CLASSIFIER,RECOVERY_TXN0060
AUD_20260901172422016356,TXN0061,FAILURE_CLASSIFIED,2026-09-01T17:24:22.016356+00:00,,,send_nudge,,,Failure classified as invalid_card,v1.0,CLASSIFIER,RECOVERY_TXN0061
AUD_20260901172422016855,TXN0061,ACTION_PROPOSED,2026-09-01T17:24:22.016855+00:00,,,send_nudge,,,Proposed recovery action: send_nudge,v1.0,CLASSIFIER,RECOVERY_TXN0061
AUD_20260901172422017470,TXN0062,FAILURE_CLASSIFIED,2026-09-01T17:24:22.017470+00:00,,,retry_later,,,Failure classified as insufficient_funds,v1.0,CLASSIFIER,RECOVERY_TXN0062
AUD_20260901172422018050,TXN0062,ACTION_PROPOSED,2026-09-01T17:24:22.018050+00:00,,,retry_later,,,Proposed recovery action: retry_later,v1.0,CLASSIFIER,RECOVERY_TXN0062
AUD_20260901172422018754,TXN0063,FAILURE_CLASSIFIED,2026-09-01T17:24:22.018754+00:00,,,send_nudge,,,Failure classified as invalid_card,v1.0,CLASSIFIER,RECOVERY_TXN0063
AUD_20260901172422019377,TXN0063,ACTION_PROPOSED,2026-09-01T17:24:22.019377+00:00,,,send_nudge,,,Proposed recovery action: send_nudge,v1.0,CLASSIFIER,RECOVERY_TXN0063
AUD_20260901172422020215,TXN0064,FAILURE_CLASSIFIED,2026-09-01T17:24:22.020215+00:00,,,retry_later,,,Failure classified as insufficient_funds,v1.0,CLASSIFIER,RECOVERY_TXN0064
AUD_20260901172422020733,TXN0064,ACTION_PROPOSED,2026-09-01T17:24:22.020733+00:00,,,retry_later,,,Proposed recovery action: retry_later,v1.0,CLASSIFIER,RECOVERY_TXN0064
AUD_20260901172422021295,TXN0065,FAILURE_CLASSIFIED,2026-09-01T17:24:22.021295+00:00,,,send_nudge,,,Failure classified as invalid_card,v1.0,CLASSIFIER,RECOVERY_TXN0065
AUD_20260901172422021902,TXN0065,ACTION_PROPOSED,2026-09-01T17:24:22.021902+00:00,,,send_nudge,,,Proposed recovery action: send_nudge,v1.0,CLASSIFIER,RECOVERY_TXN0065
AUD_20260901172422022870,TXN0066,FAILURE_CLASSIFIED,2026-09-01T17:24:22.022870+00:00,,,retry_now,,,Failure classified as network_timeout,v1.0,CLASSIFIER,RECOVERY_TXN0066
AUD_20260901172422023491,TXN0066,ACTION_PROPOSED,2026-09-01T17:24:22.023491+00:00,,,retry_now,,,Proposed recovery action: retry_now,v1.0,CLASSIFIER,RECOVERY_TXN0066
AUD_20260901172422024232,TXN0067,FAILURE_CLASSIFIED,2026-09-01T17:24:22.024232+00:00,,,send_nudge,,,Failure classified as invalid_card,v1.0,CLASSIFIER,RECOVERY_TXN0067
AUD_20260901172422024774,TXN0067,ACTION_PROPOSED,2026-09-01T17:24:22.024774+00:00,,,send_nudge,,,Proposed recovery action: send_nudge,v1.0,CLASSIFIER,RECOVERY_TXN0067
AUD_20260901172422025384,TXN0068,FAILURE_CLASSIFIED,2026-09-01T17:24:22.025384+00:00,,,send_nudge,,,Failure classified as invalid_card,v1.0,CLASSIFIER,RECOVERY_TXN0068
AUD_20260901172422025833,TXN0068,ACTION_PROPOSED,2026-09-01T17:24:22.025833+00:00,,,send_nudge,,,Proposed recovery action: send_nudge,v1.0,CLASSIFIER,RECOVERY_TXN0068
AUD_20260901172422026386,TXN0069,FAILURE_CLASSIFIED,2026-09-01T17:24:22.026386+00:00,,,retry_now,,,Failure classified as network_timeout,v1.0,CLASSIFIER,RECOVERY_TXN0069
AUD_20260901172422026804,TXN0069,ACTION_PROPOSED,2026-09-01T17:24:22.026804+00:00,,,retry_now,,,Proposed recovery action: retry_now,v1.0,CLASSIFIER,RECOVERY_TXN0069
AUD_20260901172422027342,TXN0070,FAILURE_CLASSIFIED,2026-09-01T17:24:22.027342+00:00,,,send_nudge,,,Failure classified as invalid_card,v1.0,CLASSIFIER,RECOVERY_TXN0070
AUD_20260901172422027790,TXN0070,ACTION_PROPOSED,2026-09-01T17:24:22.027790+00:00,,,send_nudge,,,Proposed recovery action: send_nudge,v1.0,CLASSIFIER,RECOVERY_TXN0070
AUD_20260901172422028392,TXN0071,FAILURE_CLASSIFIED,2026-09-01T17:24:22.028392+00:00,,,retry_now,,,Failure classified as network_timeout,v1.0,CLASSIFIER,RECOVERY_TXN0071
AUD_20260901172422029095,TXN0071,ACTION_PROPOSED,2026-09-01T17:24:22.029095+00:00,,,retry_now,,,Proposed recovery action: retry_now,v1.0,CLASSIFIER,RECOVERY_TXN0071
AUD_20260901172422029736,TXN0072,FAILURE_CLASSIFIED,2026-09-01T17:24:22.029736+00:00,,,manual_review,,,Failure classified as fraud_blocked,v1.0,CLASSIFIER,RECOVERY_TXN0072
AUD_20260901172422030225,TXN0072,ACTION_PROPOSED,2026-09-01T17:24:22.030225+00:00,,,manual_review,,,Proposed recovery action: manual_review,v1.0,CLASSIFIER,RECOVERY_TXN0072
AUD_20260901172422030868,TXN0073,FAILURE_CLASSIFIED,2026-09-01T17:24:22.030868+00:00,,,retry_later,,,Failure classified as insufficient_funds,v1.0,CLASSIFIER,RECOVERY_TXN0073
AUD_20260901172422031343,TXN0073,ACTION_PROPOSED,2026-09-01T17:24:22.031343+00:00,,,retry_later,,,Proposed recovery action: retry_later,v1.0,CLASSIFIER,RECOVERY_TXN0073
AUD_20260901172422031940,TXN0074,FAILURE_CLASSIFIED,2026-09-01T17:24:22.031940+00:00,,,retry_later,,,Failure classified as insufficient_funds,v1.0,CLASSIFIER,RECOVERY_TXN0074
AUD_20260901172422032422,TXN0074,ACTION_PROPOSED,2026-09-01T17:24:22.032422+00:00,,,retry_later,,,Proposed recovery action: retry_later,v1.0,CLASSIFIER,RECOVERY_TXN0074
AUD_20260901172422033037,TXN0075,FAILURE_CLASSIFIED,2026-09-01T17:24:22.033037+00:00,,,retry_later,,,Failure classified as insufficient_funds,v1.0,CLASSIFIER,RECOVERY_TXN0075
AUD_20260901172422033820,TXN0075,ACTION_PROPOSED,2026-09-01T17:24:22.033820+00:00,,,retry_later,,,Proposed recovery action: retry_later,v1.0,CLASSIFIER,RECOVERY_TXN0075
AUD_20260901172422035098,TXN0076,FAILURE_CLASSIFIED,2026-09-01T17:24:22.035098+00:00,,,retry_later,,,Failure classified as insufficient_funds,v1.0,CLASSIFIER,RECOVERY_TXN0076
AUD_20260901172422036276,TXN0076,ACTION_PROPOSED,2026-09-01T17:24:22.036276+00:00,,,retry_later,,,Proposed recovery action: retry_later,v1.0,CLASSIFIER,RECOVERY_TXN0076
AUD_20260901172422037729,TXN0077,FAILURE_CLASSIFIED,2026-09-01T17:24:22.037729+00:00,,,retry_now,,,Failure classified as network_timeout,v1.0,CLASSIFIER,RECOVERY_TXN0077
AUD_20260901172422039290,TXN0077,ACTION_PROPOSED,2026-09-01T17:24:22.039290+00:00,,,retry_now,,,Proposed recovery action: retry_now,v1.0,CLASSIFIER,RECOVERY_TXN0077
AUD_20260901172422040478,TXN0078,FAILURE_CLASSIFIED,2026-09-01T17:24:22.040478+00:00,,,retry_later,,,Failure classified as insufficient_funds,v1.0,CLASSIFIER,RECOVERY_TXN0078
AUD_20260901172422041354,TXN0078,ACTION_PROPOSED,2026-09-01T17:24:22.041354+00:00,,,retry_later,,,Proposed recovery action: retry_later,v1.0,CLASSIFIER,RECOVERY_TXN0078
AUD_20260901172422042113,TXN0079,FAILURE_CLASSIFIED,2026-09-01T17:24:22.042113+00:00,,,retry_now,,,Failure classified as network_timeout,v1.0,CLASSIFIER,RECOVERY_TXN0079
AUD_20260901172422042706,TXN0079,ACTION_PROPOSED,2026-09-01T17:24:22.042706+00:00,,,retry_now,,,Proposed recovery action: retry_now,v1.0,CLASSIFIER,RECOVERY_TXN0079
AUD_20260901172422043364,TXN0080,FAILURE_CLASSIFIED,2026-09-01T17:24:22.043364+00:00,,,send_nudge,,,Failure classified as invalid_card,v1.0,CLASSIFIER,RECOVERY_TXN0080
AUD_20260901172422043854,TXN0080,ACTION_PROPOSED,2026-09-01T17:24:22.043854+00:00,,,send_nudge,,,Proposed recovery action: send_nudge,v1.0,CLASSIFIER,RECOVERY_TXN0080
AUD_20260901172422044382,TXN0081,FAILURE_CLASSIFIED,2026-09-01T17:24:22.044382+00:00,,,send_nudge,,,Failure classified as invalid_card,v1.0,CLASSIFIER,RECOVERY_TXN0081
AUD_20260901172422044807,TXN0081,ACTION_PROPOSED,2026-09-01T17:24:22.044807+00:00,,,send_nudge,,,Proposed recovery action: send_nudge,v1.0,CLASSIFIER,RECOVERY_TXN0081
AUD_20260901172422045299,TXN0082,FAILURE_CLASSIFIED,2026-09-01T17:24:22.045299+00:00,,,retry_later,,,Failure classified as insufficient_funds,v1.0,CLASSIFIER,RECOVERY_TXN0082
AUD_20260901172422045712,TXN0082,ACTION_PROPOSED,2026-09-01T17:24:22.045712+00:00,,,retry_later,,,Proposed recovery action: retry_later,v1.0,CLASSIFIER,RECOVERY_TXN0082
AUD_20260901172422046209,TXN0083,FAILURE_CLASSIFIED,2026-09-01T17:24:22.046209+00:00,,,retry_later,,,Failure classified as insufficient_funds,v1.0,CLASSIFIER,RECOVERY_TXN0083
AUD_20260901172422046681,TXN0083,ACTION_PROPOSED,2026-09-01T17:24:22.046681+00:00,,,retry_later,,,Proposed recovery action: retry_later,v1.0,CLASSIFIER,RECOVERY_TXN0083
AUD_20260901172422047318,TXN0084,FAILURE_CLASSIFIED,2026-09-01T17:24:22.047318+00:00,,,retry_now,,,Failure classified as network_timeout,v1.0,CLASSIFIER,RECOVERY_TXN0084
AUD_20260901172422047814,TXN0084,ACTION_PROPOSED,2026-09-01T17:24:22.047814+00:00,,,retry_now,,,Proposed recovery action: retry_now,v1.0,CLASSIFIER,RECOVERY_TXN0084
AUD_20260901172422048357,TXN0085,FAILURE_CLASSIFIED,2026-09-01T17:24:22.048357+00:00,,,send_nudge,,,Failure classified as invalid_card,v1.0,CLASSIFIER,RECOVERY_TXN0085
AUD_20260901172422048782,TXN0085,ACTION_PROPOSED,2026-09-01T17:24:22.048782+00:00,,,send_nudge,,,Proposed recovery action: send_nudge,v1.0,CLASSIFIER,RECOVERY_TXN0085
AUD_20260901172422049287,TXN0086,FAILURE_CLASSIFIED,2026-09-01T17:24:22.049287+00:00,,,manual_review,,,Failure classified as fraud_blocked,v1.0,CLASSIFIER,RECOVERY_TXN0086
AUD_20260901172422049710,TXN0086,ACTION_PROPOSED,2026-09-01T17:24:22.049710+00:00,,,manual_review,,,Proposed recovery action: manual_review,v1.0,CLASSIFIER,RECOVERY_TXN0086
AUD_20260901172422050362,TXN0087,FAILURE_CLASSIFIED,2026-09-01T17:24:22.050362+00:00,,,send_nudge,,,Failure classified as invalid_card,v1.0,CLASSIFIER,RECOVERY_TXN0087
AUD_20260901172422050916,TXN0087,ACTION_PROPOSED,2026-09-01T17:24:22.050916+00:00,,,send_nudge,,,Proposed recovery action: send_nudge,v1.0,CLASSIFIER,RECOVERY_TXN0087
AUD_20260901172422051561,TXN0088,FAILURE_CLASSIFIED,2026-09-01T17:24:22.051561+00:00,,,send_nudge,,,Failure classified as invalid_card,v1.0,CLASSIFIER,RECOVERY_TXN0088
AUD_20260901172422052066,TXN0088,ACTION_PROPOSED,2026-09-01T17:24:22.052066+00:00,,,send_nudge,,,Proposed recovery action: send_nudge,v1.0,CLASSIFIER,RECOVERY_TXN0088
AUD_20260901172422052682,TXN0089,FAILURE_CLASSIFIED,2026-09-01T17:24:22.052682+00:00,,,send_nudge,,,Failure classified as card_expired,v1.0,CLASSIFIER,RECOVERY_TXN0089
AUD_20260901172422053131,TXN0089,ACTION_PROPOSED,2026-09-01T17:24:22.053131+00:00,,,send_nudge,,,Proposed recovery action: send_nudge,v1.0,CLASSIFIER,RECOVERY_TXN0089
AUD_20260901172422053664,TXN0090,FAILURE_CLASSIFIED,2026-09-01T17:24:22.053664+00:00,,,retry_later,,,Failure classified as insufficient_funds,v1.0,CLASSIFIER,RECOVERY_TXN0090
AUD_20260901172422054102,TXN0090,ACTION_PROPOSED,2026-09-01T17:24:22.054102+00:00,,,retry_later,,,Proposed recovery action: retry_later,v1.0,CLASSIFIER,RECOVERY_TXN0090
AUD_20260901172422054616,TXN0091,FAILURE_CLASSIFIED,2026-09-01T17:24:22.054616+00:00,,,manual_review,,,Failure classified as fraud_blocked,v1.0,CLASSIFIER,RECOVERY_TXN0091
AUD_20260901172422055088,TXN0091,ACTION_PROPOSED,2026-09-01T17:24:22.055088+00:00,,,manual_review,,,Proposed recovery action: manual_review,v1.0,CLASSIFIER,RECOVERY_TXN0091
AUD_20260901172422055745,TXN0092,FAILURE_CLASSIFIED,2026-09-01T17:24:22.055745+00:00,,,retry_later,,,Failure classified as insufficient_funds,v1.0,CLASSIFIER,RECOVERY_TXN0092
AUD_20260901172422056375,TXN0092,ACTION_PROPOSED,2026-09-01T17:24:22.056375+00:00,,,retry_later,,,Proposed recovery action: retry_later,v1.0,CLASSIFIER,RECOVERY_TXN0092
AUD_20260901172422057010,TXN0093,FAILURE_CLASSIFIED,2026-09-01T17:24:22.057010+00:00,,,retry_later,,,Failure classified as insufficient_funds,v1.0,CLASSIFIER,RECOVERY_TXN0093
AUD_20260901172422057418,TXN0093,ACTION_PROPOSED,2026-09-01T17:24:22.057418+00:00,,,retry_later,,,Proposed recovery action: retry_later,v1.0,CLASSIFIER,RECOVERY_TXN0093
AUD_20260901172422057923,TXN0094,FAILURE_CLASSIFIED,2026-09-01T17:24:22.057923+00:00,,,send_nudge,,,Failure classified as invalid_card,v1.0,CLASSIFIER,RECOVERY_TXN0094
AUD_20260901172422058325,TXN0094,ACTION_PROPOSED,2026-09-01T17:24:22.058325+00:00,,,send_nudge,,,Proposed recovery action: send_nudge,v1.0,CLASSIFIER,RECOVERY_TXN0094
AUD_20260901172422058830,TXN0095,FAILURE_CLASSIFIED,2026-09-01T17:24:22.058830+00:00,,,send_nudge,,,Failure classified as invalid_card,v1.0,CLASSIFIER,RECOVERY_TXN0095
AUD_20260901172422059241,TXN0095,ACTION_PROPOSED,2026-09-01T17:24:22.059241+00:00,,,send_nudge,,,Proposed recovery action: send_nudge,v1.0,CLASSIFIER,RECOVERY_TXN0095
AUD_20260901172422059770,TXN0096,FAILURE_CLASSIFIED,2026-09-01T17:24:22.059770+00:00,,,retry_now,,,Failure classified as network_timeout,v1.0,CLASSIFIER,RECOVERY_TXN0096
AUD_20260901172422060228,TXN0096,ACTION_PROPOSED,2026-09-01T17:24:22.060228+00:00,,,retry_now,,,Proposed recovery action: retry_now,v1.0,CLASSIFIER,RECOVERY_TXN0096
AUD_20260901172422060836,TXN0097,FAILURE_CLASSIFIED,2026-09-01T17:24:22.060836+00:00,,,send_nudge,,,Failure classified as invalid_card,v1.0,CLASSIFIER,RECOVERY_TXN0097
AUD_20260901172422061362,TXN0097,ACTION_PROPOSED,2026-09-01T17:24:22.061362+00:00,,,send_nudge,,,Proposed recovery action: send_nudge,v1.0,CLASSIFIER,RECOVERY_TXN0097
AUD_20260901172422061996,TXN0098,FAILURE_CLASSIFIED,2026-09-01T17:24:22.061996+00:00,,,retry_later,,,Failure classified as insufficient_funds,v1.0,CLASSIFIER,RECOVERY_TXN0098
AUD_20260901172422062428,TXN0098,ACTION_PROPOSED,2026-09-01T17:24:22.062428+00:00,,,retry_later,,,Proposed recovery action: retry_later,v1.0,CLASSIFIER,RECOVERY_TXN0098
AUD_20260901172422062952,TXN0099,FAILURE_CLASSIFIED,2026-09-01T17:24:22.062952+00:00,,,retry_now,,,Failure classified as network_timeout,v1.0,CLASSIFIER,RECOVERY_TXN0099
AUD_20260901172422063364,TXN0099,ACTION_PROPOSED,2026-09-01T17:24:22.063364+00:00,,,retry_now,,,Proposed recovery action: retry_now,v1.0,CLASSIFIER,RECOVERY_TXN0099
AUD_20260901172422063904,TXN0100,FAILURE_CLASSIFIED,2026-09-01T17:24:22.063904+00:00,,,retry_later,,,Failure classified as insufficient_funds,v1.0,CLASSIFIER,RECOVERY_TXN0100
AUD_20260901172422064339,TXN0100,ACTION_PROPOSED,2026-09-01T17:24:22.064339+00:00,,,retry_later,,,Proposed recovery action: retry_later,v1.0,CLASSIFIER,RECOVERY_TXN0100
AUD_20260901172422064867,TXN0101,FAILURE_CLASSIFIED,2026-09-01T17:24:22.064867+00:00,,,send_nudge,,,Failure classified as card_expired,v1.0,CLASSIFIER,RECOVERY_TXN0101
AUD_20260901172422065378,TXN0101,ACTION_PROPOSED,2026-09-01T17:24:22.065378+00:00,,,send_nudge,,,Proposed recovery action: send_nudge,v1.0,CLASSIFIER,RECOVERY_TXN0101
AUD_20260901172422066269,TXN0102,FAILURE_CLASSIFIED,2026-09-01T17:24:22.066269+00:00,,,send_nudge,,,Failure classified as card_expired,v1.0,CLASSIFIER,RECOVERY_TXN0102
AUD_20260901172422066838,TXN0102,ACTION_PROPOSED,2026-09-01T17:24:22.066838+00:00,,,send_nudge,,,Proposed recovery action: send_nudge,v1.0,CLASSIFIER,RECOVERY_TXN0102
AUD_20260901172422067411,TXN0103,FAILURE_CLASSIFIED,2026-09-01T17:24:22.067411+00:00,,,retry_later,,,Failure classified as insufficient_funds,v1.0,CLASSIFIER,RECOVERY_TXN0103
AUD_20260901172422067850,TXN0103,ACTION_PROPOSED,2026-09-01T17:24:22.067850+00:00,,,retry_later,,,Proposed recovery action: retry_later,v1.0,CLASSIFIER,RECOVERY_TXN0103
AUD_20260901172422068379,TXN0104,FAILURE_CLASSIFIED,2026-09-01T17:24:22.068379+00:00,,,send_nudge,,,Failure classified as invalid_card,v1.0,CLASSIFIER,RECOVERY_TXN0104
AUD_20260901172422068842,TXN0104,ACTION_PROPOSED,2026-09-01T17:24:22.068842+00:00,,,send_nudge,,,Proposed recovery action: send_nudge,v1.0,CLASSIFIER,RECOVERY_TXN0104
AUD_20260901172422069356,TXN0105,FAILURE_CLASSIFIED,2026-09-01T17:24:22.069356+00:00,,,send_nudge,,,Failure classified as invalid_card,v1.0,CLASSIFIER,RECOVERY_TXN0105
AUD_20260901172422069826,TXN0105,ACTION_PROPOSED,2026-09-01T17:24:22.069826+00:00,,,send_nudge,,,Proposed recovery action: send_nudge,v1.0,CLASSIFIER,RECOVERY_TXN0105
AUD_20260901172422070344,TXN0106,FAILURE_CLASSIFIED,2026-09-01T17:24:22.070344+00:00,,,retry_now,,,Failure classified as network_timeout,v1.0,CLASSIFIER,RECOVERY_TXN0106
AUD_20260901172422070784,TXN0106,ACTION_PROPOSED,2026-09-01T17:24:22.070784+00:00,,,retry_now,,,Proposed recovery action: retry_now,v1.0,CLASSIFIER,RECOVERY_TXN0106
AUD_20260901172422071337,TXN0107,FAILURE_CLASSIFIED,2026-09-01T17:24:22.071337+00:00,,,send_nudge,,,Failure classified as card_expired,v1.0,CLASSIFIER,RECOVERY_TXN0107
AUD_20260901172422071809,TXN0107,ACTION_PROPOSED,2026-09-01T17:24:22.071809+00:00,,,send_nudge,,,Proposed recovery action: send_nudge,v1.0,CLASSIFIER,RECOVERY_TXN0107
AUD_20260901172422072440,TXN0108,FAILURE_CLASSIFIED,2026-09-01T17:24:22.072440+00:00,,,retry_later,,,Failure classified as insufficient_funds,v1.0,CLASSIFIER,RECOVERY_TXN0108
AUD_20260901172422072935,TXN0108,ACTION_PROPOSED,2026-09-01T17:24:22.072935+00:00,,,retry_later,,,Proposed recovery action: retry_later,v1.0,CLASSIFIER,RECOVERY_TXN0108
AUD_20260901172422073530,TXN0109,FAILURE_CLASSIFIED,2026-09-01T17:24:22.073530+00:00,,,manual_review,,,Failure classified as fraud_blocked,v1.0,CLASSIFIER,RECOVERY_TXN0109
AUD_20260901172422073965,TXN0109,ACTION_PROPOSED,2026-09-01T17:24:22.073965+00:00,,,manual_review,,,Proposed recovery action: manual_review,v1.0,CLASSIFIER,RECOVERY_TXN0109
AUD_20260901172422074462,TXN0110,FAILURE_CLASSIFIED,2026-09-01T17:24:22.074462+00:00,,,retry_later,,,Failure classified as insufficient_funds,v1.0,CLASSIFIER,RECOVERY_TXN0110
AUD_20260901172422074888,TXN0110,ACTION_PROPOSED,2026-09-01T17:24:22.074888+00:00,,,retry_later,,,Proposed recovery action: retry_later,v1.0,CLASSIFIER,RECOVERY_TXN0110
AUD_20260901172422075402,TXN0111,FAILURE_CLASSIFIED,2026-09-01T17:24:22.075402+00:00,,,send_nudge,,,Failure classified as card_expired,v1.0,CLASSIFIER,RECOVERY_TXN0111
AUD_20260901172422075842,TXN0111,ACTION_PROPOSED,2026-09-01T17:24:22.075842+00:00,,,send_nudge,,,Proposed recovery action: send_nudge,v1.0,CLASSIFIER,RECOVERY_TXN0111
AUD_20260901172422076332,TXN0112,FAILURE_CLASSIFIED,2026-09-01T17:24:22.076332+00:00,,,send_nudge,,,Failure classified as card_expired,v1.0,CLASSIFIER,RECOVERY_TXN0112
AUD_20260901172422076739,TXN0112,ACTION_PROPOSED,2026-09-01T17:24:22.076739+00:00,,,send_nudge,,,Proposed recovery action: send_nudge,v1.0,CLASSIFIER,RECOVERY_TXN0112
AUD_20260901172422077229,TXN0113,FAILURE_CLASSIFIED,2026-09-01T17:24:22.077229+00:00,,,retry_later,,,Failure classified as insufficient_funds,v1.0,CLASSIFIER,RECOVERY_TXN0113
AUD_20260901172422077633,TXN0113,ACTION_PROPOSED,2026-09-01T17:24:22.077633+00:00,,,retry_later,,,Proposed recovery action: retry_later,v1.0,CLASSIFIER,RECOVERY_TXN0113
AUD_20260901172422078124,TXN0114,FAILURE_CLASSIFIED,2026-09-01T17:24:22.078124+00:00,,,send_nudge,,,Failure classified as invalid_card,v1.0,CLASSIFIER,RECOVERY_TXN0114
AUD_20260901172422078545,TXN0114,ACTION_PROPOSED,2026-09-01T17:24:22.078545+00:00,,,send_nudge,,,Proposed recovery action: send_nudge,v1.0,CLASSIFIER,RECOVERY_TXN0114
AUD_20260901172422079047,TXN0115,FAILURE_CLASSIFIED,2026-09-01T17:24:22.079047+00:00,,,manual_review,,,Failure classified as fraud_blocked,v1.0,CLASSIFIER,RECOVERY_TXN0115
AUD_20260901172422079452,TXN0115,ACTION_PROPOSED,2026-09-01T17:24:22.079452+00:00,,,manual_review,,,Proposed recovery action: manual_review,v1.0,CLASSIFIER,RECOVERY_TXN0115
AUD_20260901172422079945,TXN0116,FAILURE_CLASSIFIED,2026-09-01T17:24:22.079945+00:00,,,retry_later,,,Failure classified as insufficient_funds,v1.0,CLASSIFIER,RECOVERY_TXN0116
AUD_20260901172422080343,TXN0116,ACTION_PROPOSED,2026-09-01T17:24:22.080343+00:00,,,retry_later,,,Proposed recovery action: retry_later,v1.0,CLASSIFIER,RECOVERY_TXN0116
AUD_20260901172422080837,TXN0117,FAILURE_CLASSIFIED,2026-09-01T17:24:22.080837+00:00,,,retry_now,,,Failure classified as network_timeout,v1.0,CLASSIFIER,RECOVERY_TXN0117
AUD_20260901172422081231,TXN0117,ACTION_PROPOSED,2026-09-01T17:24:22.081231+00:00,,,retry_now,,,Proposed recovery action: retry_now,v1.0,CLASSIFIER,RECOVERY_TXN0117
AUD_20260901172422081869,TXN0118,FAILURE_CLASSIFIED,2026-09-01T17:24:22.081869+00:00,,,send_nudge,,,Failure classified as invalid_card,v1.0,CLASSIFIER,RECOVERY_TXN0118
AUD_20260901172422082623,TXN0118,ACTION_PROPOSED,2026-09-01T17:24:22.082623+00:00,,,send_nudge,,,Proposed recovery action: send_nudge,v1.0,CLASSIFIER,RECOVERY_TXN0118
AUD_20260901172422083418,TXN0119,FAILURE_CLASSIFIED,2026-09-01T17:24:22.083418+00:00,,,send_nudge,,,Failure classified as invalid_card,v1.0,CLASSIFIER,RECOVERY_TXN0119
AUD_20260901172422084015,TXN0119,ACTION_PROPOSED,2026-09-01T17:24:22.084015+00:00,,,send_nudge,,,Proposed recovery action: send_nudge,v1.0,CLASSIFIER,RECOVERY_TXN0119
AUD_20260901172422084696,TXN0120,FAILURE_CLASSIFIED,2026-09-01T17:24:22.084696+00:00,,,retry_later,,,Failure classified as insufficient_funds,v1.0,CLASSIFIER,RECOVERY_TXN0120
AUD_20260901172422085266,TXN0120,ACTION_PROPOSED,2026-09-01T17:24:22.085266+00:00,,,retry_later,,,Proposed recovery action: retry_later,v1.0,CLASSIFIER,RECOVERY_TXN0120
AUD_20260901172422085950,TXN0121,FAILURE_CLASSIFIED,2026-09-01T17:24:22.085950+00:00,,,retry_later,,,Failure classified as insufficient_funds,v1.0,CLASSIFIER,RECOVERY_TXN0121
AUD_20260901172422086386,TXN0121,ACTION_PROPOSED,2026-09-01T17:24:22.086386+00:00,,,retry_later,,,Proposed recovery action: retry_later,v1.0,CLASSIFIER,RECOVERY_TXN0121
AUD_20260901172422086943,TXN0122,FAILURE_CLASSIFIED,2026-09-01T17:24:22.086943+00:00,,,retry_later,,,Failure classified as insufficient_funds,v1.0,CLASSIFIER,RECOVERY_TXN0122
AUD_20260901172422087373,TXN0122,ACTION_PROPOSED,2026-09-01T17:24:22.087373+00:00,,,retry_later,,,Proposed recovery action: retry_later,v1.0,CLASSIFIER,RECOVERY_TXN0122
AUD_20260901172422087874,TXN0123,FAILURE_CLASSIFIED,2026-09-01T17:24:22.087874+00:00,,,retry_later,,,Failure classified as insufficient_funds,v1.0,CLASSIFIER,RECOVERY_TXN0123
AUD_20260901172422088331,TXN0123,ACTION_PROPOSED,2026-09-01T17:24:22.088331+00:00,,,retry_later,,,Proposed recovery action: retry_later,v1.0,CLASSIFIER,RECOVERY_TXN0123
AUD_20260901172422088892,TXN0124,FAILURE_CLASSIFIED,2026-09-01T17:24:22.088892+00:00,,,retry_later,,,Failure classified as insufficient_funds,v1.0,CLASSIFIER,RECOVERY_TXN0124
AUD_20260901172422089291,TXN0124,ACTION_PROPOSED,2026-09-01T17:24:22.089291+00:00,,,retry_later,,,Proposed recovery action: retry_later,v1.0,CLASSIFIER,RECOVERY_TXN0124
AUD_20260901172422089794,TXN0125,FAILURE_CLASSIFIED,2026-09-01T17:24:22.089794+00:00,,,retry_now,,,Failure classified as network_timeout,v1.0,CLASSIFIER,RECOVERY_TXN0125
AUD_20260901172422090184,TXN0125,ACTION_PROPOSED,2026-09-01T17:24:22.090184+00:00,,,retry_now,,,Proposed recovery action: retry_now,v1.0,CLASSIFIER,RECOVERY_TXN0125
AUD_20260901172422090656,TXN0126,FAILURE_CLASSIFIED,2026-09-01T17:24:22.090656+00:00,,,send_nudge,,,Failure classified as invalid_card,v1.0,CLASSIFIER,RECOVERY_TXN0126
AUD_20260901172422091047,TXN0126,ACTION_PROPOSED,2026-09-01T17:24:22.091047+00:00,,,send_nudge,,,Proposed recovery action: send_nudge,v1.0,CLASSIFIER,RECOVERY_TXN0126
AUD_20260901172422091507,TXN0127,FAILURE_CLASSIFIED,2026-09-01T17:24:22.091507+00:00,,,retry_later,,,Failure classified as insufficient_funds,v1.0,CLASSIFIER,RECOVERY_TXN0127
AUD_20260901172422091914,TXN0127,ACTION_PROPOSED,2026-09-01T17:24:22.091914+00:00,,,retry_later,,,Proposed recovery action: retry_later,v1.0,CLASSIFIER,RECOVERY_TXN0127
AUD_20260901172422092400,TXN0128,FAILURE_CLASSIFIED,2026-09-01T17:24:22.092400+00:00,,,retry_later,,,Failure classified as insufficient_funds,v1.0,CLASSIFIER,RECOVERY_TXN0128
AUD_20260901172422092796,TXN0128,ACTION_PROPOSED,2026-09-01T17:24:22.092796+00:00,,,retry_later,,,Proposed recovery action: retry_later,v1.0,CLASSIFIER,RECOVERY_TXN0128
AUD_20260901172422093315,TXN0129,FAILURE_CLASSIFIED,2026-09-01T17:24:22.093315+00:00,,,send_nudge,,,Failure classified as invalid_card,v1.0,CLASSIFIER,RECOVERY_TXN0129
AUD_20260901172422093723,TXN0129,ACTION_PROPOSED,2026-09-01T17:24:22.093723+00:00,,,send_nudge,,,Proposed recovery action: send_nudge,v1.0,CLASSIFIER,RECOVERY_TXN0129
AUD_20260901172422094209,TXN0130,FAILURE_CLASSIFIED,2026-09-01T17:24:22.094209+00:00,,,send_nudge,,,Failure classified as invalid_card,v1.0,CLASSIFIER,RECOVERY_TXN0130
AUD_20260901172422094620,TXN0130,ACTION_PROPOSED,2026-09-01T17:24:22.094620+00:00,,,send_nudge,,,Proposed recovery action: send_nudge,v1.0,CLASSIFIER,RECOVERY_TXN0130
AUD_20260901172422095109,TXN0131,FAILURE_CLASSIFIED,2026-09-01T17:24:22.095109+00:00,,,retry_later,,,Failure classified as insufficient_funds,v1.0,CLASSIFIER,RECOVERY_TXN0131
AUD_20260901172422095505,TXN0131,ACTION_PROPOSED,2026-09-01T17:24:22.095505+00:00,,,retry_later,,,Proposed recovery action: retry_later,v1.0,CLASSIFIER,RECOVERY_TXN0131
AUD_20260901172422095990,TXN0132,FAILURE_CLASSIFIED,2026-09-01T17:24:22.095990+00:00,,,send_nudge,,,Failure classified as invalid_card,v1.0,CLASSIFIER,RECOVERY_TXN0132
AUD_20260901172422096459,TXN0132,ACTION_PROPOSED,2026-09-01T17:24:22.096459+00:00,,,send_nudge,,,Proposed recovery action: send_nudge,v1.0,CLASSIFIER,RECOVERY_TXN0132
AUD_20260901172422097125,TXN0133,FAILURE_CLASSIFIED,2026-09-01T17:24:22.097125+00:00,,,send_nudge,,,Failure classified as invalid_card,v1.0,CLASSIFIER,RECOVERY_TXN0133
AUD_20260901172422097890,TXN0133,ACTION_PROPOSED,2026-09-01T17:24:22.097890+00:00,,,send_nudge,,,Proposed recovery action: send_nudge,v1.0,CLASSIFIER,RECOVERY_TXN0133
AUD_20260901172422098686,TXN0134,FAILURE_CLASSIFIED,2026-09-01T17:24:22.098686+00:00,,,retry_now,,,Failure classified as network_timeout,v1.0,CLASSIFIER,RECOVERY_TXN0134
AUD_20260901172422099318,TXN0134,ACTION_PROPOSED,2026-09-01T17:24:22.099318+00:00,,,retry_now,,,Proposed recovery action: retry_now,v1.0,CLASSIFIER,RECOVERY_TXN0134
AUD_20260901172422099953,TXN0135,FAILURE_CLASSIFIED,2026-09-01T17:24:22.099953+00:00,,,retry_now,,,Failure classified as network_timeout,v1.0,CLASSIFIER,RECOVERY_TXN0135
AUD_20260901172422100420,TXN0135,ACTION_PROPOSED,2026-09-01T17:24:22.100420+00:00,,,retry_now,,,Proposed recovery action: retry_now,v1.0,CLASSIFIER,RECOVERY_TXN0135
AUD_20260901172422100996,TXN0136,FAILURE_CLASSIFIED,2026-09-01T17:24:22.100996+00:00,,,send_nudge,,,Failure classified as invalid_card,v1.0,CLASSIFIER,RECOVERY_TXN0136
AUD_20260901172422101464,TXN0136,ACTION_PROPOSED,2026-09-01T17:24:22.101464+00:00,,,send_nudge,,,Proposed recovery action: send_nudge,v1.0,CLASSIFIER,RECOVERY_TXN0136
AUD_20260901172422101995,TXN0137,FAILURE_CLASSIFIED,2026-09-01T17:24:22.101995+00:00,,,retry_later,,,Failure classified as insufficient_funds,v1.0,CLASSIFIER,RECOVERY_TXN0137
AUD_20260901172422102427,TXN0137,ACTION_PROPOSED,2026-09-01T17:24:22.102427+00:00,,,retry_later,,,Proposed recovery action: retry_later,v1.0,CLASSIFIER,RECOVERY_TXN0137
AUD_20260901172422102951,TXN0138,FAILURE_CLASSIFIED,2026-09-01T17:24:22.102951+00:00,,,send_nudge,,,Failure classified as invalid_card,v1.0,CLASSIFIER,RECOVERY_TXN0138
AUD_20260901172422103381,TXN0138,ACTION_PROPOSED,2026-09-01T17:24:22.103381+00:00,,,send_nudge,,,Proposed recovery action: send_nudge,v1.0,CLASSIFIER,RECOVERY_TXN0138
AUD_20260901172422103904,TXN0139,FAILURE_CLASSIFIED,2026-09-01T17:24:22.103904+00:00,,,send_nudge,,,Failure classified as card_expired,v1.0,CLASSIFIER,RECOVERY_TXN0139
AUD_20260901172422104357,TXN0139,ACTION_PROPOSED,2026-09-01T17:24:22.104357+00:00,,,send_nudge,,,Proposed recovery action: send_nudge,v1.0,CLASSIFIER,RECOVERY_TXN0139
AUD_20260901172422104926,TXN0140,FAILURE_CLASSIFIED,2026-09-01T17:24:22.104926+00:00,,,retry_later,,,Failure classified as insufficient_funds,v1.0,CLASSIFIER,RECOVERY_TXN0140
AUD_20260901172422105388,TXN0140,ACTION_PROPOSED,2026-09-01T17:24:22.105388+00:00,,,retry_later,,,Proposed recovery action: retry_later,v1.0,CLASSIFIER,RECOVERY_TXN0140
AUD_20260901172422105927,TXN0141,FAILURE_CLASSIFIED,2026-09-01T17:24:22.105927+00:00,,,retry_later,,,Failure classified as insufficient_funds,v1.0,CLASSIFIER,RECOVERY_TXN0141
AUD_20260901172422106352,TXN0141,ACTION_PROPOSED,2026-09-01T17:24:22.106352+00:00,,,retry_later,,,Proposed recovery action: retry_later,v1.0,CLASSIFIER,RECOVERY_TXN0141
AUD_20260901172422106885,TXN0142,FAILURE_CLASSIFIED,2026-09-01T17:24:22.106885+00:00,,,manual_review,,,Failure classified as fraud_blocked,v1.0,CLASSIFIER,RECOVERY_TXN0142
AUD_20260901172422107329,TXN0142,ACTION_PROPOSED,2026-09-01T17:24:22.107329+00:00,,,manual_review,,,Proposed recovery action: manual_review,v1.0,CLASSIFIER,RECOVERY_TXN0142
AUD_20260901172422107843,TXN0143,FAILURE_CLASSIFIED,2026-09-01T17:24:22.107843+00:00,,,send_nudge,,,Failure classified as card_expired,v1.0,CLASSIFIER,RECOVERY_TXN0143
AUD_20260901172422108275,TXN0143,ACTION_PROPOSED,2026-09-01T17:24:22.108275+00:00,,,send_nudge,,,Proposed recovery action: send_nudge,v1.0,CLASSIFIER,RECOVERY_TXN0143
AUD_20260901172422108804,TXN0144,FAILURE_CLASSIFIED,2026-09-01T17:24:22.108804+00:00,,,retry_later,,,Failure classified as insufficient_funds,v1.0,CLASSIFIER,RECOVERY_TXN0144
AUD_20260901172422109233,TXN0144,ACTION_PROPOSED,2026-09-01T17:24:22.109233+00:00,,,retry_later,,,Proposed recovery action: retry_later,v1.0,CLASSIFIER,RECOVERY_TXN0144
AUD_20260901172422109806,TXN0145,FAILURE_CLASSIFIED,2026-09-01T17:24:22.109806+00:00,,,send_nudge,,,Failure classified as invalid_card,v1.0,CLASSIFIER,RECOVERY_TXN0145
AUD_20260901172422110266,TXN0145,ACTION_PROPOSED,2026-09-01T17:24:22.110266+00:00,,,send_nudge,,,Proposed recovery action: send_nudge,v1.0,CLASSIFIER,RECOVERY_TXN0145
AUD_20260901172422110798,TXN0146,FAILURE_CLASSIFIED,2026-09-01T17:24:22.110798+00:00,,,send_nudge,,,Failure classified as card_expired,v1.0,CLASSIFIER,RECOVERY_TXN0146
AUD_20260901172422111236,TXN0146,ACTION_PROPOSED,2026-09-01T17:24:22.111236+00:00,,,send_nudge,,,Proposed recovery action: send_nudge,v1.0,CLASSIFIER,RECOVERY_TXN0146
AUD_20260901172422111762,TXN0147,FAILURE_CLASSIFIED,2026-09-01T17:24:22.111762+00:00,,,retry_later,,,Failure classified as insufficient_funds,v1.0,CLASSIFIER,RECOVERY_TXN0147
AUD_20260901172422112199,TXN0147,ACTION_PROPOSED,2026-09-01T17:24:22.112199+00:00,,,retry_later,,,Proposed recovery action: retry_later,v1.0,CLASSIFIER,RECOVERY_TXN0147
AUD_20260901172422112838,TXN0148,FAILURE_CLASSIFIED,2026-09-01T17:24:22.112838+00:00,,,retry_now,,,Failure classified as network_timeout,v1.0,CLASSIFIER,RECOVERY_TXN0148
AUD_20260901172422113496,TXN0148,ACTION_PROPOSED,2026-09-01T17:24:22.113496+00:00,,,retry_now,,,Proposed recovery action: retry_now,v1.0,CLASSIFIER,RECOVERY_TXN0148
AUD_20260901172422114145,TXN0149,FAILURE_CLASSIFIED,2026-09-01T17:24:22.114145+00:00,,,retry_now,,,Failure classified as network_timeout,v1.0,CLASSIFIER,RECOVERY_TXN0149
AUD_20260901172422114611,TXN0149,ACTION_PROPOSED,2026-09-01T17:24:22.114611+00:00,,,retry_now,,,Proposed recovery action: retry_now,v1.0,CLASSIFIER,RECOVERY_TXN0149
AUD_20260901172422115172,TXN0150,FAILURE_CLASSIFIED,2026-09-01T17:24:22.115172+00:00,,,retry_now,,,Failure classified as network_timeout,v1.0,CLASSIFIER,RECOVERY_TXN0150
AUD_20260901172422115644,TXN0150,ACTION_PROPOSED,2026-09-01T17:24:22.115644+00:00,,,retry_now,,,Proposed recovery action: retry_now,v1.0,CLASSIFIER,RECOVERY_TXN0150
AUD_20260901172422149242,TXN0110,POLICY_APPROVED,2026-09-01T17:24:22.149242+00:00,,,retry_later,retry_later,,Recovery action passed policy checks.,v1.0,POLICY_GATEWAY,RECOVERY_TXN0110
AUD_20260901172422149959,TXN0085,POLICY_SUPPRESSED,2026-09-01T17:24:22.149959+00:00,,,send_nudge,mark_lost,suppressed_do_not_contact,suppressed_do_not_contact,v1.0,POLICY_GATEWAY,RECOVERY_TXN0085
AUD_20260901172422150505,TXN0029,POLICY_APPROVED,2026-09-01T17:24:22.150505+00:00,,,retry_now,retry_now,,Recovery action passed policy checks.,v1.0,POLICY_GATEWAY,RECOVERY_TXN0029
AUD_20260901172422151051,TXN0058,POLICY_APPROVED,2026-09-01T17:24:22.151051+00:00,,,retry_now,retry_now,,Recovery action passed policy checks.,v1.0,POLICY_GATEWAY,RECOVERY_TXN0058
AUD_20260901172422151590,TXN0092,POLICY_APPROVED,2026-09-01T17:24:22.151590+00:00,,,retry_later,retry_later,,Recovery action passed policy checks.,v1.0,POLICY_GATEWAY,RECOVERY_TXN0092
AUD_20260901172422152154,TXN0143,POLICY_SUPPRESSED,2026-09-01T17:24:22.152154+00:00,,,send_nudge,mark_lost,suppressed_do_not_contact,suppressed_do_not_contact,v1.0,POLICY_GATEWAY,RECOVERY_TXN0143
AUD_20260901172422152687,TXN0142,POLICY_APPROVED,2026-09-01T17:24:22.152687+00:00,,,manual_review,manual_review,,Recovery action passed policy checks.,v1.0,POLICY_GATEWAY,RECOVERY_TXN0142
AUD_20260901172422153222,TXN0150,POLICY_APPROVED,2026-09-01T17:24:22.153222+00:00,,,retry_now,retry_now,,Recovery action passed policy checks.,v1.0,POLICY_GATEWAY,RECOVERY_TXN0150
AUD_20260901172422153755,TXN0126,POLICY_APPROVED,2026-09-01T17:24:22.153755+00:00,,,send_nudge,send_nudge,,Recovery action passed policy checks.,v1.0,POLICY_GATEWAY,RECOVERY_TXN0126
AUD_20260901172422154345,TXN0072,POLICY_APPROVED,2026-09-01T17:24:22.154345+00:00,,,manual_review,manual_review,,Recovery action passed policy checks.,v1.0,POLICY_GATEWAY,RECOVERY_TXN0072
AUD_20260901172422154968,TXN0033,POLICY_APPROVED,2026-09-01T17:24:22.154968+00:00,,,retry_now,retry_now,,Recovery action passed policy checks.,v1.0,POLICY_GATEWAY,RECOVERY_TXN0033
AUD_20260901172422155621,TXN0038,POLICY_APPROVED,2026-09-01T17:24:22.155621+00:00,,,retry_now,retry_now,,Recovery action passed policy checks.,v1.0,POLICY_GATEWAY,RECOVERY_TXN0038
AUD_20260901172422156200,TXN0053,POLICY_APPROVED,2026-09-01T17:24:22.156200+00:00,,,retry_now,retry_now,,Recovery action passed policy checks.,v1.0,POLICY_GATEWAY,RECOVERY_TXN0053
AUD_20260901172422156748,TXN0098,POLICY_APPROVED,2026-09-01T17:24:22.156748+00:00,,,retry_later,retry_later,,Recovery action passed policy checks.,v1.0,POLICY_GATEWAY,RECOVERY_TXN0098
AUD_20260901172422157295,TXN0032,POLICY_APPROVED,2026-09-01T17:24:22.157295+00:00,,,retry_now,retry_now,,Recovery action passed policy checks.,v1.0,POLICY_GATEWAY,RECOVERY_TXN0032
AUD_20260901172422157857,TXN0082,POLICY_APPROVED,2026-09-01T17:24:22.157857+00:00,,,retry_later,retry_later,,Recovery action passed policy checks.,v1.0,POLICY_GATEWAY,RECOVERY_TXN0082
AUD_20260901172422158392,TXN0113,POLICY_APPROVED,2026-09-01T17:24:22.158392+00:00,,,retry_later,retry_later,,Recovery action passed policy checks.,v1.0,POLICY_GATEWAY,RECOVERY_TXN0113
AUD_20260901172422158931,TXN0069,POLICY_APPROVED,2026-09-01T17:24:22.158931+00:00,,,retry_now,retry_now,,Recovery action passed policy checks.,v1.0,POLICY_GATEWAY,RECOVERY_TXN0069
AUD_20260901172422159509,TXN0030,POLICY_APPROVED,2026-09-01T17:24:22.159509+00:00,,,manual_review,manual_review,,Recovery action passed policy checks.,v1.0,POLICY_GATEWAY,RECOVERY_TXN0030
AUD_20260901172422160098,TXN0026,POLICY_APPROVED,2026-09-01T17:24:22.160098+00:00,,,retry_now,retry_now,,Recovery action passed policy checks.,v1.0,POLICY_GATEWAY,RECOVERY_TXN0026
AUD_20260901172422160946,TXN0043,POLICY_APPROVED,2026-09-01T17:24:22.160946+00:00,,,retry_later,retry_later,,Recovery action passed policy checks.,v1.0,POLICY_GATEWAY,RECOVERY_TXN0043
AUD_20260901172422161530,TXN0089,POLICY_APPROVED,2026-09-01T17:24:22.161530+00:00,,,send_nudge,send_nudge,,Recovery action passed policy checks.,v1.0,POLICY_GATEWAY,RECOVERY_TXN0089
AUD_20260901172422162092,TXN0128,POLICY_APPROVED,2026-09-01T17:24:22.162092+00:00,,,retry_later,retry_later,,Recovery action passed policy checks.,v1.0,POLICY_GATEWAY,RECOVERY_TXN0128
AUD_20260901172422162813,TXN0118,POLICY_SUPPRESSED,2026-09-01T17:24:22.162813+00:00,,,send_nudge,mark_lost,suppressed_do_not_contact,suppressed_do_not_contact,v1.0,POLICY_GATEWAY,RECOVERY_TXN0118
AUD_20260901172422163374,TXN0008,POLICY_APPROVED,2026-09-01T17:24:22.163374+00:00,,,retry_now,retry_now,,Recovery action passed policy checks.,v1.0,POLICY_GATEWAY,RECOVERY_TXN0008
AUD_20260901172422163911,TXN0087,POLICY_APPROVED,2026-09-01T17:24:22.163911+00:00,,,send_nudge,send_nudge,,Recovery action passed policy checks.,v1.0,POLICY_GATEWAY,RECOVERY_TXN0087
AUD_20260901172422164428,TXN0129,POLICY_APPROVED,2026-09-01T17:24:22.164428+00:00,,,send_nudge,send_nudge,,Recovery action passed policy checks.,v1.0,POLICY_GATEWAY,RECOVERY_TXN0129
AUD_20260901172422164960,TXN0147,POLICY_APPROVED,2026-09-01T17:24:22.164960+00:00,,,retry_later,retry_later,,Recovery action passed policy checks.,v1.0,POLICY_GATEWAY,RECOVERY_TXN0147
AUD_20260901172422165512,TXN0024,POLICY_SUPPRESSED,2026-09-01T17:24:22.165512+00:00,,,retry_later,mark_lost,suppressed_do_not_contact,suppressed_do_not_contact,v1.0,POLICY_GATEWAY,RECOVERY_TXN0024
AUD_20260901172422166093,TXN0138,POLICY_APPROVED,2026-09-01T17:24:22.166093+00:00,,,send_nudge,send_nudge,,Recovery action passed policy checks.,v1.0,POLICY_GATEWAY,RECOVERY_TXN0138
AUD_20260901172422166644,TXN0011,POLICY_APPROVED,2026-09-01T17:24:22.166644+00:00,,,send_nudge,send_nudge,,Recovery action passed policy checks.,v1.0,POLICY_GATEWAY,RECOVERY_TXN0011
AUD_20260901172422167212,TXN0036,POLICY_APPROVED,2026-09-01T17:24:22.167212+00:00,,,retry_now,retry_now,,Recovery action passed policy checks.,v1.0,POLICY_GATEWAY,RECOVERY_TXN0036
AUD_20260901172422167775,TXN0005,POLICY_APPROVED,2026-09-01T17:24:22.167775+00:00,,,retry_now,retry_now,,Recovery action passed policy checks.,v1.0,POLICY_GATEWAY,RECOVERY_TXN0005
AUD_20260901172422168348,TXN0027,POLICY_APPROVED,2026-09-01T17:24:22.168348+00:00,,,retry_later,retry_later,,Recovery action passed policy checks.,v1.0,POLICY_GATEWAY,RECOVERY_TXN0027
AUD_20260901172422168907,TXN0084,POLICY_APPROVED,2026-09-01T17:24:22.168907+00:00,,,retry_now,retry_now,,Recovery action passed policy checks.,v1.0,POLICY_GATEWAY,RECOVERY_TXN0084
AUD_20260901172422169452,TXN0073,POLICY_APPROVED,2026-09-01T17:24:22.169452+00:00,,,retry_later,retry_later,,Recovery action passed policy checks.,v1.0,POLICY_GATEWAY,RECOVERY_TXN0073
AUD_20260901172422170022,TXN0078,POLICY_SUPPRESSED,2026-09-01T17:24:22.170022+00:00,,,retry_later,mark_lost,suppressed_do_not_contact,suppressed_do_not_contact,v1.0,POLICY_GATEWAY,RECOVERY_TXN0078
AUD_20260901172422170553,TXN0131,POLICY_APPROVED,2026-09-01T17:24:22.170553+00:00,,,retry_later,retry_later,,Recovery action passed policy checks.,v1.0,POLICY_GATEWAY,RECOVERY_TXN0131
AUD_20260901172422171083,TXN0074,POLICY_APPROVED,2026-09-01T17:24:22.171083+00:00,,,retry_later,retry_later,,Recovery action passed policy checks.,v1.0,POLICY_GATEWAY,RECOVERY_TXN0074
AUD_20260901172422171628,TXN0042,POLICY_APPROVED,2026-09-01T17:24:22.171628+00:00,,,retry_later,retry_later,,Recovery action passed policy checks.,v1.0,POLICY_GATEWAY,RECOVERY_TXN0042
AUD_20260901172422172224,TXN0141,POLICY_SUPPRESSED,2026-09-01T17:24:22.172224+00:00,,,retry_later,mark_lost,suppressed_do_not_contact,suppressed_do_not_contact,v1.0,POLICY_GATEWAY,RECOVERY_TXN0141
AUD_20260901172422172753,TXN0146,POLICY_APPROVED,2026-09-01T17:24:22.172753+00:00,,,send_nudge,send_nudge,,Recovery action passed policy checks.,v1.0,POLICY_GATEWAY,RECOVERY_TXN0146
AUD_20260901172422173309,TXN0093,POLICY_APPROVED,2026-09-01T17:24:22.173309+00:00,,,retry_later,retry_later,,Recovery action passed policy checks.,v1.0,POLICY_GATEWAY,RECOVERY_TXN0093
AUD_20260901172422173860,TXN0103,POLICY_SUPPRESSED,2026-09-01T17:24:22.173860+00:00,,,retry_later,mark_lost,suppressed_retry_cap,suppressed_retry_cap,v1.0,POLICY_GATEWAY,RECOVERY_TXN0103
AUD_20260901172422174374,TXN0057,POLICY_APPROVED,2026-09-01T17:24:22.174374+00:00,,,send_nudge,send_nudge,,Recovery action passed policy checks.,v1.0,POLICY_GATEWAY,RECOVERY_TXN0057
AUD_20260901172422174921,TXN0107,POLICY_SUPPRESSED,2026-09-01T17:24:22.174921+00:00,,,send_nudge,mark_lost,suppressed_do_not_contact,suppressed_do_not_contact,v1.0,POLICY_GATEWAY,RECOVERY_TXN0107
AUD_20260901172422175466,TXN0052,POLICY_SUPPRESSED,2026-09-01T17:24:22.175466+00:00,,,send_nudge,mark_lost,suppressed_retry_cap,suppressed_retry_cap,v1.0,POLICY_GATEWAY,RECOVERY_TXN0052
AUD_20260901172422176004,TXN0100,POLICY_APPROVED,2026-09-01T17:24:22.176004+00:00,,,retry_later,retry_later,,Recovery action passed policy checks.,v1.0,POLICY_GATEWAY,RECOVERY_TXN0100
AUD_20260901172422176739,TXN0014,POLICY_SUPPRESSED,2026-09-01T17:24:22.176739+00:00,,,retry_later,mark_lost,suppressed_retry_cap,suppressed_retry_cap,v1.0,POLICY_GATEWAY,RECOVERY_TXN0014
AUD_20260901172422177453,TXN0025,POLICY_APPROVED,2026-09-01T17:24:22.177453+00:00,,,retry_now,retry_now,,Recovery action passed policy checks.,v1.0,POLICY_GATEWAY,RECOVERY_TXN0025
AUD_20260901172422178035,TXN0117,POLICY_APPROVED,2026-09-01T17:24:22.178035+00:00,,,retry_now,retry_now,,Recovery action passed policy checks.,v1.0,POLICY_GATEWAY,RECOVERY_TXN0117
AUD_20260901172422178593,TXN0041,POLICY_APPROVED,2026-09-01T17:24:22.178593+00:00,,,retry_later,retry_later,,Recovery action passed policy checks.,v1.0,POLICY_GATEWAY,RECOVERY_TXN0041
AUD_20260901172422179158,TXN0010,POLICY_APPROVED,2026-09-01T17:24:22.179158+00:00,,,retry_later,retry_later,,Recovery action passed policy checks.,v1.0,POLICY_GATEWAY,RECOVERY_TXN0010
AUD_20260901172422179708,TXN0045,POLICY_APPROVED,2026-09-01T17:24:22.179708+00:00,,,retry_later,retry_later,,Recovery action passed policy checks.,v1.0,POLICY_GATEWAY,RECOVERY_TXN0045
AUD_20260901172422180241,TXN0144,POLICY_APPROVED,2026-09-01T17:24:22.180241+00:00,,,retry_later,retry_later,,Recovery action passed policy checks.,v1.0,POLICY_GATEWAY,RECOVERY_TXN0144
AUD_20260901172422180819,TXN0102,POLICY_APPROVED,2026-09-01T17:24:22.180819+00:00,,,send_nudge,send_nudge,,Recovery action passed policy checks.,v1.0,POLICY_GATEWAY,RECOVERY_TXN0102
AUD_20260901172422181332,TXN0080,POLICY_APPROVED,2026-09-01T17:24:22.181332+00:00,,,send_nudge,send_nudge,,Recovery action passed policy checks.,v1.0,POLICY_GATEWAY,RECOVERY_TXN0080
AUD_20260901172422181871,TXN0068,POLICY_SUPPRESSED,2026-09-01T17:24:22.181871+00:00,,,send_nudge,mark_lost,suppressed_retry_cap,suppressed_retry_cap,v1.0,POLICY_GATEWAY,RECOVERY_TXN0068
AUD_20260901172422182378,TXN0132,POLICY_SUPPRESSED,2026-09-01T17:24:22.182378+00:00,,,send_nudge,mark_lost,suppressed_do_not_contact,suppressed_do_not_contact,v1.0,POLICY_GATEWAY,RECOVERY_TXN0132
AUD_20260901172422182886,TXN0064,POLICY_APPROVED,2026-09-01T17:24:22.182886+00:00,,,retry_later,retry_later,,Recovery action passed policy checks.,v1.0,POLICY_GATEWAY,RECOVERY_TXN0064
AUD_20260901172422183376,TXN0101,POLICY_APPROVED,2026-09-01T17:24:22.183376+00:00,,,send_nudge,send_nudge,,Recovery action passed policy checks.,v1.0,POLICY_GATEWAY,RECOVERY_TXN0101
AUD_20260901172422183908,TXN0075,POLICY_APPROVED,2026-09-01T17:24:22.183908+00:00,,,retry_later,retry_later,,Recovery action passed policy checks.,v1.0,POLICY_GATEWAY,RECOVERY_TXN0075
AUD_20260901172422184394,TXN0112,POLICY_SUPPRESSED,2026-09-01T17:24:22.184394+00:00,,,send_nudge,mark_lost,suppressed_retry_cap,suppressed_retry_cap,v1.0,POLICY_GATEWAY,RECOVERY_TXN0112
AUD_20260901172422184879,TXN0121,POLICY_APPROVED,2026-09-01T17:24:22.184879+00:00,,,retry_later,retry_later,,Recovery action passed policy checks.,v1.0,POLICY_GATEWAY,RECOVERY_TXN0121
AUD_20260901172422185350,TXN0054,POLICY_APPROVED,2026-09-01T17:24:22.185350+00:00,,,send_nudge,send_nudge,,Recovery action passed policy checks.,v1.0,POLICY_GATEWAY,RECOVERY_TXN0054
AUD_20260901172422185815,TXN0140,POLICY_APPROVED,2026-09-01T17:24:22.185815+00:00,,,retry_later,retry_later,,Recovery action passed policy checks.,v1.0,POLICY_GATEWAY,RECOVERY_TXN0140
AUD_20260901172422186294,TXN0015,POLICY_SUPPRESSED,2026-09-01T17:24:22.186294+00:00,,,retry_later,mark_lost,suppressed_do_not_contact,suppressed_do_not_contact,v1.0,POLICY_GATEWAY,RECOVERY_TXN0015
AUD_20260901172422186773,TXN0067,POLICY_APPROVED,2026-09-01T17:24:22.186773+00:00,,,send_nudge,send_nudge,,Recovery action passed policy checks.,v1.0,POLICY_GATEWAY,RECOVERY_TXN0067
AUD_20260901172422187259,TXN0066,POLICY_APPROVED,2026-09-01T17:24:22.187259+00:00,,,retry_now,retry_now,,Recovery action passed policy checks.,v1.0,POLICY_GATEWAY,RECOVERY_TXN0066
AUD_20260901172422187738,TXN0040,POLICY_APPROVED,2026-09-01T17:24:22.187738+00:00,,,send_nudge,send_nudge,,Recovery action passed policy checks.,v1.0,POLICY_GATEWAY,RECOVERY_TXN0040
AUD_20260901172422188276,TXN0119,POLICY_SUPPRESSED,2026-09-01T17:24:22.188276+00:00,,,send_nudge,mark_lost,suppressed_retry_cap,suppressed_retry_cap,v1.0,POLICY_GATEWAY,RECOVERY_TXN0119
AUD_20260901172422188749,TXN0051,POLICY_APPROVED,2026-09-01T17:24:22.188749+00:00,,,retry_now,retry_now,,Recovery action passed policy checks.,v1.0,POLICY_GATEWAY,RECOVERY_TXN0051
AUD_20260901172422189228,TXN0106,POLICY_APPROVED,2026-09-01T17:24:22.189228+00:00,,,retry_now,retry_now,,Recovery action passed policy checks.,v1.0,POLICY_GATEWAY,RECOVERY_TXN0106
AUD_20260901172422189720,TXN0070,POLICY_SUPPRESSED,2026-09-01T17:24:22.189720+00:00,,,send_nudge,mark_lost,suppressed_do_not_contact,suppressed_do_not_contact,v1.0,POLICY_GATEWAY,RECOVERY_TXN0070
AUD_20260901172422190218,TXN0096,POLICY_APPROVED,2026-09-01T17:24:22.190218+00:00,,,retry_now,retry_now,,Recovery action passed policy checks.,v1.0,POLICY_GATEWAY,RECOVERY_TXN0096
AUD_20260901172422190687,TXN0130,POLICY_APPROVED,2026-09-01T17:24:22.190687+00:00,,,send_nudge,send_nudge,,Recovery action passed policy checks.,v1.0,POLICY_GATEWAY,RECOVERY_TXN0130
AUD_20260901172422191167,TXN0028,POLICY_APPROVED,2026-09-01T17:24:22.191167+00:00,,,manual_review,manual_review,,Recovery action passed policy checks.,v1.0,POLICY_GATEWAY,RECOVERY_TXN0028
AUD_20260901172422191666,TXN0105,POLICY_APPROVED,2026-09-01T17:24:22.191666+00:00,,,send_nudge,send_nudge,,Recovery action passed policy checks.,v1.0,POLICY_GATEWAY,RECOVERY_TXN0105
AUD_20260901172422192138,TXN0081,POLICY_APPROVED,2026-09-01T17:24:22.192138+00:00,,,send_nudge,send_nudge,,Recovery action passed policy checks.,v1.0,POLICY_GATEWAY,RECOVERY_TXN0081
AUD_20260901172422192883,TXN0148,POLICY_APPROVED,2026-09-01T17:24:22.192883+00:00,,,retry_now,retry_now,,Recovery action passed policy checks.,v1.0,POLICY_GATEWAY,RECOVERY_TXN0148
AUD_20260901172422193479,TXN0004,POLICY_SUPPRESSED,2026-09-01T17:24:22.193479+00:00,,,send_nudge,mark_lost,suppressed_retry_cap,suppressed_retry_cap,v1.0,POLICY_GATEWAY,RECOVERY_TXN0004
AUD_20260901172422194038,TXN0111,POLICY_SUPPRESSED,2026-09-01T17:24:22.194038+00:00,,,send_nudge,mark_lost,suppressed_do_not_contact,suppressed_do_not_contact,v1.0,POLICY_GATEWAY,RECOVERY_TXN0111
AUD_20260901172422194625,TXN0047,POLICY_APPROVED,2026-09-01T17:24:22.194625+00:00,,,retry_later,retry_later,,Recovery action passed policy checks.,v1.0,POLICY_GATEWAY,RECOVERY_TXN0047
AUD_20260901172422195379,TXN0104,POLICY_SUPPRESSED,2026-09-01T17:24:22.195379+00:00,,,send_nudge,mark_lost,suppressed_retry_cap,suppressed_retry_cap,v1.0,POLICY_GATEWAY,RECOVERY_TXN0104
AUD_20260901172422196010,TXN0039,POLICY_APPROVED,2026-09-01T17:24:22.196010+00:00,,,manual_review,manual_review,,Recovery action passed policy checks.,v1.0,POLICY_GATEWAY,RECOVERY_TXN0039
AUD_20260901172422196646,TXN0127,POLICY_SUPPRESSED,2026-09-01T17:24:22.196646+00:00,,,retry_later,mark_lost,suppressed_retry_cap,suppressed_retry_cap,v1.0,POLICY_GATEWAY,RECOVERY_TXN0127
AUD_20260901172422197260,TXN0012,POLICY_SUPPRESSED,2026-09-01T17:24:22.197260+00:00,,,send_nudge,mark_lost,suppressed_retry_cap,suppressed_retry_cap,v1.0,POLICY_GATEWAY,RECOVERY_TXN0012
AUD_20260901172422197853,TXN0007,POLICY_SUPPRESSED,2026-09-01T17:24:22.197853+00:00,,,send_nudge,mark_lost,suppressed_retry_cap,suppressed_retry_cap,v1.0,POLICY_GATEWAY,RECOVERY_TXN0007
AUD_20260901172422198434,TXN0055,POLICY_SUPPRESSED,2026-09-01T17:24:22.198434+00:00,,,send_nudge,mark_lost,suppressed_do_not_contact,suppressed_do_not_contact,v1.0,POLICY_GATEWAY,RECOVERY_TXN0055
AUD_20260901172422198958,TXN0013,POLICY_APPROVED,2026-09-01T17:24:22.198958+00:00,,,retry_now,retry_now,,Recovery action passed policy checks.,v1.0,POLICY_GATEWAY,RECOVERY_TXN0013
AUD_20260901172422199508,TXN0099,POLICY_APPROVED,2026-09-01T17:24:22.199508+00:00,,,retry_now,retry_now,,Recovery action passed policy checks.,v1.0,POLICY_GATEWAY,RECOVERY_TXN0099
AUD_20260901172422200035,TXN0022,POLICY_APPROVED,2026-09-01T17:24:22.200035+00:00,,,retry_now,retry_now,,Recovery action passed policy checks.,v1.0,POLICY_GATEWAY,RECOVERY_TXN0022
AUD_20260901172422200643,TXN0083,POLICY_SUPPRESSED,2026-09-01T17:24:22.200643+00:00,,,retry_later,mark_lost,suppressed_retry_cap,suppressed_retry_cap,v1.0,POLICY_GATEWAY,RECOVERY_TXN0083
AUD_20260901172422201425,TXN0090,POLICY_SUPPRESSED,2026-09-01T17:24:22.201425+00:00,,,retry_later,mark_lost,suppressed_do_not_contact,suppressed_do_not_contact,v1.0,POLICY_GATEWAY,RECOVERY_TXN0090
AUD_20260901172422202437,TXN0135,POLICY_APPROVED,2026-09-01T17:24:22.202437+00:00,,,retry_now,retry_now,,Recovery action passed policy checks.,v1.0,POLICY_GATEWAY,RECOVERY_TXN0135
AUD_20260901172422203335,TXN0108,POLICY_SUPPRESSED,2026-09-01T17:24:22.203335+00:00,,,retry_later,mark_lost,suppressed_do_not_contact,suppressed_do_not_contact,v1.0,POLICY_GATEWAY,RECOVERY_TXN0108
AUD_20260901172422204204,TXN0077,POLICY_APPROVED,2026-09-01T17:24:22.204204+00:00,,,retry_now,retry_now,,Recovery action passed policy checks.,v1.0,POLICY_GATEWAY,RECOVERY_TXN0077
AUD_20260901172422205195,TXN0056,POLICY_SUPPRESSED,2026-09-01T17:24:22.205195+00:00,,,send_nudge,mark_lost,suppressed_do_not_contact,suppressed_do_not_contact,v1.0,POLICY_GATEWAY,RECOVERY_TXN0056
AUD_20260901172422206110,TXN0021,POLICY_SUPPRESSED,2026-09-01T17:24:22.206110+00:00,,,retry_later,mark_lost,suppressed_retry_cap,suppressed_retry_cap,v1.0,POLICY_GATEWAY,RECOVERY_TXN0021
AUD_20260901172422207083,TXN0120,POLICY_SUPPRESSED,2026-09-01T17:24:22.207083+00:00,,,retry_later,mark_lost,suppressed_do_not_contact,suppressed_do_not_contact,v1.0,POLICY_GATEWAY,RECOVERY_TXN0120
AUD_20260901172422208069,TXN0136,POLICY_APPROVED,2026-09-01T17:24:22.208069+00:00,,,send_nudge,send_nudge,,Recovery action passed policy checks.,v1.0,POLICY_GATEWAY,RECOVERY_TXN0136
AUD_20260901172422208918,TXN0049,POLICY_SUPPRESSED,2026-09-01T17:24:22.208918+00:00,,,send_nudge,mark_lost,suppressed_retry_cap,suppressed_retry_cap,v1.0,POLICY_GATEWAY,RECOVERY_TXN0049
AUD_20260901172422209599,TXN0001,POLICY_APPROVED,2026-09-01T17:24:22.209599+00:00,,,send_nudge,send_nudge,,Recovery action passed policy checks.,v1.0,POLICY_GATEWAY,RECOVERY_TXN0001
AUD_20260901172422210300,TXN0034,POLICY_SUPPRESSED,2026-09-01T17:24:22.210300+00:00,,,send_nudge,mark_lost,suppressed_retry_cap,suppressed_retry_cap,v1.0,POLICY_GATEWAY,RECOVERY_TXN0034
AUD_20260901172422210944,TXN0065,POLICY_APPROVED,2026-09-01T17:24:22.210944+00:00,,,send_nudge,send_nudge,,Recovery action passed policy checks.,v1.0,POLICY_GATEWAY,RECOVERY_TXN0065
AUD_20260901172422211592,TXN0122,POLICY_SUPPRESSED,2026-09-01T17:24:22.211592+00:00,,,retry_later,mark_lost,suppressed_retry_cap,suppressed_retry_cap,v1.0,POLICY_GATEWAY,RECOVERY_TXN0122
AUD_20260901172422212227,TXN0003,POLICY_APPROVED,2026-09-01T17:24:22.212227+00:00,,,retry_now,retry_now,,Recovery action passed policy checks.,v1.0,POLICY_GATEWAY,RECOVERY_TXN0003
AUD_20260901172422212816,TXN0017,POLICY_SUPPRESSED,2026-09-01T17:24:22.212816+00:00,,,retry_later,mark_lost,suppressed_retry_cap,suppressed_retry_cap,v1.0,POLICY_GATEWAY,RECOVERY_TXN0017
AUD_20260901172422213391,TXN0109,POLICY_APPROVED,2026-09-01T17:24:22.213391+00:00,,,manual_review,manual_review,,Recovery action passed policy checks.,v1.0,POLICY_GATEWAY,RECOVERY_TXN0109
AUD_20260901172422214011,TXN0016,POLICY_SUPPRESSED,2026-09-01T17:24:22.214011+00:00,,,retry_later,mark_lost,suppressed_retry_cap,suppressed_retry_cap,v1.0,POLICY_GATEWAY,RECOVERY_TXN0016
AUD_20260901172422214604,TXN0114,POLICY_SUPPRESSED,2026-09-01T17:24:22.214604+00:00,,,send_nudge,mark_lost,suppressed_retry_cap,suppressed_retry_cap,v1.0,POLICY_GATEWAY,RECOVERY_TXN0114
AUD_20260901172422215180,TXN0044,POLICY_APPROVED,2026-09-01T17:24:22.215180+00:00,,,retry_later,retry_later,,Recovery action passed policy checks.,v1.0,POLICY_GATEWAY,RECOVERY_TXN0044
AUD_20260901172422215793,TXN0019,POLICY_APPROVED,2026-09-01T17:24:22.215793+00:00,,,send_nudge,send_nudge,,Recovery action passed policy checks.,v1.0,POLICY_GATEWAY,RECOVERY_TXN0019
AUD_20260901172422216379,TXN0139,POLICY_APPROVED,2026-09-01T17:24:22.216379+00:00,,,send_nudge,send_nudge,,Recovery action passed policy checks.,v1.0,POLICY_GATEWAY,RECOVERY_TXN0139
AUD_20260901172422216974,TXN0031,POLICY_SUPPRESSED,2026-09-01T17:24:22.216974+00:00,,,retry_later,mark_lost,suppressed_do_not_contact,suppressed_do_not_contact,v1.0,POLICY_GATEWAY,RECOVERY_TXN0031
AUD_20260901172422217597,TXN0046,POLICY_SUPPRESSED,2026-09-01T17:24:22.217597+00:00,,,retry_later,mark_lost,suppressed_retry_cap,suppressed_retry_cap,v1.0,POLICY_GATEWAY,RECOVERY_TXN0046
AUD_20260901172422218215,TXN0097,POLICY_SUPPRESSED,2026-09-01T17:24:22.218215+00:00,,,send_nudge,mark_lost,suppressed_retry_cap,suppressed_retry_cap,v1.0,POLICY_GATEWAY,RECOVERY_TXN0097
AUD_20260901172422218828,TXN0050,POLICY_SUPPRESSED,2026-09-01T17:24:22.218828+00:00,,,retry_later,mark_lost,suppressed_retry_cap,suppressed_retry_cap,v1.0,POLICY_GATEWAY,RECOVERY_TXN0050
AUD_20260901172422219458,TXN0086,POLICY_APPROVED,2026-09-01T17:24:22.219458+00:00,,,manual_review,manual_review,,Recovery action passed policy checks.,v1.0,POLICY_GATEWAY,RECOVERY_TXN0086
AUD_20260901172422220078,TXN0037,POLICY_SUPPRESSED,2026-09-01T17:24:22.220078+00:00,,,retry_later,mark_lost,suppressed_retry_cap,suppressed_retry_cap,v1.0,POLICY_GATEWAY,RECOVERY_TXN0037
AUD_20260901172422220717,TXN0088,POLICY_SUPPRESSED,2026-09-01T17:24:22.220717+00:00,,,send_nudge,mark_lost,suppressed_retry_cap,suppressed_retry_cap,v1.0,POLICY_GATEWAY,RECOVERY_TXN0088
AUD_20260901172422221399,TXN0060,POLICY_APPROVED,2026-09-01T17:24:22.221399+00:00,,,retry_now,retry_now,,Recovery action passed policy checks.,v1.0,POLICY_GATEWAY,RECOVERY_TXN0060
AUD_20260901172422222053,TXN0006,POLICY_SUPPRESSED,2026-09-01T17:24:22.222053+00:00,,,retry_later,mark_lost,suppressed_retry_cap,suppressed_retry_cap,v1.0,POLICY_GATEWAY,RECOVERY_TXN0006
AUD_20260901172422222716,TXN0020,POLICY_APPROVED,2026-09-01T17:24:22.222716+00:00,,,retry_now,retry_now,,Recovery action passed policy checks.,v1.0,POLICY_GATEWAY,RECOVERY_TXN0020
AUD_20260901172422223359,TXN0123,POLICY_SUPPRESSED,2026-09-01T17:24:22.223359+00:00,,,retry_later,mark_lost,suppressed_retry_cap,suppressed_retry_cap,v1.0,POLICY_GATEWAY,RECOVERY_TXN0123
AUD_20260901172422224210,TXN0116,POLICY_SUPPRESSED,2026-09-01T17:24:22.224210+00:00,,,retry_later,mark_lost,suppressed_do_not_contact,suppressed_do_not_contact,v1.0,POLICY_GATEWAY,RECOVERY_TXN0116
AUD_20260901172422224825,TXN0062,POLICY_SUPPRESSED,2026-09-01T17:24:22.224825+00:00,,,retry_later,mark_lost,suppressed_retry_cap,suppressed_retry_cap,v1.0,POLICY_GATEWAY,RECOVERY_TXN0062
AUD_20260901172422225384,TXN0094,POLICY_SUPPRESSED,2026-09-01T17:24:22.225384+00:00,,,send_nudge,mark_lost,suppressed_retry_cap,suppressed_retry_cap,v1.0,POLICY_GATEWAY,RECOVERY_TXN0094
AUD_20260901172422225940,TXN0079,POLICY_APPROVED,2026-09-01T17:24:22.225940+00:00,,,retry_now,retry_now,,Recovery action passed policy checks.,v1.0,POLICY_GATEWAY,RECOVERY_TXN0079
AUD_20260901172422226518,TXN0076,POLICY_SUPPRESSED,2026-09-01T17:24:22.226518+00:00,,,retry_later,mark_lost,suppressed_retry_cap,suppressed_retry_cap,v1.0,POLICY_GATEWAY,RECOVERY_TXN0076
AUD_20260901172422227092,TXN0023,POLICY_APPROVED,2026-09-01T17:24:22.227092+00:00,,,send_nudge,send_nudge,,Recovery action passed policy checks.,v1.0,POLICY_GATEWAY,RECOVERY_TXN0023
AUD_20260901172422227681,TXN0002,POLICY_SUPPRESSED,2026-09-01T17:24:22.227681+00:00,,,retry_later,mark_lost,suppressed_retry_cap,suppressed_retry_cap,v1.0,POLICY_GATEWAY,RECOVERY_TXN0002
AUD_20260901172422228271,TXN0035,POLICY_SUPPRESSED,2026-09-01T17:24:22.228271+00:00,,,retry_later,mark_lost,suppressed_retry_cap,suppressed_retry_cap,v1.0,POLICY_GATEWAY,RECOVERY_TXN0035
AUD_20260901172422228866,TXN0133,POLICY_SUPPRESSED,2026-09-01T17:24:22.228866+00:00,,,send_nudge,mark_lost,suppressed_retry_cap,suppressed_retry_cap,v1.0,POLICY_GATEWAY,RECOVERY_TXN0133
AUD_20260901172422229479,TXN0009,POLICY_SUPPRESSED,2026-09-01T17:24:22.229479+00:00,,,send_nudge,mark_lost,suppressed_retry_cap,suppressed_retry_cap,v1.0,POLICY_GATEWAY,RECOVERY_TXN0009
AUD_20260901172422230182,TXN0145,POLICY_APPROVED,2026-09-01T17:24:22.230182+00:00,,,send_nudge,send_nudge,,Recovery action passed policy checks.,v1.0,POLICY_GATEWAY,RECOVERY_TXN0145
AUD_20260901172422230961,TXN0061,POLICY_SUPPRESSED,2026-09-01T17:24:22.230961+00:00,,,send_nudge,mark_lost,suppressed_do_not_contact,suppressed_do_not_contact,v1.0,POLICY_GATEWAY,RECOVERY_TXN0061
AUD_20260901172422231724,TXN0018,POLICY_SUPPRESSED,2026-09-01T17:24:22.231724+00:00,,,retry_later,mark_lost,suppressed_retry_cap,suppressed_retry_cap,v1.0,POLICY_GATEWAY,RECOVERY_TXN0018
AUD_20260901172422232496,TXN0124,POLICY_SUPPRESSED,2026-09-01T17:24:22.232496+00:00,,,retry_later,mark_lost,suppressed_retry_cap,suppressed_retry_cap,v1.0,POLICY_GATEWAY,RECOVERY_TXN0124
AUD_20260901172422233316,TXN0125,POLICY_APPROVED,2026-09-01T17:24:22.233316+00:00,,,retry_now,retry_now,,Recovery action passed policy checks.,v1.0,POLICY_GATEWAY,RECOVERY_TXN0125
AUD_20260901172422234105,TXN0048,POLICY_SUPPRESSED,2026-09-01T17:24:22.234105+00:00,,,send_nudge,mark_lost,suppressed_retry_cap,suppressed_retry_cap,v1.0,POLICY_GATEWAY,RECOVERY_TXN0048
AUD_20260901172422234717,TXN0059,POLICY_APPROVED,2026-09-01T17:24:22.234717+00:00,,,retry_now,retry_now,,Recovery action passed policy checks.,v1.0,POLICY_GATEWAY,RECOVERY_TXN0059
AUD_20260901172422235314,TXN0137,POLICY_SUPPRESSED,2026-09-01T17:24:22.235314+00:00,,,retry_later,mark_lost,suppressed_retry_cap,suppressed_retry_cap,v1.0,POLICY_GATEWAY,RECOVERY_TXN0137
AUD_20260901172422235947,TXN0134,POLICY_APPROVED,2026-09-01T17:24:22.235947+00:00,,,retry_now,retry_now,,Recovery action passed policy checks.,v1.0,POLICY_GATEWAY,RECOVERY_TXN0134
AUD_20260901172422236613,TXN0115,POLICY_APPROVED,2026-09-01T17:24:22.236613+00:00,,,manual_review,manual_review,,Recovery action passed policy checks.,v1.0,POLICY_GATEWAY,RECOVERY_TXN0115
AUD_20260901172422237722,TXN0063,POLICY_SUPPRESSED,2026-09-01T17:24:22.237722+00:00,,,send_nudge,mark_lost,suppressed_do_not_contact,suppressed_do_not_contact,v1.0,POLICY_GATEWAY,RECOVERY_TXN0063
AUD_20260901172422238778,TXN0095,POLICY_SUPPRESSED,2026-09-01T17:24:22.238778+00:00,,,send_nudge,mark_lost,suppressed_retry_cap,suppressed_retry_cap,v1.0,POLICY_GATEWAY,RECOVERY_TXN0095
AUD_20260901172422239753,TXN0091,POLICY_APPROVED,2026-09-01T17:24:22.239753+00:00,,,manual_review,manual_review,,Recovery action passed policy checks.,v1.0,POLICY_GATEWAY,RECOVERY_TXN0091
AUD_20260901172422240778,TXN0149,POLICY_APPROVED,2026-09-01T17:24:22.240778+00:00,,,retry_now,retry_now,,Recovery action passed policy checks.,v1.0,POLICY_GATEWAY,RECOVERY_TXN0149
AUD_20260901172422241614,TXN0071,POLICY_APPROVED,2026-09-01T17:24:22.241614+00:00,,,retry_now,retry_now,,Recovery action passed policy checks.,v1.0,POLICY_GATEWAY,RECOVERY_TXN0071
AUD_20260901184037555504,TXN0001,FAILED_PAYMENT_RECEIVED,2026-09-01T18:40:37.555504+00:00,,,,,,,v1.0,RECOVERY_PIPELINE,RECOVERY_TXN0001
AUD_20260901184037557215,TXN0002,FAILED_PAYMENT_RECEIVED,2026-09-01T18:40:37.557215+00:00,,,,,,,v1.0,RECOVERY_PIPELINE,RECOVERY_TXN0002
AUD_20260901184037558138,TXN0003,FAILED_PAYMENT_RECEIVED,2026-09-01T18:40:37.558138+00:00,,,,,,,v1.0,RECOVERY_PIPELINE,RECOVERY_TXN0003
AUD_20260901184037558872,TXN0004,FAILED_PAYMENT_RECEIVED,2026-09-01T18:40:37.558872+00:00,,,,,,,v1.0,RECOVERY_PIPELINE,RECOVERY_TXN0004
AUD_20260901184037559556,TXN0005,FAILED_PAYMENT_RECEIVED,2026-09-01T18:40:37.559556+00:00,,,,,,,v1.0,RECOVERY_PIPELINE,RECOVERY_TXN0005
AUD_20260901184037560229,TXN0006,FAILED_PAYMENT_RECEIVED,2026-09-01T18:40:37.560229+00:00,,,,,,,v1.0,RECOVERY_PIPELINE,RECOVERY_TXN0006
AUD_20260901184037560894,TXN0007,FAILED_PAYMENT_RECEIVED,2026-09-01T18:40:37.560894+00:00,,,,,,,v1.0,RECOVERY_PIPELINE,RECOVERY_TXN0007
AUD_20260901184037561554,TXN0008,FAILED_PAYMENT_RECEIVED,2026-09-01T18:40:37.561554+00:00,,,,,,,v1.0,RECOVERY_PIPELINE,RECOVERY_TXN0008
AUD_20260901184037562219,TXN0009,FAILED_PAYMENT_RECEIVED,2026-09-01T18:40:37.562219+00:00,,,,,,,v1.0,RECOVERY_PIPELINE,RECOVERY_TXN0009
AUD_20260901184037562890,TXN0010,FAILED_PAYMENT_RECEIVED,2026-09-01T18:40:37.562890+00:00,,,,,,,v1.0,RECOVERY_PIPELINE,RECOVERY_TXN0010
AUD_20260901184037563541,TXN0011,FAILED_PAYMENT_RECEIVED,2026-09-01T18:40:37.563541+00:00,,,,,,,v1.0,RECOVERY_PIPELINE,RECOVERY_TXN0011
AUD_20260901184037564125,TXN0012,FAILED_PAYMENT_RECEIVED,2026-09-01T18:40:37.564125+00:00,,,,,,,v1.0,RECOVERY_PIPELINE,RECOVERY_TXN0012
AUD_20260901184037564725,TXN0013,FAILED_PAYMENT_RECEIVED,2026-09-01T18:40:37.564725+00:00,,,,,,,v1.0,RECOVERY_PIPELINE,RECOVERY_TXN0013
AUD_20260901184037565305,TXN0014,FAILED_PAYMENT_RECEIVED,2026-09-01T18:40:37.565305+00:00,,,,,,,v1.0,RECOVERY_PIPELINE,RECOVERY_TXN0014
AUD_20260901184037565886,TXN0015,FAILED_PAYMENT_RECEIVED,2026-09-01T18:40:37.565886+00:00,,,,,,,v1.0,RECOVERY_PIPELINE,RECOVERY_TXN0015
AUD_20260901184037566557,TXN0016,FAILED_PAYMENT_RECEIVED,2026-09-01T18:40:37.566557+00:00,,,,,,,v1.0,RECOVERY_PIPELINE,RECOVERY_TXN0016
AUD_20260901184037567168,TXN0017,FAILED_PAYMENT_RECEIVED,2026-09-01T18:40:37.567168+00:00,,,,,,,v1.0,RECOVERY_PIPELINE,RECOVERY_TXN0017
AUD_20260901184037567801,TXN0018,FAILED_PAYMENT_RECEIVED,2026-09-01T18:40:37.567801+00:00,,,,,,,v1.0,RECOVERY_PIPELINE,RECOVERY_TXN0018
AUD_20260901184037568372,TXN0019,FAILED_PAYMENT_RECEIVED,2026-09-01T18:40:37.568372+00:00,,,,,,,v1.0,RECOVERY_PIPELINE,RECOVERY_TXN0019
AUD_20260901184037568941,TXN0020,FAILED_PAYMENT_RECEIVED,2026-09-01T18:40:37.568941+00:00,,,,,,,v1.0,RECOVERY_PIPELINE,RECOVERY_TXN0020
AUD_20260901184037569568,TXN0021,FAILED_PAYMENT_RECEIVED,2026-09-01T18:40:37.569568+00:00,,,,,,,v1.0,RECOVERY_PIPELINE,RECOVERY_TXN0021
AUD_20260901184037570151,TXN0022,FAILED_PAYMENT_RECEIVED,2026-09-01T18:40:37.570151+00:00,,,,,,,v1.0,RECOVERY_PIPELINE,RECOVERY_TXN0022
AUD_20260901184037570750,TXN0023,FAILED_PAYMENT_RECEIVED,2026-09-01T18:40:37.570750+00:00,,,,,,,v1.0,RECOVERY_PIPELINE,RECOVERY_TXN0023
AUD_20260901184037571335,TXN0024,FAILED_PAYMENT_RECEIVED,2026-09-01T18:40:37.571335+00:00,,,,,,,v1.0,RECOVERY_PIPELINE,RECOVERY_TXN0024
AUD_20260901184037571891,TXN0025,FAILED_PAYMENT_RECEIVED,2026-09-01T18:40:37.571891+00:00,,,,,,,v1.0,RECOVERY_PIPELINE,RECOVERY_TXN0025
AUD_20260901184037572500,TXN0026,FAILED_PAYMENT_RECEIVED,2026-09-01T18:40:37.572500+00:00,,,,,,,v1.0,RECOVERY_PIPELINE,RECOVERY_TXN0026
AUD_20260901184037573557,TXN0027,FAILED_PAYMENT_RECEIVED,2026-09-01T18:40:37.573557+00:00,,,,,,,v1.0,RECOVERY_PIPELINE,RECOVERY_TXN0027
AUD_20260901184037574491,TXN0028,FAILED_PAYMENT_RECEIVED,2026-09-01T18:40:37.574491+00:00,,,,,,,v1.0,RECOVERY_PIPELINE,RECOVERY_TXN0028
AUD_20260901184037575289,TXN0029,FAILED_PAYMENT_RECEIVED,2026-09-01T18:40:37.575289+00:00,,,,,,,v1.0,RECOVERY_PIPELINE,RECOVERY_TXN0029
AUD_20260901184037575872,TXN0030,FAILED_PAYMENT_RECEIVED,2026-09-01T18:40:37.575872+00:00,,,,,,,v1.0,RECOVERY_PIPELINE,RECOVERY_TXN0030
AUD_20260901184037576426,TXN0031,FAILED_PAYMENT_RECEIVED,2026-09-01T18:40:37.576426+00:00,,,,,,,v1.0,RECOVERY_PIPELINE,RECOVERY_TXN0031
AUD_20260901184037577048,TXN0032,FAILED_PAYMENT_RECEIVED,2026-09-01T18:40:37.577048+00:00,,,,,,,v1.0,RECOVERY_PIPELINE,RECOVERY_TXN0032
AUD_20260901184037577617,TXN0033,FAILED_PAYMENT_RECEIVED,2026-09-01T18:40:37.577617+00:00,,,,,,,v1.0,RECOVERY_PIPELINE,RECOVERY_TXN0033
AUD_20260901184037578165,TXN0034,FAILED_PAYMENT_RECEIVED,2026-09-01T18:40:37.578165+00:00,,,,,,,v1.0,RECOVERY_PIPELINE,RECOVERY_TXN0034
AUD_20260901184037578716,TXN0035,FAILED_PAYMENT_RECEIVED,2026-09-01T18:40:37.578716+00:00,,,,,,,v1.0,RECOVERY_PIPELINE,RECOVERY_TXN0035
AUD_20260901184037579293,TXN0036,FAILED_PAYMENT_RECEIVED,2026-09-01T18:40:37.579293+00:00,,,,,,,v1.0,RECOVERY_PIPELINE,RECOVERY_TXN0036
AUD_20260901184037579853,TXN0037,FAILED_PAYMENT_RECEIVED,2026-09-01T18:40:37.579853+00:00,,,,,,,v1.0,RECOVERY_PIPELINE,RECOVERY_TXN0037
AUD_20260901184037580400,TXN0038,FAILED_PAYMENT_RECEIVED,2026-09-01T18:40:37.580400+00:00,,,,,,,v1.0,RECOVERY_PIPELINE,RECOVERY_TXN0038
AUD_20260901184037580947,TXN0039,FAILED_PAYMENT_RECEIVED,2026-09-01T18:40:37.580947+00:00,,,,,,,v1.0,RECOVERY_PIPELINE,RECOVERY_TXN0039
AUD_20260901184037581580,TXN0040,FAILED_PAYMENT_RECEIVED,2026-09-01T18:40:37.581580+00:00,,,,,,,v1.0,RECOVERY_PIPELINE,RECOVERY_TXN0040
AUD_20260901184037582222,TXN0041,FAILED_PAYMENT_RECEIVED,2026-09-01T18:40:37.582222+00:00,,,,,,,v1.0,RECOVERY_PIPELINE,RECOVERY_TXN0041
AUD_20260901184037582820,TXN0042,FAILED_PAYMENT_RECEIVED,2026-09-01T18:40:37.582820+00:00,,,,,,,v1.0,RECOVERY_PIPELINE,RECOVERY_TXN0042
AUD_20260901184037583427,TXN0043,FAILED_PAYMENT_RECEIVED,2026-09-01T18:40:37.583427+00:00,,,,,,,v1.0,RECOVERY_PIPELINE,RECOVERY_TXN0043
AUD_20260901184037584025,TXN0044,FAILED_PAYMENT_RECEIVED,2026-09-01T18:40:37.584025+00:00,,,,,,,v1.0,RECOVERY_PIPELINE,RECOVERY_TXN0044
AUD_20260901184037584576,TXN0045,FAILED_PAYMENT_RECEIVED,2026-09-01T18:40:37.584576+00:00,,,,,,,v1.0,RECOVERY_PIPELINE,RECOVERY_TXN0045
AUD_20260901184037585135,TXN0046,FAILED_PAYMENT_RECEIVED,2026-09-01T18:40:37.585135+00:00,,,,,,,v1.0,RECOVERY_PIPELINE,RECOVERY_TXN0046
AUD_20260901184037585803,TXN0047,FAILED_PAYMENT_RECEIVED,2026-09-01T18:40:37.585803+00:00,,,,,,,v1.0,RECOVERY_PIPELINE,RECOVERY_TXN0047
AUD_20260901184037586409,TXN0048,FAILED_PAYMENT_RECEIVED,2026-09-01T18:40:37.586409+00:00,,,,,,,v1.0,RECOVERY_PIPELINE,RECOVERY_TXN0048
AUD_20260901184037586975,TXN0049,FAILED_PAYMENT_RECEIVED,2026-09-01T18:40:37.586975+00:00,,,,,,,v1.0,RECOVERY_PIPELINE,RECOVERY_TXN0049
AUD_20260901184037587530,TXN0050,FAILED_PAYMENT_RECEIVED,2026-09-01T18:40:37.587530+00:00,,,,,,,v1.0,RECOVERY_PIPELINE,RECOVERY_TXN0050
AUD_20260901184037588120,TXN0051,FAILED_PAYMENT_RECEIVED,2026-09-01T18:40:37.588120+00:00,,,,,,,v1.0,RECOVERY_PIPELINE,RECOVERY_TXN0051
AUD_20260901184037588815,TXN0052,FAILED_PAYMENT_RECEIVED,2026-09-01T18:40:37.588815+00:00,,,,,,,v1.0,RECOVERY_PIPELINE,RECOVERY_TXN0052
AUD_20260901184037589500,TXN0053,FAILED_PAYMENT_RECEIVED,2026-09-01T18:40:37.589500+00:00,,,,,,,v1.0,RECOVERY_PIPELINE,RECOVERY_TXN0053
AUD_20260901184037590091,TXN0054,FAILED_PAYMENT_RECEIVED,2026-09-01T18:40:37.590091+00:00,,,,,,,v1.0,RECOVERY_PIPELINE,RECOVERY_TXN0054
AUD_20260901184037590653,TXN0055,FAILED_PAYMENT_RECEIVED,2026-09-01T18:40:37.590653+00:00,,,,,,,v1.0,RECOVERY_PIPELINE,RECOVERY_TXN0055
AUD_20260901184037591209,TXN0056,FAILED_PAYMENT_RECEIVED,2026-09-01T18:40:37.591209+00:00,,,,,,,v1.0,RECOVERY_PIPELINE,RECOVERY_TXN0056
AUD_20260901184037591761,TXN0057,FAILED_PAYMENT_RECEIVED,2026-09-01T18:40:37.591761+00:00,,,,,,,v1.0,RECOVERY_PIPELINE,RECOVERY_TXN0057
AUD_20260901184037592311,TXN0058,FAILED_PAYMENT_RECEIVED,2026-09-01T18:40:37.592311+00:00,,,,,,,v1.0,RECOVERY_PIPELINE,RECOVERY_TXN0058
AUD_20260901184037592863,TXN0059,FAILED_PAYMENT_RECEIVED,2026-09-01T18:40:37.592863+00:00,,,,,,,v1.0,RECOVERY_PIPELINE,RECOVERY_TXN0059
AUD_20260901184037593414,TXN0060,FAILED_PAYMENT_RECEIVED,2026-09-01T18:40:37.593414+00:00,,,,,,,v1.0,RECOVERY_PIPELINE,RECOVERY_TXN0060
AUD_20260901184037594005,TXN0061,FAILED_PAYMENT_RECEIVED,2026-09-01T18:40:37.594005+00:00,,,,,,,v1.0,RECOVERY_PIPELINE,RECOVERY_TXN0061
AUD_20260901184037594560,TXN0062,FAILED_PAYMENT_RECEIVED,2026-09-01T18:40:37.594560+00:00,,,,,,,v1.0,RECOVERY_PIPELINE,RECOVERY_TXN0062
AUD_20260901184037595113,TXN0063,FAILED_PAYMENT_RECEIVED,2026-09-01T18:40:37.595113+00:00,,,,,,,v1.0,RECOVERY_PIPELINE,RECOVERY_TXN0063
AUD_20260901184037595666,TXN0064,FAILED_PAYMENT_RECEIVED,2026-09-01T18:40:37.595666+00:00,,,,,,,v1.0,RECOVERY_PIPELINE,RECOVERY_TXN0064
AUD_20260901184037596268,TXN0065,FAILED_PAYMENT_RECEIVED,2026-09-01T18:40:37.596268+00:00,,,,,,,v1.0,RECOVERY_PIPELINE,RECOVERY_TXN0065
AUD_20260901184037596837,TXN0066,FAILED_PAYMENT_RECEIVED,2026-09-01T18:40:37.596837+00:00,,,,,,,v1.0,RECOVERY_PIPELINE,RECOVERY_TXN0066
AUD_20260901184037597401,TXN0067,FAILED_PAYMENT_RECEIVED,2026-09-01T18:40:37.597401+00:00,,,,,,,v1.0,RECOVERY_PIPELINE,RECOVERY_TXN0067
AUD_20260901184037597978,TXN0068,FAILED_PAYMENT_RECEIVED,2026-09-01T18:40:37.597978+00:00,,,,,,,v1.0,RECOVERY_PIPELINE,RECOVERY_TXN0068
AUD_20260901184037598621,TXN0069,FAILED_PAYMENT_RECEIVED,2026-09-01T18:40:37.598621+00:00,,,,,,,v1.0,RECOVERY_PIPELINE,RECOVERY_TXN0069
AUD_20260901184037599199,TXN0070,FAILED_PAYMENT_RECEIVED,2026-09-01T18:40:37.599199+00:00,,,,,,,v1.0,RECOVERY_PIPELINE,RECOVERY_TXN0070
AUD_20260901184037599823,TXN0071,FAILED_PAYMENT_RECEIVED,2026-09-01T18:40:37.599823+00:00,,,,,,,v1.0,RECOVERY_PIPELINE,RECOVERY_TXN0071
AUD_20260901184037600462,TXN0072,FAILED_PAYMENT_RECEIVED,2026-09-01T18:40:37.600462+00:00,,,,,,,v1.0,RECOVERY_PIPELINE,RECOVERY_TXN0072
AUD_20260901184037601019,TXN0073,FAILED_PAYMENT_RECEIVED,2026-09-01T18:40:37.601019+00:00,,,,,,,v1.0,RECOVERY_PIPELINE,RECOVERY_TXN0073
AUD_20260901184037601679,TXN0074,FAILED_PAYMENT_RECEIVED,2026-09-01T18:40:37.601679+00:00,,,,,,,v1.0,RECOVERY_PIPELINE,RECOVERY_TXN0074
AUD_20260901184037602242,TXN0075,FAILED_PAYMENT_RECEIVED,2026-09-01T18:40:37.602242+00:00,,,,,,,v1.0,RECOVERY_PIPELINE,RECOVERY_TXN0075
AUD_20260901184037602790,TXN0076,FAILED_PAYMENT_RECEIVED,2026-09-01T18:40:37.602790+00:00,,,,,,,v1.0,RECOVERY_PIPELINE,RECOVERY_TXN0076
AUD_20260901184037603367,TXN0077,FAILED_PAYMENT_RECEIVED,2026-09-01T18:40:37.603367+00:00,,,,,,,v1.0,RECOVERY_PIPELINE,RECOVERY_TXN0077
AUD_20260901184037603905,TXN0078,FAILED_PAYMENT_RECEIVED,2026-09-01T18:40:37.603905+00:00,,,,,,,v1.0,RECOVERY_PIPELINE,RECOVERY_TXN0078
AUD_20260901184037604532,TXN0079,FAILED_PAYMENT_RECEIVED,2026-09-01T18:40:37.604532+00:00,,,,,,,v1.0,RECOVERY_PIPELINE,RECOVERY_TXN0079
AUD_20260901184037605255,TXN0080,FAILED_PAYMENT_RECEIVED,2026-09-01T18:40:37.605255+00:00,,,,,,,v1.0,RECOVERY_PIPELINE,RECOVERY_TXN0080
AUD_20260901184037605822,TXN0081,FAILED_PAYMENT_RECEIVED,2026-09-01T18:40:37.605822+00:00,,,,,,,v1.0,RECOVERY_PIPELINE,RECOVERY_TXN0081
AUD_20260901184037606370,TXN0082,FAILED_PAYMENT_RECEIVED,2026-09-01T18:40:37.606370+00:00,,,,,,,v1.0,RECOVERY_PIPELINE,RECOVERY_TXN0082
AUD_20260901184037606917,TXN0083,FAILED_PAYMENT_RECEIVED,2026-09-01T18:40:37.606917+00:00,,,,,,,v1.0,RECOVERY_PIPELINE,RECOVERY_TXN0083
AUD_20260901184037607514,TXN0084,FAILED_PAYMENT_RECEIVED,2026-09-01T18:40:37.607514+00:00,,,,,,,v1.0,RECOVERY_PIPELINE,RECOVERY_TXN0084
AUD_20260901184037608107,TXN0085,FAILED_PAYMENT_RECEIVED,2026-09-01T18:40:37.608107+00:00,,,,,,,v1.0,RECOVERY_PIPELINE,RECOVERY_TXN0085
AUD_20260901184037608692,TXN0086,FAILED_PAYMENT_RECEIVED,2026-09-01T18:40:37.608692+00:00,,,,,,,v1.0,RECOVERY_PIPELINE,RECOVERY_TXN0086
AUD_20260901184037609247,TXN0087,FAILED_PAYMENT_RECEIVED,2026-09-01T18:40:37.609247+00:00,,,,,,,v1.0,RECOVERY_PIPELINE,RECOVERY_TXN0087
AUD_20260901184037609795,TXN0088,FAILED_PAYMENT_RECEIVED,2026-09-01T18:40:37.609795+00:00,,,,,,,v1.0,RECOVERY_PIPELINE,RECOVERY_TXN0088
AUD_20260901184037610335,TXN0089,FAILED_PAYMENT_RECEIVED,2026-09-01T18:40:37.610335+00:00,,,,,,,v1.0,RECOVERY_PIPELINE,RECOVERY_TXN0089
AUD_20260901184037610871,TXN0090,FAILED_PAYMENT_RECEIVED,2026-09-01T18:40:37.610871+00:00,,,,,,,v1.0,RECOVERY_PIPELINE,RECOVERY_TXN0090
AUD_20260901184037611416,TXN0091,FAILED_PAYMENT_RECEIVED,2026-09-01T18:40:37.611416+00:00,,,,,,,v1.0,RECOVERY_PIPELINE,RECOVERY_TXN0091
AUD_20260901184037612056,TXN0092,FAILED_PAYMENT_RECEIVED,2026-09-01T18:40:37.612056+00:00,,,,,,,v1.0,RECOVERY_PIPELINE,RECOVERY_TXN0092
AUD_20260901184037612629,TXN0093,FAILED_PAYMENT_RECEIVED,2026-09-01T18:40:37.612629+00:00,,,,,,,v1.0,RECOVERY_PIPELINE,RECOVERY_TXN0093
AUD_20260901184037613182,TXN0094,FAILED_PAYMENT_RECEIVED,2026-09-01T18:40:37.613182+00:00,,,,,,,v1.0,RECOVERY_PIPELINE,RECOVERY_TXN0094
AUD_20260901184037613738,TXN0095,FAILED_PAYMENT_RECEIVED,2026-09-01T18:40:37.613738+00:00,,,,,,,v1.0,RECOVERY_PIPELINE,RECOVERY_TXN0095
AUD_20260901184037614292,TXN0096,FAILED_PAYMENT_RECEIVED,2026-09-01T18:40:37.614292+00:00,,,,,,,v1.0,RECOVERY_PIPELINE,RECOVERY_TXN0096
AUD_20260901184037614840,TXN0097,FAILED_PAYMENT_RECEIVED,2026-09-01T18:40:37.614840+00:00,,,,,,,v1.0,RECOVERY_PIPELINE,RECOVERY_TXN0097
AUD_20260901184037615532,TXN0098,FAILED_PAYMENT_RECEIVED,2026-09-01T18:40:37.615532+00:00,,,,,,,v1.0,RECOVERY_PIPELINE,RECOVERY_TXN0098
AUD_20260901184037616221,TXN0099,FAILED_PAYMENT_RECEIVED,2026-09-01T18:40:37.616221+00:00,,,,,,,v1.0,RECOVERY_PIPELINE,RECOVERY_TXN0099
AUD_20260901184037616854,TXN0100,FAILED_PAYMENT_RECEIVED,2026-09-01T18:40:37.616854+00:00,,,,,,,v1.0,RECOVERY_PIPELINE,RECOVERY_TXN0100
AUD_20260901184037617442,TXN0101,FAILED_PAYMENT_RECEIVED,2026-09-01T18:40:37.617442+00:00,,,,,,,v1.0,RECOVERY_PIPELINE,RECOVERY_TXN0101
AUD_20260901184037618078,TXN0102,FAILED_PAYMENT_RECEIVED,2026-09-01T18:40:37.618078+00:00,,,,,,,v1.0,RECOVERY_PIPELINE,RECOVERY_TXN0102
AUD_20260901184037618653,TXN0103,FAILED_PAYMENT_RECEIVED,2026-09-01T18:40:37.618653+00:00,,,,,,,v1.0,RECOVERY_PIPELINE,RECOVERY_TXN0103
AUD_20260901184037619214,TXN0104,FAILED_PAYMENT_RECEIVED,2026-09-01T18:40:37.619214+00:00,,,,,,,v1.0,RECOVERY_PIPELINE,RECOVERY_TXN0104
AUD_20260901184037619783,TXN0105,FAILED_PAYMENT_RECEIVED,2026-09-01T18:40:37.619783+00:00,,,,,,,v1.0,RECOVERY_PIPELINE,RECOVERY_TXN0105
AUD_20260901184037620392,TXN0106,FAILED_PAYMENT_RECEIVED,2026-09-01T18:40:37.620392+00:00,,,,,,,v1.0,RECOVERY_PIPELINE,RECOVERY_TXN0106
AUD_20260901184037621049,TXN0107,FAILED_PAYMENT_RECEIVED,2026-09-01T18:40:37.621049+00:00,,,,,,,v1.0,RECOVERY_PIPELINE,RECOVERY_TXN0107
AUD_20260901184037621648,TXN0108,FAILED_PAYMENT_RECEIVED,2026-09-01T18:40:37.621648+00:00,,,,,,,v1.0,RECOVERY_PIPELINE,RECOVERY_TXN0108
AUD_20260901184037622195,TXN0109,FAILED_PAYMENT_RECEIVED,2026-09-01T18:40:37.622195+00:00,,,,,,,v1.0,RECOVERY_PIPELINE,RECOVERY_TXN0109
AUD_20260901184037622789,TXN0110,FAILED_PAYMENT_RECEIVED,2026-09-01T18:40:37.622789+00:00,,,,,,,v1.0,RECOVERY_PIPELINE,RECOVERY_TXN0110
AUD_20260901184037623353,TXN0111,FAILED_PAYMENT_RECEIVED,2026-09-01T18:40:37.623353+00:00,,,,,,,v1.0,RECOVERY_PIPELINE,RECOVERY_TXN0111
AUD_20260901184037623954,TXN0112,FAILED_PAYMENT_RECEIVED,2026-09-01T18:40:37.623954+00:00,,,,,,,v1.0,RECOVERY_PIPELINE,RECOVERY_TXN0112
AUD_20260901184037624528,TXN0113,FAILED_PAYMENT_RECEIVED,2026-09-01T18:40:37.624528+00:00,,,,,,,v1.0,RECOVERY_PIPELINE,RECOVERY_TXN0113
AUD_20260901184037625078,TXN0114,FAILED_PAYMENT_RECEIVED,2026-09-01T18:40:37.625078+00:00,,,,,,,v1.0,RECOVERY_PIPELINE,RECOVERY_TXN0114
AUD_20260901184037625646,TXN0115,FAILED_PAYMENT_RECEIVED,2026-09-01T18:40:37.625646+00:00,,,,,,,v1.0,RECOVERY_PIPELINE,RECOVERY_TXN0115
AUD_20260901184037626197,TXN0116,FAILED_PAYMENT_RECEIVED,2026-09-01T18:40:37.626197+00:00,,,,,,,v1.0,RECOVERY_PIPELINE,RECOVERY_TXN0116
AUD_20260901184037626750,TXN0117,FAILED_PAYMENT_RECEIVED,2026-09-01T18:40:37.626750+00:00,,,,,,,v1.0,RECOVERY_PIPELINE,RECOVERY_TXN0117
AUD_20260901184037627306,TXN0118,FAILED_PAYMENT_RECEIVED,2026-09-01T18:40:37.627306+00:00,,,,,,,v1.0,RECOVERY_PIPELINE,RECOVERY_TXN0118
AUD_20260901184037627860,TXN0119,FAILED_PAYMENT_RECEIVED,2026-09-01T18:40:37.627860+00:00,,,,,,,v1.0,RECOVERY_PIPELINE,RECOVERY_TXN0119
AUD_20260901184037628403,TXN0120,FAILED_PAYMENT_RECEIVED,2026-09-01T18:40:37.628403+00:00,,,,,,,v1.0,RECOVERY_PIPELINE,RECOVERY_TXN0120
AUD_20260901184037628948,TXN0121,FAILED_PAYMENT_RECEIVED,2026-09-01T18:40:37.628948+00:00,,,,,,,v1.0,RECOVERY_PIPELINE,RECOVERY_TXN0121
AUD_20260901184037629489,TXN0122,FAILED_PAYMENT_RECEIVED,2026-09-01T18:40:37.629489+00:00,,,,,,,v1.0,RECOVERY_PIPELINE,RECOVERY_TXN0122
AUD_20260901184037630019,TXN0123,FAILED_PAYMENT_RECEIVED,2026-09-01T18:40:37.630019+00:00,,,,,,,v1.0,RECOVERY_PIPELINE,RECOVERY_TXN0123
AUD_20260901184037630554,TXN0124,FAILED_PAYMENT_RECEIVED,2026-09-01T18:40:37.630554+00:00,,,,,,,v1.0,RECOVERY_PIPELINE,RECOVERY_TXN0124
AUD_20260901184037631112,TXN0125,FAILED_PAYMENT_RECEIVED,2026-09-01T18:40:37.631112+00:00,,,,,,,v1.0,RECOVERY_PIPELINE,RECOVERY_TXN0125
AUD_20260901184037631835,TXN0126,FAILED_PAYMENT_RECEIVED,2026-09-01T18:40:37.631835+00:00,,,,,,,v1.0,RECOVERY_PIPELINE,RECOVERY_TXN0126
AUD_20260901184037632416,TXN0127,FAILED_PAYMENT_RECEIVED,2026-09-01T18:40:37.632416+00:00,,,,,,,v1.0,RECOVERY_PIPELINE,RECOVERY_TXN0127
AUD_20260901184037633094,TXN0128,FAILED_PAYMENT_RECEIVED,2026-09-01T18:40:37.633094+00:00,,,,,,,v1.0,RECOVERY_PIPELINE,RECOVERY_TXN0128
AUD_20260901184037633713,TXN0129,FAILED_PAYMENT_RECEIVED,2026-09-01T18:40:37.633713+00:00,,,,,,,v1.0,RECOVERY_PIPELINE,RECOVERY_TXN0129
AUD_20260901184037634339,TXN0130,FAILED_PAYMENT_RECEIVED,2026-09-01T18:40:37.634339+00:00,,,,,,,v1.0,RECOVERY_PIPELINE,RECOVERY_TXN0130
AUD_20260901184037634931,TXN0131,FAILED_PAYMENT_RECEIVED,2026-09-01T18:40:37.634931+00:00,,,,,,,v1.0,RECOVERY_PIPELINE,RECOVERY_TXN0131
AUD_20260901184037635517,TXN0132,FAILED_PAYMENT_RECEIVED,2026-09-01T18:40:37.635517+00:00,,,,,,,v1.0,RECOVERY_PIPELINE,RECOVERY_TXN0132
AUD_20260901184037636100,TXN0133,FAILED_PAYMENT_RECEIVED,2026-09-01T18:40:37.636100+00:00,,,,,,,v1.0,RECOVERY_PIPELINE,RECOVERY_TXN0133
AUD_20260901184037636907,TXN0134,FAILED_PAYMENT_RECEIVED,2026-09-01T18:40:37.636907+00:00,,,,,,,v1.0,RECOVERY_PIPELINE,RECOVERY_TXN0134
AUD_20260901184037637619,TXN0135,FAILED_PAYMENT_RECEIVED,2026-09-01T18:40:37.637619+00:00,,,,,,,v1.0,RECOVERY_PIPELINE,RECOVERY_TXN0135
AUD_20260901184037638415,TXN0136,FAILED_PAYMENT_RECEIVED,2026-09-01T18:40:37.638415+00:00,,,,,,,v1.0,RECOVERY_PIPELINE,RECOVERY_TXN0136
AUD_20260901184037639407,TXN0137,FAILED_PAYMENT_RECEIVED,2026-09-01T18:40:37.639407+00:00,,,,,,,v1.0,RECOVERY_PIPELINE,RECOVERY_TXN0137
AUD_20260901184037640404,TXN0138,FAILED_PAYMENT_RECEIVED,2026-09-01T18:40:37.640404+00:00,,,,,,,v1.0,RECOVERY_PIPELINE,RECOVERY_TXN0138
AUD_20260901184037642338,TXN0139,FAILED_PAYMENT_RECEIVED,2026-09-01T18:40:37.642338+00:00,,,,,,,v1.0,RECOVERY_PIPELINE,RECOVERY_TXN0139
AUD_20260901184037643067,TXN0140,FAILED_PAYMENT_RECEIVED,2026-09-01T18:40:37.643067+00:00,,,,,,,v1.0,RECOVERY_PIPELINE,RECOVERY_TXN0140
AUD_20260901184037643800,TXN0141,FAILED_PAYMENT_RECEIVED,2026-09-01T18:40:37.643800+00:00,,,,,,,v1.0,RECOVERY_PIPELINE,RECOVERY_TXN0141
AUD_20260901184037644459,TXN0142,FAILED_PAYMENT_RECEIVED,2026-09-01T18:40:37.644459+00:00,,,,,,,v1.0,RECOVERY_PIPELINE,RECOVERY_TXN0142
AUD_20260901184037645062,TXN0143,FAILED_PAYMENT_RECEIVED,2026-09-01T18:40:37.645062+00:00,,,,,,,v1.0,RECOVERY_PIPELINE,RECOVERY_TXN0143
AUD_20260901184037645696,TXN0144,FAILED_PAYMENT_RECEIVED,2026-09-01T18:40:37.645696+00:00,,,,,,,v1.0,RECOVERY_PIPELINE,RECOVERY_TXN0144
AUD_20260901184037646406,TXN0145,FAILED_PAYMENT_RECEIVED,2026-09-01T18:40:37.646406+00:00,,,,,,,v1.0,RECOVERY_PIPELINE,RECOVERY_TXN0145
AUD_20260901184037647072,TXN0146,FAILED_PAYMENT_RECEIVED,2026-09-01T18:40:37.647072+00:00,,,,,,,v1.0,RECOVERY_PIPELINE,RECOVERY_TXN0146
AUD_20260901184037647767,TXN0147,FAILED_PAYMENT_RECEIVED,2026-09-01T18:40:37.647767+00:00,,,,,,,v1.0,RECOVERY_PIPELINE,RECOVERY_TXN0147
AUD_20260901184037648534,TXN0148,FAILED_PAYMENT_RECEIVED,2026-09-01T18:40:37.648534+00:00,,,,,,,v1.0,RECOVERY_PIPELINE,RECOVERY_TXN0148
AUD_20260901184037649145,TXN0149,FAILED_PAYMENT_RECEIVED,2026-09-01T18:40:37.649145+00:00,,,,,,,v1.0,RECOVERY_PIPELINE,RECOVERY_TXN0149
AUD_20260901184037650113,TXN0150,FAILED_PAYMENT_RECEIVED,2026-09-01T18:40:37.650113+00:00,,,,,,,v1.0,RECOVERY_PIPELINE,RECOVERY_TXN0150
AUD_20260901184037715894,TXN0001,FAILURE_CLASSIFIED,2026-09-01T18:40:37.715894+00:00,,,send_nudge,,,Failure classified as card_expired,v1.0,CLASSIFIER,RECOVERY_TXN0001
AUD_20260901184037716560,TXN0001,ACTION_PROPOSED,2026-09-01T18:40:37.716560+00:00,,,send_nudge,,,Proposed recovery action: send_nudge,v1.0,CLASSIFIER,RECOVERY_TXN0001
AUD_20260901184037717231,TXN0002,FAILURE_CLASSIFIED,2026-09-01T18:40:37.717231+00:00,,,retry_later,,,Failure classified as insufficient_funds,v1.0,CLASSIFIER,RECOVERY_TXN0002
AUD_20260901184037717694,TXN0002,ACTION_PROPOSED,2026-09-01T18:40:37.717694+00:00,,,retry_later,,,Proposed recovery action: retry_later,v1.0,CLASSIFIER,RECOVERY_TXN0002
AUD_20260901184037718253,TXN0003,FAILURE_CLASSIFIED,2026-09-01T18:40:37.718253+00:00,,,retry_now,,,Failure classified as network_timeout,v1.0,CLASSIFIER,RECOVERY_TXN0003
AUD_20260901184037718730,TXN0003,ACTION_PROPOSED,2026-09-01T18:40:37.718730+00:00,,,retry_now,,,Proposed recovery action: retry_now,v1.0,CLASSIFIER,RECOVERY_TXN0003
AUD_20260901184037719378,TXN0004,FAILURE_CLASSIFIED,2026-09-01T18:40:37.719378+00:00,,,send_nudge,,,Failure classified as card_expired,v1.0,CLASSIFIER,RECOVERY_TXN0004
AUD_20260901184037719842,TXN0004,ACTION_PROPOSED,2026-09-01T18:40:37.719842+00:00,,,send_nudge,,,Proposed recovery action: send_nudge,v1.0,CLASSIFIER,RECOVERY_TXN0004
AUD_20260901184037720540,TXN0005,FAILURE_CLASSIFIED,2026-09-01T18:40:37.720540+00:00,,,retry_now,,,Failure classified as network_timeout,v1.0,CLASSIFIER,RECOVERY_TXN0005
AUD_20260901184037721014,TXN0005,ACTION_PROPOSED,2026-09-01T18:40:37.721014+00:00,,,retry_now,,,Proposed recovery action: retry_now,v1.0,CLASSIFIER,RECOVERY_TXN0005
AUD_20260901184037721595,TXN0006,FAILURE_CLASSIFIED,2026-09-01T18:40:37.721595+00:00,,,retry_later,,,Failure classified as insufficient_funds,v1.0,CLASSIFIER,RECOVERY_TXN0006
AUD_20260901184037722096,TXN0006,ACTION_PROPOSED,2026-09-01T18:40:37.722096+00:00,,,retry_later,,,Proposed recovery action: retry_later,v1.0,CLASSIFIER,RECOVERY_TXN0006
AUD_20260901184037722638,TXN0007,FAILURE_CLASSIFIED,2026-09-01T18:40:37.722638+00:00,,,send_nudge,,,Failure classified as invalid_card,v1.0,CLASSIFIER,RECOVERY_TXN0007
AUD_20260901184037723171,TXN0007,ACTION_PROPOSED,2026-09-01T18:40:37.723171+00:00,,,send_nudge,,,Proposed recovery action: send_nudge,v1.0,CLASSIFIER,RECOVERY_TXN0007
AUD_20260901184037723741,TXN0008,FAILURE_CLASSIFIED,2026-09-01T18:40:37.723741+00:00,,,retry_now,,,Failure classified as network_timeout,v1.0,CLASSIFIER,RECOVERY_TXN0008
AUD_20260901184037724271,TXN0008,ACTION_PROPOSED,2026-09-01T18:40:37.724271+00:00,,,retry_now,,,Proposed recovery action: retry_now,v1.0,CLASSIFIER,RECOVERY_TXN0008
AUD_20260901184037724884,TXN0009,FAILURE_CLASSIFIED,2026-09-01T18:40:37.724884+00:00,,,send_nudge,,,Failure classified as card_expired,v1.0,CLASSIFIER,RECOVERY_TXN0009
AUD_20260901184037725371,TXN0009,ACTION_PROPOSED,2026-09-01T18:40:37.725371+00:00,,,send_nudge,,,Proposed recovery action: send_nudge,v1.0,CLASSIFIER,RECOVERY_TXN0009
AUD_20260901184037725918,TXN0010,FAILURE_CLASSIFIED,2026-09-01T18:40:37.725918+00:00,,,retry_later,,,Failure classified as insufficient_funds,v1.0,CLASSIFIER,RECOVERY_TXN0010
AUD_20260901184037726395,TXN0010,ACTION_PROPOSED,2026-09-01T18:40:37.726395+00:00,,,retry_later,,,Proposed recovery action: retry_later,v1.0,CLASSIFIER,RECOVERY_TXN0010
AUD_20260901184037727043,TXN0011,FAILURE_CLASSIFIED,2026-09-01T18:40:37.727043+00:00,,,send_nudge,,,Failure classified as card_expired,v1.0,CLASSIFIER,RECOVERY_TXN0011
AUD_20260901184037727593,TXN0011,ACTION_PROPOSED,2026-09-01T18:40:37.727593+00:00,,,send_nudge,,,Proposed recovery action: send_nudge,v1.0,CLASSIFIER,RECOVERY_TXN0011
AUD_20260901184037728214,TXN0012,FAILURE_CLASSIFIED,2026-09-01T18:40:37.728214+00:00,,,send_nudge,,,Failure classified as invalid_card,v1.0,CLASSIFIER,RECOVERY_TXN0012
AUD_20260901184037728689,TXN0012,ACTION_PROPOSED,2026-09-01T18:40:37.728689+00:00,,,send_nudge,,,Proposed recovery action: send_nudge,v1.0,CLASSIFIER,RECOVERY_TXN0012
AUD_20260901184037729304,TXN0013,FAILURE_CLASSIFIED,2026-09-01T18:40:37.729304+00:00,,,retry_now,,,Failure classified as network_timeout,v1.0,CLASSIFIER,RECOVERY_TXN0013
AUD_20260901184037729769,TXN0013,ACTION_PROPOSED,2026-09-01T18:40:37.729769+00:00,,,retry_now,,,Proposed recovery action: retry_now,v1.0,CLASSIFIER,RECOVERY_TXN0013
AUD_20260901184037730593,TXN0014,FAILURE_CLASSIFIED,2026-09-01T18:40:37.730593+00:00,,,retry_later,,,Failure classified as insufficient_funds,v1.0,CLASSIFIER,RECOVERY_TXN0014
AUD_20260901184037731223,TXN0014,ACTION_PROPOSED,2026-09-01T18:40:37.731223+00:00,,,retry_later,,,Proposed recovery action: retry_later,v1.0,CLASSIFIER,RECOVERY_TXN0014
AUD_20260901184037731898,TXN0015,FAILURE_CLASSIFIED,2026-09-01T18:40:37.731898+00:00,,,retry_later,,,Failure classified as insufficient_funds,v1.0,CLASSIFIER,RECOVERY_TXN0015
AUD_20260901184037732468,TXN0015,ACTION_PROPOSED,2026-09-01T18:40:37.732468+00:00,,,retry_later,,,Proposed recovery action: retry_later,v1.0,CLASSIFIER,RECOVERY_TXN0015
AUD_20260901184037733168,TXN0016,FAILURE_CLASSIFIED,2026-09-01T18:40:37.733168+00:00,,,retry_later,,,Failure classified as insufficient_funds,v1.0,CLASSIFIER,RECOVERY_TXN0016
AUD_20260901184037733773,TXN0016,ACTION_PROPOSED,2026-09-01T18:40:37.733773+00:00,,,retry_later,,,Proposed recovery action: retry_later,v1.0,CLASSIFIER,RECOVERY_TXN0016
AUD_20260901184037734459,TXN0017,FAILURE_CLASSIFIED,2026-09-01T18:40:37.734459+00:00,,,retry_later,,,Failure classified as insufficient_funds,v1.0,CLASSIFIER,RECOVERY_TXN0017
AUD_20260901184037734972,TXN0017,ACTION_PROPOSED,2026-09-01T18:40:37.734972+00:00,,,retry_later,,,Proposed recovery action: retry_later,v1.0,CLASSIFIER,RECOVERY_TXN0017
AUD_20260901184037735604,TXN0018,FAILURE_CLASSIFIED,2026-09-01T18:40:37.735604+00:00,,,retry_later,,,Failure classified as insufficient_funds,v1.0,CLASSIFIER,RECOVERY_TXN0018
AUD_20260901184037736094,TXN0018,ACTION_PROPOSED,2026-09-01T18:40:37.736094+00:00,,,retry_later,,,Proposed recovery action: retry_later,v1.0,CLASSIFIER,RECOVERY_TXN0018
AUD_20260901184037736656,TXN0019,FAILURE_CLASSIFIED,2026-09-01T18:40:37.736656+00:00,,,send_nudge,,,Failure classified as invalid_card,v1.0,CLASSIFIER,RECOVERY_TXN0019
AUD_20260901184037737126,TXN0019,ACTION_PROPOSED,2026-09-01T18:40:37.737126+00:00,,,send_nudge,,,Proposed recovery action: send_nudge,v1.0,CLASSIFIER,RECOVERY_TXN0019
AUD_20260901184037737718,TXN0020,FAILURE_CLASSIFIED,2026-09-01T18:40:37.737718+00:00,,,retry_now,,,Failure classified as network_timeout,v1.0,CLASSIFIER,RECOVERY_TXN0020
AUD_20260901184037738208,TXN0020,ACTION_PROPOSED,2026-09-01T18:40:37.738208+00:00,,,retry_now,,,Proposed recovery action: retry_now,v1.0,CLASSIFIER,RECOVERY_TXN0020
AUD_20260901184037738854,TXN0021,FAILURE_CLASSIFIED,2026-09-01T18:40:37.738854+00:00,,,retry_later,,,Failure classified as insufficient_funds,v1.0,CLASSIFIER,RECOVERY_TXN0021
AUD_20260901184037739348,TXN0021,ACTION_PROPOSED,2026-09-01T18:40:37.739348+00:00,,,retry_later,,,Proposed recovery action: retry_later,v1.0,CLASSIFIER,RECOVERY_TXN0021
AUD_20260901184037739961,TXN0022,FAILURE_CLASSIFIED,2026-09-01T18:40:37.739961+00:00,,,retry_now,,,Failure classified as network_timeout,v1.0,CLASSIFIER,RECOVERY_TXN0022
AUD_20260901184037740429,TXN0022,ACTION_PROPOSED,2026-09-01T18:40:37.740429+00:00,,,retry_now,,,Proposed recovery action: retry_now,v1.0,CLASSIFIER,RECOVERY_TXN0022
AUD_20260901184037741004,TXN0023,FAILURE_CLASSIFIED,2026-09-01T18:40:37.741004+00:00,,,send_nudge,,,Failure classified as invalid_card,v1.0,CLASSIFIER,RECOVERY_TXN0023
AUD_20260901184037741460,TXN0023,ACTION_PROPOSED,2026-09-01T18:40:37.741460+00:00,,,send_nudge,,,Proposed recovery action: send_nudge,v1.0,CLASSIFIER,RECOVERY_TXN0023
AUD_20260901184037742050,TXN0024,FAILURE_CLASSIFIED,2026-09-01T18:40:37.742050+00:00,,,retry_later,,,Failure classified as insufficient_funds,v1.0,CLASSIFIER,RECOVERY_TXN0024
AUD_20260901184037742601,TXN0024,ACTION_PROPOSED,2026-09-01T18:40:37.742601+00:00,,,retry_later,,,Proposed recovery action: retry_later,v1.0,CLASSIFIER,RECOVERY_TXN0024
AUD_20260901184037743379,TXN0025,FAILURE_CLASSIFIED,2026-09-01T18:40:37.743379+00:00,,,retry_now,,,Failure classified as network_timeout,v1.0,CLASSIFIER,RECOVERY_TXN0025
AUD_20260901184037744034,TXN0025,ACTION_PROPOSED,2026-09-01T18:40:37.744034+00:00,,,retry_now,,,Proposed recovery action: retry_now,v1.0,CLASSIFIER,RECOVERY_TXN0025
AUD_20260901184037744808,TXN0026,FAILURE_CLASSIFIED,2026-09-01T18:40:37.744808+00:00,,,retry_now,,,Failure classified as network_timeout,v1.0,CLASSIFIER,RECOVERY_TXN0026
AUD_20260901184037745393,TXN0026,ACTION_PROPOSED,2026-09-01T18:40:37.745393+00:00,,,retry_now,,,Proposed recovery action: retry_now,v1.0,CLASSIFIER,RECOVERY_TXN0026
AUD_20260901184037746027,TXN0027,FAILURE_CLASSIFIED,2026-09-01T18:40:37.746027+00:00,,,retry_later,,,Failure classified as insufficient_funds,v1.0,CLASSIFIER,RECOVERY_TXN0027
AUD_20260901184037746616,TXN0027,ACTION_PROPOSED,2026-09-01T18:40:37.746616+00:00,,,retry_later,,,Proposed recovery action: retry_later,v1.0,CLASSIFIER,RECOVERY_TXN0027
AUD_20260901184037747436,TXN0028,FAILURE_CLASSIFIED,2026-09-01T18:40:37.747436+00:00,,,manual_review,,,Failure classified as fraud_blocked,v1.0,CLASSIFIER,RECOVERY_TXN0028
AUD_20260901184037748013,TXN0028,ACTION_PROPOSED,2026-09-01T18:40:37.748013+00:00,,,manual_review,,,Proposed recovery action: manual_review,v1.0,CLASSIFIER,RECOVERY_TXN0028
AUD_20260901184037748648,TXN0029,FAILURE_CLASSIFIED,2026-09-01T18:40:37.748648+00:00,,,retry_now,,,Failure classified as network_timeout,v1.0,CLASSIFIER,RECOVERY_TXN0029
AUD_20260901184037749143,TXN0029,ACTION_PROPOSED,2026-09-01T18:40:37.749143+00:00,,,retry_now,,,Proposed recovery action: retry_now,v1.0,CLASSIFIER,RECOVERY_TXN0029
AUD_20260901184037749809,TXN0030,FAILURE_CLASSIFIED,2026-09-01T18:40:37.749809+00:00,,,manual_review,,,Failure classified as fraud_blocked,v1.0,CLASSIFIER,RECOVERY_TXN0030
AUD_20260901184037750333,TXN0030,ACTION_PROPOSED,2026-09-01T18:40:37.750333+00:00,,,manual_review,,,Proposed recovery action: manual_review,v1.0,CLASSIFIER,RECOVERY_TXN0030
AUD_20260901184037750961,TXN0031,FAILURE_CLASSIFIED,2026-09-01T18:40:37.750961+00:00,,,retry_later,,,Failure classified as insufficient_funds,v1.0,CLASSIFIER,RECOVERY_TXN0031
AUD_20260901184037751459,TXN0031,ACTION_PROPOSED,2026-09-01T18:40:37.751459+00:00,,,retry_later,,,Proposed recovery action: retry_later,v1.0,CLASSIFIER,RECOVERY_TXN0031
AUD_20260901184037752112,TXN0032,FAILURE_CLASSIFIED,2026-09-01T18:40:37.752112+00:00,,,retry_now,,,Failure classified as network_timeout,v1.0,CLASSIFIER,RECOVERY_TXN0032
AUD_20260901184037752638,TXN0032,ACTION_PROPOSED,2026-09-01T18:40:37.752638+00:00,,,retry_now,,,Proposed recovery action: retry_now,v1.0,CLASSIFIER,RECOVERY_TXN0032
AUD_20260901184037753516,TXN0033,FAILURE_CLASSIFIED,2026-09-01T18:40:37.753516+00:00,,,retry_now,,,Failure classified as network_timeout,v1.0,CLASSIFIER,RECOVERY_TXN0033
AUD_20260901184037754180,TXN0033,ACTION_PROPOSED,2026-09-01T18:40:37.754180+00:00,,,retry_now,,,Proposed recovery action: retry_now,v1.0,CLASSIFIER,RECOVERY_TXN0033
AUD_20260901184037754938,TXN0034,FAILURE_CLASSIFIED,2026-09-01T18:40:37.754938+00:00,,,send_nudge,,,Failure classified as invalid_card,v1.0,CLASSIFIER,RECOVERY_TXN0034
AUD_20260901184037755483,TXN0034,ACTION_PROPOSED,2026-09-01T18:40:37.755483+00:00,,,send_nudge,,,Proposed recovery action: send_nudge,v1.0,CLASSIFIER,RECOVERY_TXN0034
AUD_20260901184037756279,TXN0035,FAILURE_CLASSIFIED,2026-09-01T18:40:37.756279+00:00,,,retry_later,,,Failure classified as insufficient_funds,v1.0,CLASSIFIER,RECOVERY_TXN0035
AUD_20260901184037756812,TXN0035,ACTION_PROPOSED,2026-09-01T18:40:37.756812+00:00,,,retry_later,,,Proposed recovery action: retry_later,v1.0,CLASSIFIER,RECOVERY_TXN0035
AUD_20260901184037757470,TXN0036,FAILURE_CLASSIFIED,2026-09-01T18:40:37.757470+00:00,,,retry_now,,,Failure classified as network_timeout,v1.0,CLASSIFIER,RECOVERY_TXN0036
AUD_20260901184037758029,TXN0036,ACTION_PROPOSED,2026-09-01T18:40:37.758029+00:00,,,retry_now,,,Proposed recovery action: retry_now,v1.0,CLASSIFIER,RECOVERY_TXN0036
AUD_20260901184037758755,TXN0037,FAILURE_CLASSIFIED,2026-09-01T18:40:37.758755+00:00,,,retry_later,,,Failure classified as insufficient_funds,v1.0,CLASSIFIER,RECOVERY_TXN0037
AUD_20260901184037759343,TXN0037,ACTION_PROPOSED,2026-09-01T18:40:37.759343+00:00,,,retry_later,,,Proposed recovery action: retry_later,v1.0,CLASSIFIER,RECOVERY_TXN0037
AUD_20260901184037760144,TXN0038,FAILURE_CLASSIFIED,2026-09-01T18:40:37.760144+00:00,,,retry_now,,,Failure classified as network_timeout,v1.0,CLASSIFIER,RECOVERY_TXN0038
AUD_20260901184037760760,TXN0038,ACTION_PROPOSED,2026-09-01T18:40:37.760760+00:00,,,retry_now,,,Proposed recovery action: retry_now,v1.0,CLASSIFIER,RECOVERY_TXN0038
AUD_20260901184037761419,TXN0039,FAILURE_CLASSIFIED,2026-09-01T18:40:37.761419+00:00,,,manual_review,,,Failure classified as fraud_blocked,v1.0,CLASSIFIER,RECOVERY_TXN0039
AUD_20260901184037762074,TXN0039,ACTION_PROPOSED,2026-09-01T18:40:37.762074+00:00,,,manual_review,,,Proposed recovery action: manual_review,v1.0,CLASSIFIER,RECOVERY_TXN0039
AUD_20260901184037763041,TXN0040,FAILURE_CLASSIFIED,2026-09-01T18:40:37.763041+00:00,,,send_nudge,,,Failure classified as card_expired,v1.0,CLASSIFIER,RECOVERY_TXN0040
AUD_20260901184037763785,TXN0040,ACTION_PROPOSED,2026-09-01T18:40:37.763785+00:00,,,send_nudge,,,Proposed recovery action: send_nudge,v1.0,CLASSIFIER,RECOVERY_TXN0040
AUD_20260901184037764586,TXN0041,FAILURE_CLASSIFIED,2026-09-01T18:40:37.764586+00:00,,,retry_later,,,Failure classified as insufficient_funds,v1.0,CLASSIFIER,RECOVERY_TXN0041
AUD_20260901184037765181,TXN0041,ACTION_PROPOSED,2026-09-01T18:40:37.765181+00:00,,,retry_later,,,Proposed recovery action: retry_later,v1.0,CLASSIFIER,RECOVERY_TXN0041
AUD_20260901184037766244,TXN0042,FAILURE_CLASSIFIED,2026-09-01T18:40:37.766244+00:00,,,retry_later,,,Failure classified as insufficient_funds,v1.0,CLASSIFIER,RECOVERY_TXN0042
AUD_20260901184037767265,TXN0042,ACTION_PROPOSED,2026-09-01T18:40:37.767265+00:00,,,retry_later,,,Proposed recovery action: retry_later,v1.0,CLASSIFIER,RECOVERY_TXN0042
AUD_20260901184037768096,TXN0043,FAILURE_CLASSIFIED,2026-09-01T18:40:37.768096+00:00,,,retry_later,,,Failure classified as insufficient_funds,v1.0,CLASSIFIER,RECOVERY_TXN0043
AUD_20260901184037768730,TXN0043,ACTION_PROPOSED,2026-09-01T18:40:37.768730+00:00,,,retry_later,,,Proposed recovery action: retry_later,v1.0,CLASSIFIER,RECOVERY_TXN0043
AUD_20260901184037769599,TXN0044,FAILURE_CLASSIFIED,2026-09-01T18:40:37.769599+00:00,,,retry_later,,,Failure classified as insufficient_funds,v1.0,CLASSIFIER,RECOVERY_TXN0044
AUD_20260901184037770303,TXN0044,ACTION_PROPOSED,2026-09-01T18:40:37.770303+00:00,,,retry_later,,,Proposed recovery action: retry_later,v1.0,CLASSIFIER,RECOVERY_TXN0044
AUD_20260901184037771061,TXN0045,FAILURE_CLASSIFIED,2026-09-01T18:40:37.771061+00:00,,,retry_later,,,Failure classified as insufficient_funds,v1.0,CLASSIFIER,RECOVERY_TXN0045
AUD_20260901184037771651,TXN0045,ACTION_PROPOSED,2026-09-01T18:40:37.771651+00:00,,,retry_later,,,Proposed recovery action: retry_later,v1.0,CLASSIFIER,RECOVERY_TXN0045
AUD_20260901184037772384,TXN0046,FAILURE_CLASSIFIED,2026-09-01T18:40:37.772384+00:00,,,retry_later,,,Failure classified as insufficient_funds,v1.0,CLASSIFIER,RECOVERY_TXN0046
AUD_20260901184037773020,TXN0046,ACTION_PROPOSED,2026-09-01T18:40:37.773020+00:00,,,retry_later,,,Proposed recovery action: retry_later,v1.0,CLASSIFIER,RECOVERY_TXN0046
AUD_20260901184037773745,TXN0047,FAILURE_CLASSIFIED,2026-09-01T18:40:37.773745+00:00,,,retry_later,,,Failure classified as insufficient_funds,v1.0,CLASSIFIER,RECOVERY_TXN0047
AUD_20260901184037774316,TXN0047,ACTION_PROPOSED,2026-09-01T18:40:37.774316+00:00,,,retry_later,,,Proposed recovery action: retry_later,v1.0,CLASSIFIER,RECOVERY_TXN0047
AUD_20260901184037775122,TXN0048,FAILURE_CLASSIFIED,2026-09-01T18:40:37.775122+00:00,,,send_nudge,,,Failure classified as invalid_card,v1.0,CLASSIFIER,RECOVERY_TXN0048
AUD_20260901184037775724,TXN0048,ACTION_PROPOSED,2026-09-01T18:40:37.775724+00:00,,,send_nudge,,,Proposed recovery action: send_nudge,v1.0,CLASSIFIER,RECOVERY_TXN0048
AUD_20260901184037776409,TXN0049,FAILURE_CLASSIFIED,2026-09-01T18:40:37.776409+00:00,,,send_nudge,,,Failure classified as card_expired,v1.0,CLASSIFIER,RECOVERY_TXN0049
AUD_20260901184037777242,TXN0049,ACTION_PROPOSED,2026-09-01T18:40:37.777242+00:00,,,send_nudge,,,Proposed recovery action: send_nudge,v1.0,CLASSIFIER,RECOVERY_TXN0049
AUD_20260901184037778717,TXN0050,FAILURE_CLASSIFIED,2026-09-01T18:40:37.778717+00:00,,,retry_later,,,Failure classified as insufficient_funds,v1.0,CLASSIFIER,RECOVERY_TXN0050
AUD_20260901184037779569,TXN0050,ACTION_PROPOSED,2026-09-01T18:40:37.779569+00:00,,,retry_later,,,Proposed recovery action: retry_later,v1.0,CLASSIFIER,RECOVERY_TXN0050
AUD_20260901184037780602,TXN0051,FAILURE_CLASSIFIED,2026-09-01T18:40:37.780602+00:00,,,retry_now,,,Failure classified as network_timeout,v1.0,CLASSIFIER,RECOVERY_TXN0051
AUD_20260901184037781356,TXN0051,ACTION_PROPOSED,2026-09-01T18:40:37.781356+00:00,,,retry_now,,,Proposed recovery action: retry_now,v1.0,CLASSIFIER,RECOVERY_TXN0051
AUD_20260901184037782443,TXN0052,FAILURE_CLASSIFIED,2026-09-01T18:40:37.782443+00:00,,,send_nudge,,,Failure classified as invalid_card,v1.0,CLASSIFIER,RECOVERY_TXN0052
AUD_20260901184037783777,TXN0052,ACTION_PROPOSED,2026-09-01T18:40:37.783777+00:00,,,send_nudge,,,Proposed recovery action: send_nudge,v1.0,CLASSIFIER,RECOVERY_TXN0052
AUD_20260901184037784879,TXN0053,FAILURE_CLASSIFIED,2026-09-01T18:40:37.784879+00:00,,,retry_now,,,Failure classified as network_timeout,v1.0,CLASSIFIER,RECOVERY_TXN0053
AUD_20260901184037785474,TXN0053,ACTION_PROPOSED,2026-09-01T18:40:37.785474+00:00,,,retry_now,,,Proposed recovery action: retry_now,v1.0,CLASSIFIER,RECOVERY_TXN0053
AUD_20260901184037786189,TXN0054,FAILURE_CLASSIFIED,2026-09-01T18:40:37.786189+00:00,,,send_nudge,,,Failure classified as invalid_card,v1.0,CLASSIFIER,RECOVERY_TXN0054
AUD_20260901184037786763,TXN0054,ACTION_PROPOSED,2026-09-01T18:40:37.786763+00:00,,,send_nudge,,,Proposed recovery action: send_nudge,v1.0,CLASSIFIER,RECOVERY_TXN0054
AUD_20260901184037787501,TXN0055,FAILURE_CLASSIFIED,2026-09-01T18:40:37.787501+00:00,,,send_nudge,,,Failure classified as invalid_card,v1.0,CLASSIFIER,RECOVERY_TXN0055
AUD_20260901184037788138,TXN0055,ACTION_PROPOSED,2026-09-01T18:40:37.788138+00:00,,,send_nudge,,,Proposed recovery action: send_nudge,v1.0,CLASSIFIER,RECOVERY_TXN0055
AUD_20260901184037789069,TXN0056,FAILURE_CLASSIFIED,2026-09-01T18:40:37.789069+00:00,,,send_nudge,,,Failure classified as invalid_card,v1.0,CLASSIFIER,RECOVERY_TXN0056
AUD_20260901184037789774,TXN0056,ACTION_PROPOSED,2026-09-01T18:40:37.789774+00:00,,,send_nudge,,,Proposed recovery action: send_nudge,v1.0,CLASSIFIER,RECOVERY_TXN0056
AUD_20260901184037790868,TXN0057,FAILURE_CLASSIFIED,2026-09-01T18:40:37.790868+00:00,,,send_nudge,,,Failure classified as card_expired,v1.0,CLASSIFIER,RECOVERY_TXN0057
AUD_20260901184037791653,TXN0057,ACTION_PROPOSED,2026-09-01T18:40:37.791653+00:00,,,send_nudge,,,Proposed recovery action: send_nudge,v1.0,CLASSIFIER,RECOVERY_TXN0057
AUD_20260901184037792511,TXN0058,FAILURE_CLASSIFIED,2026-09-01T18:40:37.792511+00:00,,,retry_now,,,Failure classified as network_timeout,v1.0,CLASSIFIER,RECOVERY_TXN0058
AUD_20260901184037793143,TXN0058,ACTION_PROPOSED,2026-09-01T18:40:37.793143+00:00,,,retry_now,,,Proposed recovery action: retry_now,v1.0,CLASSIFIER,RECOVERY_TXN0058
AUD_20260901184037794080,TXN0059,FAILURE_CLASSIFIED,2026-09-01T18:40:37.794080+00:00,,,retry_now,,,Failure classified as network_timeout,v1.0,CLASSIFIER,RECOVERY_TXN0059
AUD_20260901184037794943,TXN0059,ACTION_PROPOSED,2026-09-01T18:40:37.794943+00:00,,,retry_now,,,Proposed recovery action: retry_now,v1.0,CLASSIFIER,RECOVERY_TXN0059
AUD_20260901184037795748,TXN0060,FAILURE_CLASSIFIED,2026-09-01T18:40:37.795748+00:00,,,retry_now,,,Failure classified as network_timeout,v1.0,CLASSIFIER,RECOVERY_TXN0060
AUD_20260901184037796360,TXN0060,ACTION_PROPOSED,2026-09-01T18:40:37.796360+00:00,,,retry_now,,,Proposed recovery action: retry_now,v1.0,CLASSIFIER,RECOVERY_TXN0060
AUD_20260901184037797130,TXN0061,FAILURE_CLASSIFIED,2026-09-01T18:40:37.797130+00:00,,,send_nudge,,,Failure classified as invalid_card,v1.0,CLASSIFIER,RECOVERY_TXN0061
AUD_20260901184037797862,TXN0061,ACTION_PROPOSED,2026-09-01T18:40:37.797862+00:00,,,send_nudge,,,Proposed recovery action: send_nudge,v1.0,CLASSIFIER,RECOVERY_TXN0061
AUD_20260901184037798795,TXN0062,FAILURE_CLASSIFIED,2026-09-01T18:40:37.798795+00:00,,,retry_later,,,Failure classified as insufficient_funds,v1.0,CLASSIFIER,RECOVERY_TXN0062
AUD_20260901184037799582,TXN0062,ACTION_PROPOSED,2026-09-01T18:40:37.799582+00:00,,,retry_later,,,Proposed recovery action: retry_later,v1.0,CLASSIFIER,RECOVERY_TXN0062
AUD_20260901184037800403,TXN0063,FAILURE_CLASSIFIED,2026-09-01T18:40:37.800403+00:00,,,send_nudge,,,Failure classified as invalid_card,v1.0,CLASSIFIER,RECOVERY_TXN0063
AUD_20260901184037801556,TXN0063,ACTION_PROPOSED,2026-09-01T18:40:37.801556+00:00,,,send_nudge,,,Proposed recovery action: send_nudge,v1.0,CLASSIFIER,RECOVERY_TXN0063
AUD_20260901184037802436,TXN0064,FAILURE_CLASSIFIED,2026-09-01T18:40:37.802436+00:00,,,retry_later,,,Failure classified as insufficient_funds,v1.0,CLASSIFIER,RECOVERY_TXN0064
AUD_20260901184037803241,TXN0064,ACTION_PROPOSED,2026-09-01T18:40:37.803241+00:00,,,retry_later,,,Proposed recovery action: retry_later,v1.0,CLASSIFIER,RECOVERY_TXN0064
AUD_20260901184037804094,TXN0065,FAILURE_CLASSIFIED,2026-09-01T18:40:37.804094+00:00,,,send_nudge,,,Failure classified as invalid_card,v1.0,CLASSIFIER,RECOVERY_TXN0065
AUD_20260901184037804984,TXN0065,ACTION_PROPOSED,2026-09-01T18:40:37.804984+00:00,,,send_nudge,,,Proposed recovery action: send_nudge,v1.0,CLASSIFIER,RECOVERY_TXN0065
AUD_20260901184037806157,TXN0066,FAILURE_CLASSIFIED,2026-09-01T18:40:37.806157+00:00,,,retry_now,,,Failure classified as network_timeout,v1.0,CLASSIFIER,RECOVERY_TXN0066
AUD_20260901184037807106,TXN0066,ACTION_PROPOSED,2026-09-01T18:40:37.807106+00:00,,,retry_now,,,Proposed recovery action: retry_now,v1.0,CLASSIFIER,RECOVERY_TXN0066
AUD_20260901184037808144,TXN0067,FAILURE_CLASSIFIED,2026-09-01T18:40:37.808144+00:00,,,send_nudge,,,Failure classified as invalid_card,v1.0,CLASSIFIER,RECOVERY_TXN0067
AUD_20260901184037808863,TXN0067,ACTION_PROPOSED,2026-09-01T18:40:37.808863+00:00,,,send_nudge,,,Proposed recovery action: send_nudge,v1.0,CLASSIFIER,RECOVERY_TXN0067
AUD_20260901184037810241,TXN0068,FAILURE_CLASSIFIED,2026-09-01T18:40:37.810241+00:00,,,send_nudge,,,Failure classified as invalid_card,v1.0,CLASSIFIER,RECOVERY_TXN0068
AUD_20260901184037811248,TXN0068,ACTION_PROPOSED,2026-09-01T18:40:37.811248+00:00,,,send_nudge,,,Proposed recovery action: send_nudge,v1.0,CLASSIFIER,RECOVERY_TXN0068
AUD_20260901184037812511,TXN0069,FAILURE_CLASSIFIED,2026-09-01T18:40:37.812511+00:00,,,retry_now,,,Failure classified as network_timeout,v1.0,CLASSIFIER,RECOVERY_TXN0069
AUD_20260901184037813650,TXN0069,ACTION_PROPOSED,2026-09-01T18:40:37.813650+00:00,,,retry_now,,,Proposed recovery action: retry_now,v1.0,CLASSIFIER,RECOVERY_TXN0069
AUD_20260901184037815011,TXN0070,FAILURE_CLASSIFIED,2026-09-01T18:40:37.815011+00:00,,,send_nudge,,,Failure classified as invalid_card,v1.0,CLASSIFIER,RECOVERY_TXN0070
AUD_20260901184037815716,TXN0070,ACTION_PROPOSED,2026-09-01T18:40:37.815716+00:00,,,send_nudge,,,Proposed recovery action: send_nudge,v1.0,CLASSIFIER,RECOVERY_TXN0070
AUD_20260901184037816615,TXN0071,FAILURE_CLASSIFIED,2026-09-01T18:40:37.816615+00:00,,,retry_now,,,Failure classified as network_timeout,v1.0,CLASSIFIER,RECOVERY_TXN0071
AUD_20260901184037817436,TXN0071,ACTION_PROPOSED,2026-09-01T18:40:37.817436+00:00,,,retry_now,,,Proposed recovery action: retry_now,v1.0,CLASSIFIER,RECOVERY_TXN0071
AUD_20260901184037819113,TXN0072,FAILURE_CLASSIFIED,2026-09-01T18:40:37.819113+00:00,,,manual_review,,,Failure classified as fraud_blocked,v1.0,CLASSIFIER,RECOVERY_TXN0072
AUD_20260901184037819777,TXN0072,ACTION_PROPOSED,2026-09-01T18:40:37.819777+00:00,,,manual_review,,,Proposed recovery action: manual_review,v1.0,CLASSIFIER,RECOVERY_TXN0072
AUD_20260901184037820542,TXN0073,FAILURE_CLASSIFIED,2026-09-01T18:40:37.820542+00:00,,,retry_later,,,Failure classified as insufficient_funds,v1.0,CLASSIFIER,RECOVERY_TXN0073
AUD_20260901184037821176,TXN0073,ACTION_PROPOSED,2026-09-01T18:40:37.821176+00:00,,,retry_later,,,Proposed recovery action: retry_later,v1.0,CLASSIFIER,RECOVERY_TXN0073
AUD_20260901184037821991,TXN0074,FAILURE_CLASSIFIED,2026-09-01T18:40:37.821991+00:00,,,retry_later,,,Failure classified as insufficient_funds,v1.0,CLASSIFIER,RECOVERY_TXN0074
AUD_20260901184037822589,TXN0074,ACTION_PROPOSED,2026-09-01T18:40:37.822589+00:00,,,retry_later,,,Proposed recovery action: retry_later,v1.0,CLASSIFIER,RECOVERY_TXN0074
AUD_20260901184037823337,TXN0075,FAILURE_CLASSIFIED,2026-09-01T18:40:37.823337+00:00,,,retry_later,,,Failure classified as insufficient_funds,v1.0,CLASSIFIER,RECOVERY_TXN0075
AUD_20260901184037824031,TXN0075,ACTION_PROPOSED,2026-09-01T18:40:37.824031+00:00,,,retry_later,,,Proposed recovery action: retry_later,v1.0,CLASSIFIER,RECOVERY_TXN0075
AUD_20260901184037824983,TXN0076,FAILURE_CLASSIFIED,2026-09-01T18:40:37.824983+00:00,,,retry_later,,,Failure classified as insufficient_funds,v1.0,CLASSIFIER,RECOVERY_TXN0076
AUD_20260901184037825820,TXN0076,ACTION_PROPOSED,2026-09-01T18:40:37.825820+00:00,,,retry_later,,,Proposed recovery action: retry_later,v1.0,CLASSIFIER,RECOVERY_TXN0076
AUD_20260901184037826965,TXN0077,FAILURE_CLASSIFIED,2026-09-01T18:40:37.826965+00:00,,,retry_now,,,Failure classified as network_timeout,v1.0,CLASSIFIER,RECOVERY_TXN0077
AUD_20260901184037827771,TXN0077,ACTION_PROPOSED,2026-09-01T18:40:37.827771+00:00,,,retry_now,,,Proposed recovery action: retry_now,v1.0,CLASSIFIER,RECOVERY_TXN0077
AUD_20260901184037828777,TXN0078,FAILURE_CLASSIFIED,2026-09-01T18:40:37.828777+00:00,,,retry_later,,,Failure classified as insufficient_funds,v1.0,CLASSIFIER,RECOVERY_TXN0078
AUD_20260901184037829563,TXN0078,ACTION_PROPOSED,2026-09-01T18:40:37.829563+00:00,,,retry_later,,,Proposed recovery action: retry_later,v1.0,CLASSIFIER,RECOVERY_TXN0078
AUD_20260901184037830528,TXN0079,FAILURE_CLASSIFIED,2026-09-01T18:40:37.830528+00:00,,,retry_now,,,Failure classified as network_timeout,v1.0,CLASSIFIER,RECOVERY_TXN0079
AUD_20260901184037831310,TXN0079,ACTION_PROPOSED,2026-09-01T18:40:37.831310+00:00,,,retry_now,,,Proposed recovery action: retry_now,v1.0,CLASSIFIER,RECOVERY_TXN0079
AUD_20260901184037832196,TXN0080,FAILURE_CLASSIFIED,2026-09-01T18:40:37.832196+00:00,,,send_nudge,,,Failure classified as invalid_card,v1.0,CLASSIFIER,RECOVERY_TXN0080
AUD_20260901184037833055,TXN0080,ACTION_PROPOSED,2026-09-01T18:40:37.833055+00:00,,,send_nudge,,,Proposed recovery action: send_nudge,v1.0,CLASSIFIER,RECOVERY_TXN0080
AUD_20260901184037833904,TXN0081,FAILURE_CLASSIFIED,2026-09-01T18:40:37.833904+00:00,,,send_nudge,,,Failure classified as invalid_card,v1.0,CLASSIFIER,RECOVERY_TXN0081
AUD_20260901184037834478,TXN0081,ACTION_PROPOSED,2026-09-01T18:40:37.834478+00:00,,,send_nudge,,,Proposed recovery action: send_nudge,v1.0,CLASSIFIER,RECOVERY_TXN0081
AUD_20260901184037835213,TXN0082,FAILURE_CLASSIFIED,2026-09-01T18:40:37.835213+00:00,,,retry_later,,,Failure classified as insufficient_funds,v1.0,CLASSIFIER,RECOVERY_TXN0082
AUD_20260901184037835923,TXN0082,ACTION_PROPOSED,2026-09-01T18:40:37.835923+00:00,,,retry_later,,,Proposed recovery action: retry_later,v1.0,CLASSIFIER,RECOVERY_TXN0082
AUD_20260901184037836775,TXN0083,FAILURE_CLASSIFIED,2026-09-01T18:40:37.836775+00:00,,,retry_later,,,Failure classified as insufficient_funds,v1.0,CLASSIFIER,RECOVERY_TXN0083
AUD_20260901184037837362,TXN0083,ACTION_PROPOSED,2026-09-01T18:40:37.837362+00:00,,,retry_later,,,Proposed recovery action: retry_later,v1.0,CLASSIFIER,RECOVERY_TXN0083
AUD_20260901184037838120,TXN0084,FAILURE_CLASSIFIED,2026-09-01T18:40:37.838120+00:00,,,retry_now,,,Failure classified as network_timeout,v1.0,CLASSIFIER,RECOVERY_TXN0084
AUD_20260901184037838745,TXN0084,ACTION_PROPOSED,2026-09-01T18:40:37.838745+00:00,,,retry_now,,,Proposed recovery action: retry_now,v1.0,CLASSIFIER,RECOVERY_TXN0084
AUD_20260901184037839491,TXN0085,FAILURE_CLASSIFIED,2026-09-01T18:40:37.839491+00:00,,,send_nudge,,,Failure classified as invalid_card,v1.0,CLASSIFIER,RECOVERY_TXN0085
AUD_20260901184037840136,TXN0085,ACTION_PROPOSED,2026-09-01T18:40:37.840136+00:00,,,send_nudge,,,Proposed recovery action: send_nudge,v1.0,CLASSIFIER,RECOVERY_TXN0085
AUD_20260901184037840835,TXN0086,FAILURE_CLASSIFIED,2026-09-01T18:40:37.840835+00:00,,,manual_review,,,Failure classified as fraud_blocked,v1.0,CLASSIFIER,RECOVERY_TXN0086
AUD_20260901184037841627,TXN0086,ACTION_PROPOSED,2026-09-01T18:40:37.841627+00:00,,,manual_review,,,Proposed recovery action: manual_review,v1.0,CLASSIFIER,RECOVERY_TXN0086
AUD_20260901184037842362,TXN0087,FAILURE_CLASSIFIED,2026-09-01T18:40:37.842362+00:00,,,send_nudge,,,Failure classified as invalid_card,v1.0,CLASSIFIER,RECOVERY_TXN0087
AUD_20260901184037842923,TXN0087,ACTION_PROPOSED,2026-09-01T18:40:37.842923+00:00,,,send_nudge,,,Proposed recovery action: send_nudge,v1.0,CLASSIFIER,RECOVERY_TXN0087
AUD_20260901184037843621,TXN0088,FAILURE_CLASSIFIED,2026-09-01T18:40:37.843621+00:00,,,send_nudge,,,Failure classified as invalid_card,v1.0,CLASSIFIER,RECOVERY_TXN0088
AUD_20260901184037844149,TXN0088,ACTION_PROPOSED,2026-09-01T18:40:37.844149+00:00,,,send_nudge,,,Proposed recovery action: send_nudge,v1.0,CLASSIFIER,RECOVERY_TXN0088
AUD_20260901184037844845,TXN0089,FAILURE_CLASSIFIED,2026-09-01T18:40:37.844845+00:00,,,send_nudge,,,Failure classified as card_expired,v1.0,CLASSIFIER,RECOVERY_TXN0089
AUD_20260901184037845377,TXN0089,ACTION_PROPOSED,2026-09-01T18:40:37.845377+00:00,,,send_nudge,,,Proposed recovery action: send_nudge,v1.0,CLASSIFIER,RECOVERY_TXN0089
AUD_20260901184037846054,TXN0090,FAILURE_CLASSIFIED,2026-09-01T18:40:37.846054+00:00,,,retry_later,,,Failure classified as insufficient_funds,v1.0,CLASSIFIER,RECOVERY_TXN0090
AUD_20260901184037846590,TXN0090,ACTION_PROPOSED,2026-09-01T18:40:37.846590+00:00,,,retry_later,,,Proposed recovery action: retry_later,v1.0,CLASSIFIER,RECOVERY_TXN0090
AUD_20260901184037847283,TXN0091,FAILURE_CLASSIFIED,2026-09-01T18:40:37.847283+00:00,,,manual_review,,,Failure classified as fraud_blocked,v1.0,CLASSIFIER,RECOVERY_TXN0091
AUD_20260901184037847823,TXN0091,ACTION_PROPOSED,2026-09-01T18:40:37.847823+00:00,,,manual_review,,,Proposed recovery action: manual_review,v1.0,CLASSIFIER,RECOVERY_TXN0091
AUD_20260901184037848521,TXN0092,FAILURE_CLASSIFIED,2026-09-01T18:40:37.848521+00:00,,,retry_later,,,Failure classified as insufficient_funds,v1.0,CLASSIFIER,RECOVERY_TXN0092
AUD_20260901184037849134,TXN0092,ACTION_PROPOSED,2026-09-01T18:40:37.849134+00:00,,,retry_later,,,Proposed recovery action: retry_later,v1.0,CLASSIFIER,RECOVERY_TXN0092
AUD_20260901184037850052,TXN0093,FAILURE_CLASSIFIED,2026-09-01T18:40:37.850052+00:00,,,retry_later,,,Failure classified as insufficient_funds,v1.0,CLASSIFIER,RECOVERY_TXN0093
AUD_20260901184037850577,TXN0093,ACTION_PROPOSED,2026-09-01T18:40:37.850577+00:00,,,retry_later,,,Proposed recovery action: retry_later,v1.0,CLASSIFIER,RECOVERY_TXN0093
AUD_20260901184037851177,TXN0094,FAILURE_CLASSIFIED,2026-09-01T18:40:37.851177+00:00,,,send_nudge,,,Failure classified as invalid_card,v1.0,CLASSIFIER,RECOVERY_TXN0094
AUD_20260901184037851661,TXN0094,ACTION_PROPOSED,2026-09-01T18:40:37.851661+00:00,,,send_nudge,,,Proposed recovery action: send_nudge,v1.0,CLASSIFIER,RECOVERY_TXN0094
AUD_20260901184037852264,TXN0095,FAILURE_CLASSIFIED,2026-09-01T18:40:37.852264+00:00,,,send_nudge,,,Failure classified as invalid_card,v1.0,CLASSIFIER,RECOVERY_TXN0095
AUD_20260901184037852728,TXN0095,ACTION_PROPOSED,2026-09-01T18:40:37.852728+00:00,,,send_nudge,,,Proposed recovery action: send_nudge,v1.0,CLASSIFIER,RECOVERY_TXN0095
AUD_20260901184037853303,TXN0096,FAILURE_CLASSIFIED,2026-09-01T18:40:37.853303+00:00,,,retry_now,,,Failure classified as network_timeout,v1.0,CLASSIFIER,RECOVERY_TXN0096
AUD_20260901184037853776,TXN0096,ACTION_PROPOSED,2026-09-01T18:40:37.853776+00:00,,,retry_now,,,Proposed recovery action: retry_now,v1.0,CLASSIFIER,RECOVERY_TXN0096
AUD_20260901184037854382,TXN0097,FAILURE_CLASSIFIED,2026-09-01T18:40:37.854382+00:00,,,send_nudge,,,Failure classified as invalid_card,v1.0,CLASSIFIER,RECOVERY_TXN0097
AUD_20260901184037854897,TXN0097,ACTION_PROPOSED,2026-09-01T18:40:37.854897+00:00,,,send_nudge,,,Proposed recovery action: send_nudge,v1.0,CLASSIFIER,RECOVERY_TXN0097
AUD_20260901184037855753,TXN0098,FAILURE_CLASSIFIED,2026-09-01T18:40:37.855753+00:00,,,retry_later,,,Failure classified as insufficient_funds,v1.0,CLASSIFIER,RECOVERY_TXN0098
AUD_20260901184037856683,TXN0098,ACTION_PROPOSED,2026-09-01T18:40:37.856683+00:00,,,retry_later,,,Proposed recovery action: retry_later,v1.0,CLASSIFIER,RECOVERY_TXN0098
AUD_20260901184037857935,TXN0099,FAILURE_CLASSIFIED,2026-09-01T18:40:37.857935+00:00,,,retry_now,,,Failure classified as network_timeout,v1.0,CLASSIFIER,RECOVERY_TXN0099
AUD_20260901184037858670,TXN0099,ACTION_PROPOSED,2026-09-01T18:40:37.858670+00:00,,,retry_now,,,Proposed recovery action: retry_now,v1.0,CLASSIFIER,RECOVERY_TXN0099
AUD_20260901184037859510,TXN0100,FAILURE_CLASSIFIED,2026-09-01T18:40:37.859510+00:00,,,retry_later,,,Failure classified as insufficient_funds,v1.0,CLASSIFIER,RECOVERY_TXN0100
AUD_20260901184037860159,TXN0100,ACTION_PROPOSED,2026-09-01T18:40:37.860159+00:00,,,retry_later,,,Proposed recovery action: retry_later,v1.0,CLASSIFIER,RECOVERY_TXN0100
AUD_20260901184037861257,TXN0101,FAILURE_CLASSIFIED,2026-09-01T18:40:37.861257+00:00,,,send_nudge,,,Failure classified as card_expired,v1.0,CLASSIFIER,RECOVERY_TXN0101
AUD_20260901184037861930,TXN0101,ACTION_PROPOSED,2026-09-01T18:40:37.861930+00:00,,,send_nudge,,,Proposed recovery action: send_nudge,v1.0,CLASSIFIER,RECOVERY_TXN0101
AUD_20260901184037863425,TXN0102,FAILURE_CLASSIFIED,2026-09-01T18:40:37.863425+00:00,,,send_nudge,,,Failure classified as card_expired,v1.0,CLASSIFIER,RECOVERY_TXN0102
AUD_20260901184037864199,TXN0102,ACTION_PROPOSED,2026-09-01T18:40:37.864199+00:00,,,send_nudge,,,Proposed recovery action: send_nudge,v1.0,CLASSIFIER,RECOVERY_TXN0102
AUD_20260901184037865145,TXN0103,FAILURE_CLASSIFIED,2026-09-01T18:40:37.865145+00:00,,,retry_later,,,Failure classified as insufficient_funds,v1.0,CLASSIFIER,RECOVERY_TXN0103
AUD_20260901184037865870,TXN0103,ACTION_PROPOSED,2026-09-01T18:40:37.865870+00:00,,,retry_later,,,Proposed recovery action: retry_later,v1.0,CLASSIFIER,RECOVERY_TXN0103
AUD_20260901184037866914,TXN0104,FAILURE_CLASSIFIED,2026-09-01T18:40:37.866914+00:00,,,send_nudge,,,Failure classified as invalid_card,v1.0,CLASSIFIER,RECOVERY_TXN0104
AUD_20260901184037867997,TXN0104,ACTION_PROPOSED,2026-09-01T18:40:37.867997+00:00,,,send_nudge,,,Proposed recovery action: send_nudge,v1.0,CLASSIFIER,RECOVERY_TXN0104
AUD_20260901184037868914,TXN0105,FAILURE_CLASSIFIED,2026-09-01T18:40:37.868914+00:00,,,send_nudge,,,Failure classified as invalid_card,v1.0,CLASSIFIER,RECOVERY_TXN0105
AUD_20260901184037869755,TXN0105,ACTION_PROPOSED,2026-09-01T18:40:37.869755+00:00,,,send_nudge,,,Proposed recovery action: send_nudge,v1.0,CLASSIFIER,RECOVERY_TXN0105
AUD_20260901184037870671,TXN0106,FAILURE_CLASSIFIED,2026-09-01T18:40:37.870671+00:00,,,retry_now,,,Failure classified as network_timeout,v1.0,CLASSIFIER,RECOVERY_TXN0106
AUD_20260901184037871387,TXN0106,ACTION_PROPOSED,2026-09-01T18:40:37.871387+00:00,,,retry_now,,,Proposed recovery action: retry_now,v1.0,CLASSIFIER,RECOVERY_TXN0106
AUD_20260901184037872482,TXN0107,FAILURE_CLASSIFIED,2026-09-01T18:40:37.872482+00:00,,,send_nudge,,,Failure classified as card_expired,v1.0,CLASSIFIER,RECOVERY_TXN0107
AUD_20260901184037907157,TXN0107,ACTION_PROPOSED,2026-09-01T18:40:37.907157+00:00,,,send_nudge,,,Proposed recovery action: send_nudge,v1.0,CLASSIFIER,RECOVERY_TXN0107
AUD_20260901184037908591,TXN0108,FAILURE_CLASSIFIED,2026-09-01T18:40:37.908591+00:00,,,retry_later,,,Failure classified as insufficient_funds,v1.0,CLASSIFIER,RECOVERY_TXN0108
AUD_20260901184037910255,TXN0108,ACTION_PROPOSED,2026-09-01T18:40:37.910255+00:00,,,retry_later,,,Proposed recovery action: retry_later,v1.0,CLASSIFIER,RECOVERY_TXN0108
AUD_20260901184037911479,TXN0109,FAILURE_CLASSIFIED,2026-09-01T18:40:37.911479+00:00,,,manual_review,,,Failure classified as fraud_blocked,v1.0,CLASSIFIER,RECOVERY_TXN0109
AUD_20260901184037912466,TXN0109,ACTION_PROPOSED,2026-09-01T18:40:37.912466+00:00,,,manual_review,,,Proposed recovery action: manual_review,v1.0,CLASSIFIER,RECOVERY_TXN0109
AUD_20260901184037913692,TXN0110,FAILURE_CLASSIFIED,2026-09-01T18:40:37.913692+00:00,,,retry_later,,,Failure classified as insufficient_funds,v1.0,CLASSIFIER,RECOVERY_TXN0110
AUD_20260901184037914568,TXN0110,ACTION_PROPOSED,2026-09-01T18:40:37.914568+00:00,,,retry_later,,,Proposed recovery action: retry_later,v1.0,CLASSIFIER,RECOVERY_TXN0110
AUD_20260901184037916742,TXN0111,FAILURE_CLASSIFIED,2026-09-01T18:40:37.916742+00:00,,,send_nudge,,,Failure classified as card_expired,v1.0,CLASSIFIER,RECOVERY_TXN0111
AUD_20260901184037917724,TXN0111,ACTION_PROPOSED,2026-09-01T18:40:37.917724+00:00,,,send_nudge,,,Proposed recovery action: send_nudge,v1.0,CLASSIFIER,RECOVERY_TXN0111
AUD_20260901184037918905,TXN0112,FAILURE_CLASSIFIED,2026-09-01T18:40:37.918905+00:00,,,send_nudge,,,Failure classified as card_expired,v1.0,CLASSIFIER,RECOVERY_TXN0112
AUD_20260901184037922610,TXN0112,ACTION_PROPOSED,2026-09-01T18:40:37.922610+00:00,,,send_nudge,,,Proposed recovery action: send_nudge,v1.0,CLASSIFIER,RECOVERY_TXN0112
AUD_20260901184037923653,TXN0113,FAILURE_CLASSIFIED,2026-09-01T18:40:37.923653+00:00,,,retry_later,,,Failure classified as insufficient_funds,v1.0,CLASSIFIER,RECOVERY_TXN0113
AUD_20260901184037924460,TXN0113,ACTION_PROPOSED,2026-09-01T18:40:37.924460+00:00,,,retry_later,,,Proposed recovery action: retry_later,v1.0,CLASSIFIER,RECOVERY_TXN0113
AUD_20260901184037925423,TXN0114,FAILURE_CLASSIFIED,2026-09-01T18:40:37.925423+00:00,,,send_nudge,,,Failure classified as invalid_card,v1.0,CLASSIFIER,RECOVERY_TXN0114
AUD_20260901184037926269,TXN0114,ACTION_PROPOSED,2026-09-01T18:40:37.926269+00:00,,,send_nudge,,,Proposed recovery action: send_nudge,v1.0,CLASSIFIER,RECOVERY_TXN0114
AUD_20260901184037941718,TXN0115,FAILURE_CLASSIFIED,2026-09-01T18:40:37.941718+00:00,,,manual_review,,,Failure classified as fraud_blocked,v1.0,CLASSIFIER,RECOVERY_TXN0115
AUD_20260901184037942881,TXN0115,ACTION_PROPOSED,2026-09-01T18:40:37.942881+00:00,,,manual_review,,,Proposed recovery action: manual_review,v1.0,CLASSIFIER,RECOVERY_TXN0115
AUD_20260901184037944060,TXN0116,FAILURE_CLASSIFIED,2026-09-01T18:40:37.944060+00:00,,,retry_later,,,Failure classified as insufficient_funds,v1.0,CLASSIFIER,RECOVERY_TXN0116
AUD_20260901184037945058,TXN0116,ACTION_PROPOSED,2026-09-01T18:40:37.945058+00:00,,,retry_later,,,Proposed recovery action: retry_later,v1.0,CLASSIFIER,RECOVERY_TXN0116
AUD_20260901184037946593,TXN0117,FAILURE_CLASSIFIED,2026-09-01T18:40:37.946593+00:00,,,retry_now,,,Failure classified as network_timeout,v1.0,CLASSIFIER,RECOVERY_TXN0117
AUD_20260901184037947818,TXN0117,ACTION_PROPOSED,2026-09-01T18:40:37.947818+00:00,,,retry_now,,,Proposed recovery action: retry_now,v1.0,CLASSIFIER,RECOVERY_TXN0117
AUD_20260901184037948556,TXN0118,FAILURE_CLASSIFIED,2026-09-01T18:40:37.948556+00:00,,,send_nudge,,,Failure classified as invalid_card,v1.0,CLASSIFIER,RECOVERY_TXN0118
AUD_20260901184037949113,TXN0118,ACTION_PROPOSED,2026-09-01T18:40:37.949113+00:00,,,send_nudge,,,Proposed recovery action: send_nudge,v1.0,CLASSIFIER,RECOVERY_TXN0118
AUD_20260901184037950106,TXN0119,FAILURE_CLASSIFIED,2026-09-01T18:40:37.950106+00:00,,,send_nudge,,,Failure classified as invalid_card,v1.0,CLASSIFIER,RECOVERY_TXN0119
AUD_20260901184037951314,TXN0119,ACTION_PROPOSED,2026-09-01T18:40:37.951314+00:00,,,send_nudge,,,Proposed recovery action: send_nudge,v1.0,CLASSIFIER,RECOVERY_TXN0119
AUD_20260901184037952916,TXN0120,FAILURE_CLASSIFIED,2026-09-01T18:40:37.952916+00:00,,,retry_later,,,Failure classified as insufficient_funds,v1.0,CLASSIFIER,RECOVERY_TXN0120
AUD_20260901184037953594,TXN0120,ACTION_PROPOSED,2026-09-01T18:40:37.953594+00:00,,,retry_later,,,Proposed recovery action: retry_later,v1.0,CLASSIFIER,RECOVERY_TXN0120
AUD_20260901184037954750,TXN0121,FAILURE_CLASSIFIED,2026-09-01T18:40:37.954750+00:00,,,retry_later,,,Failure classified as insufficient_funds,v1.0,CLASSIFIER,RECOVERY_TXN0121
AUD_20260901184037955626,TXN0121,ACTION_PROPOSED,2026-09-01T18:40:37.955626+00:00,,,retry_later,,,Proposed recovery action: retry_later,v1.0,CLASSIFIER,RECOVERY_TXN0121
AUD_20260901184037956554,TXN0122,FAILURE_CLASSIFIED,2026-09-01T18:40:37.956554+00:00,,,retry_later,,,Failure classified as insufficient_funds,v1.0,CLASSIFIER,RECOVERY_TXN0122
AUD_20260901184037957276,TXN0122,ACTION_PROPOSED,2026-09-01T18:40:37.957276+00:00,,,retry_later,,,Proposed recovery action: retry_later,v1.0,CLASSIFIER,RECOVERY_TXN0122
AUD_20260901184037958029,TXN0123,FAILURE_CLASSIFIED,2026-09-01T18:40:37.958029+00:00,,,retry_later,,,Failure classified as insufficient_funds,v1.0,CLASSIFIER,RECOVERY_TXN0123
AUD_20260901184037958589,TXN0123,ACTION_PROPOSED,2026-09-01T18:40:37.958589+00:00,,,retry_later,,,Proposed recovery action: retry_later,v1.0,CLASSIFIER,RECOVERY_TXN0123
AUD_20260901184037959279,TXN0124,FAILURE_CLASSIFIED,2026-09-01T18:40:37.959279+00:00,,,retry_later,,,Failure classified as insufficient_funds,v1.0,CLASSIFIER,RECOVERY_TXN0124
AUD_20260901184037959819,TXN0124,ACTION_PROPOSED,2026-09-01T18:40:37.959819+00:00,,,retry_later,,,Proposed recovery action: retry_later,v1.0,CLASSIFIER,RECOVERY_TXN0124
AUD_20260901184037960463,TXN0125,FAILURE_CLASSIFIED,2026-09-01T18:40:37.960463+00:00,,,retry_now,,,Failure classified as network_timeout,v1.0,CLASSIFIER,RECOVERY_TXN0125
AUD_20260901184037960977,TXN0125,ACTION_PROPOSED,2026-09-01T18:40:37.960977+00:00,,,retry_now,,,Proposed recovery action: retry_now,v1.0,CLASSIFIER,RECOVERY_TXN0125
AUD_20260901184037961633,TXN0126,FAILURE_CLASSIFIED,2026-09-01T18:40:37.961633+00:00,,,send_nudge,,,Failure classified as invalid_card,v1.0,CLASSIFIER,RECOVERY_TXN0126
AUD_20260901184037962203,TXN0126,ACTION_PROPOSED,2026-09-01T18:40:37.962203+00:00,,,send_nudge,,,Proposed recovery action: send_nudge,v1.0,CLASSIFIER,RECOVERY_TXN0126
AUD_20260901184037962883,TXN0127,FAILURE_CLASSIFIED,2026-09-01T18:40:37.962883+00:00,,,retry_later,,,Failure classified as insufficient_funds,v1.0,CLASSIFIER,RECOVERY_TXN0127
AUD_20260901184037963410,TXN0127,ACTION_PROPOSED,2026-09-01T18:40:37.963410+00:00,,,retry_later,,,Proposed recovery action: retry_later,v1.0,CLASSIFIER,RECOVERY_TXN0127
AUD_20260901184037964077,TXN0128,FAILURE_CLASSIFIED,2026-09-01T18:40:37.964077+00:00,,,retry_later,,,Failure classified as insufficient_funds,v1.0,CLASSIFIER,RECOVERY_TXN0128
AUD_20260901184037964621,TXN0128,ACTION_PROPOSED,2026-09-01T18:40:37.964621+00:00,,,retry_later,,,Proposed recovery action: retry_later,v1.0,CLASSIFIER,RECOVERY_TXN0128
AUD_20260901184037965329,TXN0129,FAILURE_CLASSIFIED,2026-09-01T18:40:37.965329+00:00,,,send_nudge,,,Failure classified as invalid_card,v1.0,CLASSIFIER,RECOVERY_TXN0129
AUD_20260901184037965826,TXN0129,ACTION_PROPOSED,2026-09-01T18:40:37.965826+00:00,,,send_nudge,,,Proposed recovery action: send_nudge,v1.0,CLASSIFIER,RECOVERY_TXN0129
AUD_20260901184037966732,TXN0130,FAILURE_CLASSIFIED,2026-09-01T18:40:37.966732+00:00,,,send_nudge,,,Failure classified as invalid_card,v1.0,CLASSIFIER,RECOVERY_TXN0130
AUD_20260901184037967495,TXN0130,ACTION_PROPOSED,2026-09-01T18:40:37.967495+00:00,,,send_nudge,,,Proposed recovery action: send_nudge,v1.0,CLASSIFIER,RECOVERY_TXN0130
AUD_20260901184037970204,TXN0131,FAILURE_CLASSIFIED,2026-09-01T18:40:37.970204+00:00,,,retry_later,,,Failure classified as insufficient_funds,v1.0,CLASSIFIER,RECOVERY_TXN0131
AUD_20260901184037971063,TXN0131,ACTION_PROPOSED,2026-09-01T18:40:37.971063+00:00,,,retry_later,,,Proposed recovery action: retry_later,v1.0,CLASSIFIER,RECOVERY_TXN0131
AUD_20260901184037972087,TXN0132,FAILURE_CLASSIFIED,2026-09-01T18:40:37.972087+00:00,,,send_nudge,,,Failure classified as invalid_card,v1.0,CLASSIFIER,RECOVERY_TXN0132
AUD_20260901184037972980,TXN0132,ACTION_PROPOSED,2026-09-01T18:40:37.972980+00:00,,,send_nudge,,,Proposed recovery action: send_nudge,v1.0,CLASSIFIER,RECOVERY_TXN0132
AUD_20260901184037973989,TXN0133,FAILURE_CLASSIFIED,2026-09-01T18:40:37.973989+00:00,,,send_nudge,,,Failure classified as invalid_card,v1.0,CLASSIFIER,RECOVERY_TXN0133
AUD_20260901184037974748,TXN0133,ACTION_PROPOSED,2026-09-01T18:40:37.974748+00:00,,,send_nudge,,,Proposed recovery action: send_nudge,v1.0,CLASSIFIER,RECOVERY_TXN0133
AUD_20260901184037975804,TXN0134,FAILURE_CLASSIFIED,2026-09-01T18:40:37.975804+00:00,,,retry_now,,,Failure classified as network_timeout,v1.0,CLASSIFIER,RECOVERY_TXN0134
AUD_20260901184037976420,TXN0134,ACTION_PROPOSED,2026-09-01T18:40:37.976420+00:00,,,retry_now,,,Proposed recovery action: retry_now,v1.0,CLASSIFIER,RECOVERY_TXN0134
AUD_20260901184037977246,TXN0135,FAILURE_CLASSIFIED,2026-09-01T18:40:37.977246+00:00,,,retry_now,,,Failure classified as network_timeout,v1.0,CLASSIFIER,RECOVERY_TXN0135
AUD_20260901184037977970,TXN0135,ACTION_PROPOSED,2026-09-01T18:40:37.977970+00:00,,,retry_now,,,Proposed recovery action: retry_now,v1.0,CLASSIFIER,RECOVERY_TXN0135
AUD_20260901184037978756,TXN0136,FAILURE_CLASSIFIED,2026-09-01T18:40:37.978756+00:00,,,send_nudge,,,Failure classified as invalid_card,v1.0,CLASSIFIER,RECOVERY_TXN0136
AUD_20260901184037979456,TXN0136,ACTION_PROPOSED,2026-09-01T18:40:37.979456+00:00,,,send_nudge,,,Proposed recovery action: send_nudge,v1.0,CLASSIFIER,RECOVERY_TXN0136
AUD_20260901184037980596,TXN0137,FAILURE_CLASSIFIED,2026-09-01T18:40:37.980596+00:00,,,retry_later,,,Failure classified as insufficient_funds,v1.0,CLASSIFIER,RECOVERY_TXN0137
AUD_20260901184037981262,TXN0137,ACTION_PROPOSED,2026-09-01T18:40:37.981262+00:00,,,retry_later,,,Proposed recovery action: retry_later,v1.0,CLASSIFIER,RECOVERY_TXN0137
AUD_20260901184037981963,TXN0138,FAILURE_CLASSIFIED,2026-09-01T18:40:37.981963+00:00,,,send_nudge,,,Failure classified as invalid_card,v1.0,CLASSIFIER,RECOVERY_TXN0138
AUD_20260901184037982519,TXN0138,ACTION_PROPOSED,2026-09-01T18:40:37.982519+00:00,,,send_nudge,,,Proposed recovery action: send_nudge,v1.0,CLASSIFIER,RECOVERY_TXN0138
AUD_20260901184037984187,TXN0139,FAILURE_CLASSIFIED,2026-09-01T18:40:37.984187+00:00,,,send_nudge,,,Failure classified as card_expired,v1.0,CLASSIFIER,RECOVERY_TXN0139
AUD_20260901184037985325,TXN0139,ACTION_PROPOSED,2026-09-01T18:40:37.985325+00:00,,,send_nudge,,,Proposed recovery action: send_nudge,v1.0,CLASSIFIER,RECOVERY_TXN0139
AUD_20260901184037986563,TXN0140,FAILURE_CLASSIFIED,2026-09-01T18:40:37.986563+00:00,,,retry_later,,,Failure classified as insufficient_funds,v1.0,CLASSIFIER,RECOVERY_TXN0140
AUD_20260901184037987468,TXN0140,ACTION_PROPOSED,2026-09-01T18:40:37.987468+00:00,,,retry_later,,,Proposed recovery action: retry_later,v1.0,CLASSIFIER,RECOVERY_TXN0140
AUD_20260901184037988586,TXN0141,FAILURE_CLASSIFIED,2026-09-01T18:40:37.988586+00:00,,,retry_later,,,Failure classified as insufficient_funds,v1.0,CLASSIFIER,RECOVERY_TXN0141
AUD_20260901184037989401,TXN0141,ACTION_PROPOSED,2026-09-01T18:40:37.989401+00:00,,,retry_later,,,Proposed recovery action: retry_later,v1.0,CLASSIFIER,RECOVERY_TXN0141
AUD_20260901184037990325,TXN0142,FAILURE_CLASSIFIED,2026-09-01T18:40:37.990325+00:00,,,manual_review,,,Failure classified as fraud_blocked,v1.0,CLASSIFIER,RECOVERY_TXN0142
AUD_20260901184037990990,TXN0142,ACTION_PROPOSED,2026-09-01T18:40:37.990990+00:00,,,manual_review,,,Proposed recovery action: manual_review,v1.0,CLASSIFIER,RECOVERY_TXN0142
AUD_20260901184037991803,TXN0143,FAILURE_CLASSIFIED,2026-09-01T18:40:37.991803+00:00,,,send_nudge,,,Failure classified as card_expired,v1.0,CLASSIFIER,RECOVERY_TXN0143
AUD_20260901184037992567,TXN0143,ACTION_PROPOSED,2026-09-01T18:40:37.992567+00:00,,,send_nudge,,,Proposed recovery action: send_nudge,v1.0,CLASSIFIER,RECOVERY_TXN0143
AUD_20260901184037994566,TXN0144,FAILURE_CLASSIFIED,2026-09-01T18:40:37.994566+00:00,,,retry_later,,,Failure classified as insufficient_funds,v1.0,CLASSIFIER,RECOVERY_TXN0144
AUD_20260901184037996091,TXN0144,ACTION_PROPOSED,2026-09-01T18:40:37.996091+00:00,,,retry_later,,,Proposed recovery action: retry_later,v1.0,CLASSIFIER,RECOVERY_TXN0144
AUD_20260901184037997345,TXN0145,FAILURE_CLASSIFIED,2026-09-01T18:40:37.997345+00:00,,,send_nudge,,,Failure classified as invalid_card,v1.0,CLASSIFIER,RECOVERY_TXN0145
AUD_20260901184037998122,TXN0145,ACTION_PROPOSED,2026-09-01T18:40:37.998122+00:00,,,send_nudge,,,Proposed recovery action: send_nudge,v1.0,CLASSIFIER,RECOVERY_TXN0145
AUD_20260901184037998964,TXN0146,FAILURE_CLASSIFIED,2026-09-01T18:40:37.998964+00:00,,,send_nudge,,,Failure classified as card_expired,v1.0,CLASSIFIER,RECOVERY_TXN0146
AUD_20260901184037999873,TXN0146,ACTION_PROPOSED,2026-09-01T18:40:37.999873+00:00,,,send_nudge,,,Proposed recovery action: send_nudge,v1.0,CLASSIFIER,RECOVERY_TXN0146
AUD_20260901184038001138,TXN0147,FAILURE_CLASSIFIED,2026-09-01T18:40:38.001138+00:00,,,retry_later,,,Failure classified as insufficient_funds,v1.0,CLASSIFIER,RECOVERY_TXN0147
AUD_20260901184038001788,TXN0147,ACTION_PROPOSED,2026-09-01T18:40:38.001788+00:00,,,retry_later,,,Proposed recovery action: retry_later,v1.0,CLASSIFIER,RECOVERY_TXN0147
AUD_20260901184038002620,TXN0148,FAILURE_CLASSIFIED,2026-09-01T18:40:38.002620+00:00,,,retry_now,,,Failure classified as network_timeout,v1.0,CLASSIFIER,RECOVERY_TXN0148
AUD_20260901184038003277,TXN0148,ACTION_PROPOSED,2026-09-01T18:40:38.003277+00:00,,,retry_now,,,Proposed recovery action: retry_now,v1.0,CLASSIFIER,RECOVERY_TXN0148
AUD_20260901184038004069,TXN0149,FAILURE_CLASSIFIED,2026-09-01T18:40:38.004069+00:00,,,retry_now,,,Failure classified as network_timeout,v1.0,CLASSIFIER,RECOVERY_TXN0149
AUD_20260901184038004642,TXN0149,ACTION_PROPOSED,2026-09-01T18:40:38.004642+00:00,,,retry_now,,,Proposed recovery action: retry_now,v1.0,CLASSIFIER,RECOVERY_TXN0149
AUD_20260901184038005355,TXN0150,FAILURE_CLASSIFIED,2026-09-01T18:40:38.005355+00:00,,,retry_now,,,Failure classified as network_timeout,v1.0,CLASSIFIER,RECOVERY_TXN0150
AUD_20260901184038005917,TXN0150,ACTION_PROPOSED,2026-09-01T18:40:38.005917+00:00,,,retry_now,,,Proposed recovery action: retry_now,v1.0,CLASSIFIER,RECOVERY_TXN0150
AUD_20260901184038055530,TXN0110,POLICY_APPROVED,2026-09-01T18:40:38.055530+00:00,,,retry_later,retry_later,,Recovery action passed policy checks.,v1.0,POLICY_GATEWAY,RECOVERY_TXN0110
AUD_20260901184038056653,TXN0085,POLICY_SUPPRESSED,2026-09-01T18:40:38.056653+00:00,,,send_nudge,mark_lost,suppressed_do_not_contact,suppressed_do_not_contact,v1.0,POLICY_GATEWAY,RECOVERY_TXN0085
AUD_20260901184038057741,TXN0029,POLICY_APPROVED,2026-09-01T18:40:38.057741+00:00,,,retry_now,retry_now,,Recovery action passed policy checks.,v1.0,POLICY_GATEWAY,RECOVERY_TXN0029
AUD_20260901184038058680,TXN0058,POLICY_APPROVED,2026-09-01T18:40:38.058680+00:00,,,retry_now,retry_now,,Recovery action passed policy checks.,v1.0,POLICY_GATEWAY,RECOVERY_TXN0058
AUD_20260901184038059598,TXN0092,POLICY_APPROVED,2026-09-01T18:40:38.059598+00:00,,,retry_later,retry_later,,Recovery action passed policy checks.,v1.0,POLICY_GATEWAY,RECOVERY_TXN0092
AUD_20260901184038060454,TXN0143,POLICY_SUPPRESSED,2026-09-01T18:40:38.060454+00:00,,,send_nudge,mark_lost,suppressed_do_not_contact,suppressed_do_not_contact,v1.0,POLICY_GATEWAY,RECOVERY_TXN0143
AUD_20260901184038061364,TXN0142,POLICY_APPROVED,2026-09-01T18:40:38.061364+00:00,,,manual_review,manual_review,,Recovery action passed policy checks.,v1.0,POLICY_GATEWAY,RECOVERY_TXN0142
AUD_20260901184038062460,TXN0150,POLICY_APPROVED,2026-09-01T18:40:38.062460+00:00,,,retry_now,retry_now,,Recovery action passed policy checks.,v1.0,POLICY_GATEWAY,RECOVERY_TXN0150
AUD_20260901184038063596,TXN0126,POLICY_APPROVED,2026-09-01T18:40:38.063596+00:00,,,send_nudge,send_nudge,,Recovery action passed policy checks.,v1.0,POLICY_GATEWAY,RECOVERY_TXN0126
AUD_20260901184038064787,TXN0072,POLICY_APPROVED,2026-09-01T18:40:38.064787+00:00,,,manual_review,manual_review,,Recovery action passed policy checks.,v1.0,POLICY_GATEWAY,RECOVERY_TXN0072
AUD_20260901184038066469,TXN0033,POLICY_APPROVED,2026-09-01T18:40:38.066469+00:00,,,retry_now,retry_now,,Recovery action passed policy checks.,v1.0,POLICY_GATEWAY,RECOVERY_TXN0033
AUD_20260901184038068086,TXN0038,POLICY_APPROVED,2026-09-01T18:40:38.068086+00:00,,,retry_now,retry_now,,Recovery action passed policy checks.,v1.0,POLICY_GATEWAY,RECOVERY_TXN0038
AUD_20260901184038069492,TXN0053,POLICY_APPROVED,2026-09-01T18:40:38.069492+00:00,,,retry_now,retry_now,,Recovery action passed policy checks.,v1.0,POLICY_GATEWAY,RECOVERY_TXN0053
AUD_20260901184038070690,TXN0098,POLICY_APPROVED,2026-09-01T18:40:38.070690+00:00,,,retry_later,retry_later,,Recovery action passed policy checks.,v1.0,POLICY_GATEWAY,RECOVERY_TXN0098
AUD_20260901184038071814,TXN0032,POLICY_APPROVED,2026-09-01T18:40:38.071814+00:00,,,retry_now,retry_now,,Recovery action passed policy checks.,v1.0,POLICY_GATEWAY,RECOVERY_TXN0032
AUD_20260901184038073220,TXN0082,POLICY_APPROVED,2026-09-01T18:40:38.073220+00:00,,,retry_later,retry_later,,Recovery action passed policy checks.,v1.0,POLICY_GATEWAY,RECOVERY_TXN0082
AUD_20260901184038074645,TXN0113,POLICY_APPROVED,2026-09-01T18:40:38.074645+00:00,,,retry_later,retry_later,,Recovery action passed policy checks.,v1.0,POLICY_GATEWAY,RECOVERY_TXN0113
AUD_20260901184038075814,TXN0069,POLICY_APPROVED,2026-09-01T18:40:38.075814+00:00,,,retry_now,retry_now,,Recovery action passed policy checks.,v1.0,POLICY_GATEWAY,RECOVERY_TXN0069
AUD_20260901184038076713,TXN0030,POLICY_APPROVED,2026-09-01T18:40:38.076713+00:00,,,manual_review,manual_review,,Recovery action passed policy checks.,v1.0,POLICY_GATEWAY,RECOVERY_TXN0030
AUD_20260901184038077804,TXN0026,POLICY_APPROVED,2026-09-01T18:40:38.077804+00:00,,,retry_now,retry_now,,Recovery action passed policy checks.,v1.0,POLICY_GATEWAY,RECOVERY_TXN0026
AUD_20260901184038078837,TXN0043,POLICY_APPROVED,2026-09-01T18:40:38.078837+00:00,,,retry_later,retry_later,,Recovery action passed policy checks.,v1.0,POLICY_GATEWAY,RECOVERY_TXN0043
AUD_20260901184038079808,TXN0089,POLICY_APPROVED,2026-09-01T18:40:38.079808+00:00,,,send_nudge,send_nudge,,Recovery action passed policy checks.,v1.0,POLICY_GATEWAY,RECOVERY_TXN0089
AUD_20260901184038080800,TXN0128,POLICY_APPROVED,2026-09-01T18:40:38.080800+00:00,,,retry_later,retry_later,,Recovery action passed policy checks.,v1.0,POLICY_GATEWAY,RECOVERY_TXN0128
AUD_20260901184038081934,TXN0118,POLICY_SUPPRESSED,2026-09-01T18:40:38.081934+00:00,,,send_nudge,mark_lost,suppressed_do_not_contact,suppressed_do_not_contact,v1.0,POLICY_GATEWAY,RECOVERY_TXN0118
AUD_20260901184038083308,TXN0008,POLICY_APPROVED,2026-09-01T18:40:38.083308+00:00,,,retry_now,retry_now,,Recovery action passed policy checks.,v1.0,POLICY_GATEWAY,RECOVERY_TXN0008
AUD_20260901184038084641,TXN0087,POLICY_APPROVED,2026-09-01T18:40:38.084641+00:00,,,send_nudge,send_nudge,,Recovery action passed policy checks.,v1.0,POLICY_GATEWAY,RECOVERY_TXN0087
AUD_20260901184038085942,TXN0129,POLICY_APPROVED,2026-09-01T18:40:38.085942+00:00,,,send_nudge,send_nudge,,Recovery action passed policy checks.,v1.0,POLICY_GATEWAY,RECOVERY_TXN0129
AUD_20260901184038087158,TXN0147,POLICY_APPROVED,2026-09-01T18:40:38.087158+00:00,,,retry_later,retry_later,,Recovery action passed policy checks.,v1.0,POLICY_GATEWAY,RECOVERY_TXN0147
AUD_20260901184038088311,TXN0024,POLICY_SUPPRESSED,2026-09-01T18:40:38.088311+00:00,,,retry_later,mark_lost,suppressed_do_not_contact,suppressed_do_not_contact,v1.0,POLICY_GATEWAY,RECOVERY_TXN0024
AUD_20260901184038089483,TXN0138,POLICY_APPROVED,2026-09-01T18:40:38.089483+00:00,,,send_nudge,send_nudge,,Recovery action passed policy checks.,v1.0,POLICY_GATEWAY,RECOVERY_TXN0138
AUD_20260901184038090611,TXN0011,POLICY_APPROVED,2026-09-01T18:40:38.090611+00:00,,,send_nudge,send_nudge,,Recovery action passed policy checks.,v1.0,POLICY_GATEWAY,RECOVERY_TXN0011
AUD_20260901184038091694,TXN0036,POLICY_APPROVED,2026-09-01T18:40:38.091694+00:00,,,retry_now,retry_now,,Recovery action passed policy checks.,v1.0,POLICY_GATEWAY,RECOVERY_TXN0036
AUD_20260901184038092748,TXN0005,POLICY_APPROVED,2026-09-01T18:40:38.092748+00:00,,,retry_now,retry_now,,Recovery action passed policy checks.,v1.0,POLICY_GATEWAY,RECOVERY_TXN0005
AUD_20260901184038093964,TXN0027,POLICY_APPROVED,2026-09-01T18:40:38.093964+00:00,,,retry_later,retry_later,,Recovery action passed policy checks.,v1.0,POLICY_GATEWAY,RECOVERY_TXN0027
AUD_20260901184038094937,TXN0084,POLICY_APPROVED,2026-09-01T18:40:38.094937+00:00,,,retry_now,retry_now,,Recovery action passed policy checks.,v1.0,POLICY_GATEWAY,RECOVERY_TXN0084
AUD_20260901184038096000,TXN0073,POLICY_APPROVED,2026-09-01T18:40:38.096000+00:00,,,retry_later,retry_later,,Recovery action passed policy checks.,v1.0,POLICY_GATEWAY,RECOVERY_TXN0073
AUD_20260901184038097142,TXN0078,POLICY_SUPPRESSED,2026-09-01T18:40:38.097142+00:00,,,retry_later,mark_lost,suppressed_do_not_contact,suppressed_do_not_contact,v1.0,POLICY_GATEWAY,RECOVERY_TXN0078
AUD_20260901184038098040,TXN0131,POLICY_APPROVED,2026-09-01T18:40:38.098040+00:00,,,retry_later,retry_later,,Recovery action passed policy checks.,v1.0,POLICY_GATEWAY,RECOVERY_TXN0131
AUD_20260901184038098949,TXN0074,POLICY_APPROVED,2026-09-01T18:40:38.098949+00:00,,,retry_later,retry_later,,Recovery action passed policy checks.,v1.0,POLICY_GATEWAY,RECOVERY_TXN0074
AUD_20260901184038100063,TXN0042,POLICY_APPROVED,2026-09-01T18:40:38.100063+00:00,,,retry_later,retry_later,,Recovery action passed policy checks.,v1.0,POLICY_GATEWAY,RECOVERY_TXN0042
AUD_20260901184038101057,TXN0141,POLICY_SUPPRESSED,2026-09-01T18:40:38.101057+00:00,,,retry_later,mark_lost,suppressed_do_not_contact,suppressed_do_not_contact,v1.0,POLICY_GATEWAY,RECOVERY_TXN0141
AUD_20260901184038102020,TXN0146,POLICY_APPROVED,2026-09-01T18:40:38.102020+00:00,,,send_nudge,send_nudge,,Recovery action passed policy checks.,v1.0,POLICY_GATEWAY,RECOVERY_TXN0146
AUD_20260901184038103074,TXN0093,POLICY_APPROVED,2026-09-01T18:40:38.103074+00:00,,,retry_later,retry_later,,Recovery action passed policy checks.,v1.0,POLICY_GATEWAY,RECOVERY_TXN0093
AUD_20260901184038104277,TXN0103,POLICY_SUPPRESSED,2026-09-01T18:40:38.104277+00:00,,,retry_later,mark_lost,suppressed_retry_cap,suppressed_retry_cap,v1.0,POLICY_GATEWAY,RECOVERY_TXN0103
AUD_20260901184038105477,TXN0057,POLICY_APPROVED,2026-09-01T18:40:38.105477+00:00,,,send_nudge,send_nudge,,Recovery action passed policy checks.,v1.0,POLICY_GATEWAY,RECOVERY_TXN0057
AUD_20260901184038106412,TXN0107,POLICY_SUPPRESSED,2026-09-01T18:40:38.106412+00:00,,,send_nudge,mark_lost,suppressed_do_not_contact,suppressed_do_not_contact,v1.0,POLICY_GATEWAY,RECOVERY_TXN0107
AUD_20260901184038107369,TXN0052,POLICY_SUPPRESSED,2026-09-01T18:40:38.107369+00:00,,,send_nudge,mark_lost,suppressed_retry_cap,suppressed_retry_cap,v1.0,POLICY_GATEWAY,RECOVERY_TXN0052
AUD_20260901184038108344,TXN0100,POLICY_APPROVED,2026-09-01T18:40:38.108344+00:00,,,retry_later,retry_later,,Recovery action passed policy checks.,v1.0,POLICY_GATEWAY,RECOVERY_TXN0100
AUD_20260901184038109759,TXN0014,POLICY_SUPPRESSED,2026-09-01T18:40:38.109759+00:00,,,retry_later,mark_lost,suppressed_retry_cap,suppressed_retry_cap,v1.0,POLICY_GATEWAY,RECOVERY_TXN0014
AUD_20260901184038110904,TXN0025,POLICY_APPROVED,2026-09-01T18:40:38.110904+00:00,,,retry_now,retry_now,,Recovery action passed policy checks.,v1.0,POLICY_GATEWAY,RECOVERY_TXN0025
AUD_20260901184038112004,TXN0117,POLICY_APPROVED,2026-09-01T18:40:38.112004+00:00,,,retry_now,retry_now,,Recovery action passed policy checks.,v1.0,POLICY_GATEWAY,RECOVERY_TXN0117
AUD_20260901184038113088,TXN0041,POLICY_APPROVED,2026-09-01T18:40:38.113088+00:00,,,retry_later,retry_later,,Recovery action passed policy checks.,v1.0,POLICY_GATEWAY,RECOVERY_TXN0041
AUD_20260901184038114198,TXN0010,POLICY_APPROVED,2026-09-01T18:40:38.114198+00:00,,,retry_later,retry_later,,Recovery action passed policy checks.,v1.0,POLICY_GATEWAY,RECOVERY_TXN0010
AUD_20260901184038115306,TXN0045,POLICY_APPROVED,2026-09-01T18:40:38.115306+00:00,,,retry_later,retry_later,,Recovery action passed policy checks.,v1.0,POLICY_GATEWAY,RECOVERY_TXN0045
AUD_20260901184038117034,TXN0144,POLICY_APPROVED,2026-09-01T18:40:38.117034+00:00,,,retry_later,retry_later,,Recovery action passed policy checks.,v1.0,POLICY_GATEWAY,RECOVERY_TXN0144
AUD_20260901184038117975,TXN0102,POLICY_APPROVED,2026-09-01T18:40:38.117975+00:00,,,send_nudge,send_nudge,,Recovery action passed policy checks.,v1.0,POLICY_GATEWAY,RECOVERY_TXN0102
AUD_20260901184038119051,TXN0080,POLICY_APPROVED,2026-09-01T18:40:38.119051+00:00,,,send_nudge,send_nudge,,Recovery action passed policy checks.,v1.0,POLICY_GATEWAY,RECOVERY_TXN0080
AUD_20260901184038120213,TXN0068,POLICY_SUPPRESSED,2026-09-01T18:40:38.120213+00:00,,,send_nudge,mark_lost,suppressed_retry_cap,suppressed_retry_cap,v1.0,POLICY_GATEWAY,RECOVERY_TXN0068
AUD_20260901184038121328,TXN0132,POLICY_SUPPRESSED,2026-09-01T18:40:38.121328+00:00,,,send_nudge,mark_lost,suppressed_do_not_contact,suppressed_do_not_contact,v1.0,POLICY_GATEWAY,RECOVERY_TXN0132
AUD_20260901184038122571,TXN0064,POLICY_APPROVED,2026-09-01T18:40:38.122571+00:00,,,retry_later,retry_later,,Recovery action passed policy checks.,v1.0,POLICY_GATEWAY,RECOVERY_TXN0064
AUD_20260901184038123638,TXN0101,POLICY_APPROVED,2026-09-01T18:40:38.123638+00:00,,,send_nudge,send_nudge,,Recovery action passed policy checks.,v1.0,POLICY_GATEWAY,RECOVERY_TXN0101
AUD_20260901184038124935,TXN0075,POLICY_APPROVED,2026-09-01T18:40:38.124935+00:00,,,retry_later,retry_later,,Recovery action passed policy checks.,v1.0,POLICY_GATEWAY,RECOVERY_TXN0075
AUD_20260901184038126119,TXN0112,POLICY_SUPPRESSED,2026-09-01T18:40:38.126119+00:00,,,send_nudge,mark_lost,suppressed_retry_cap,suppressed_retry_cap,v1.0,POLICY_GATEWAY,RECOVERY_TXN0112
AUD_20260901184038127171,TXN0121,POLICY_APPROVED,2026-09-01T18:40:38.127171+00:00,,,retry_later,retry_later,,Recovery action passed policy checks.,v1.0,POLICY_GATEWAY,RECOVERY_TXN0121
AUD_20260901184038128238,TXN0054,POLICY_APPROVED,2026-09-01T18:40:38.128238+00:00,,,send_nudge,send_nudge,,Recovery action passed policy checks.,v1.0,POLICY_GATEWAY,RECOVERY_TXN0054
AUD_20260901184038129291,TXN0140,POLICY_APPROVED,2026-09-01T18:40:38.129291+00:00,,,retry_later,retry_later,,Recovery action passed policy checks.,v1.0,POLICY_GATEWAY,RECOVERY_TXN0140
AUD_20260901184038130364,TXN0015,POLICY_SUPPRESSED,2026-09-01T18:40:38.130364+00:00,,,retry_later,mark_lost,suppressed_do_not_contact,suppressed_do_not_contact,v1.0,POLICY_GATEWAY,RECOVERY_TXN0015
AUD_20260901184038131405,TXN0067,POLICY_APPROVED,2026-09-01T18:40:38.131405+00:00,,,send_nudge,send_nudge,,Recovery action passed policy checks.,v1.0,POLICY_GATEWAY,RECOVERY_TXN0067
AUD_20260901184038132486,TXN0066,POLICY_APPROVED,2026-09-01T18:40:38.132486+00:00,,,retry_now,retry_now,,Recovery action passed policy checks.,v1.0,POLICY_GATEWAY,RECOVERY_TXN0066
AUD_20260901184038133543,TXN0040,POLICY_APPROVED,2026-09-01T18:40:38.133543+00:00,,,send_nudge,send_nudge,,Recovery action passed policy checks.,v1.0,POLICY_GATEWAY,RECOVERY_TXN0040
AUD_20260901184038134473,TXN0119,POLICY_SUPPRESSED,2026-09-01T18:40:38.134473+00:00,,,send_nudge,mark_lost,suppressed_retry_cap,suppressed_retry_cap,v1.0,POLICY_GATEWAY,RECOVERY_TXN0119
AUD_20260901184038135330,TXN0051,POLICY_APPROVED,2026-09-01T18:40:38.135330+00:00,,,retry_now,retry_now,,Recovery action passed policy checks.,v1.0,POLICY_GATEWAY,RECOVERY_TXN0051
AUD_20260901184038136177,TXN0106,POLICY_APPROVED,2026-09-01T18:40:38.136177+00:00,,,retry_now,retry_now,,Recovery action passed policy checks.,v1.0,POLICY_GATEWAY,RECOVERY_TXN0106
AUD_20260901184038137038,TXN0070,POLICY_SUPPRESSED,2026-09-01T18:40:38.137038+00:00,,,send_nudge,mark_lost,suppressed_do_not_contact,suppressed_do_not_contact,v1.0,POLICY_GATEWAY,RECOVERY_TXN0070
AUD_20260901184038137871,TXN0096,POLICY_APPROVED,2026-09-01T18:40:38.137871+00:00,,,retry_now,retry_now,,Recovery action passed policy checks.,v1.0,POLICY_GATEWAY,RECOVERY_TXN0096
AUD_20260901184038138710,TXN0130,POLICY_APPROVED,2026-09-01T18:40:38.138710+00:00,,,send_nudge,send_nudge,,Recovery action passed policy checks.,v1.0,POLICY_GATEWAY,RECOVERY_TXN0130
AUD_20260901184038139604,TXN0028,POLICY_APPROVED,2026-09-01T18:40:38.139604+00:00,,,manual_review,manual_review,,Recovery action passed policy checks.,v1.0,POLICY_GATEWAY,RECOVERY_TXN0028
AUD_20260901184038140827,TXN0105,POLICY_APPROVED,2026-09-01T18:40:38.140827+00:00,,,send_nudge,send_nudge,,Recovery action passed policy checks.,v1.0,POLICY_GATEWAY,RECOVERY_TXN0105
AUD_20260901184038141995,TXN0081,POLICY_APPROVED,2026-09-01T18:40:38.141995+00:00,,,send_nudge,send_nudge,,Recovery action passed policy checks.,v1.0,POLICY_GATEWAY,RECOVERY_TXN0081
AUD_20260901184038143281,TXN0148,POLICY_APPROVED,2026-09-01T18:40:38.143281+00:00,,,retry_now,retry_now,,Recovery action passed policy checks.,v1.0,POLICY_GATEWAY,RECOVERY_TXN0148
AUD_20260901184038144414,TXN0004,POLICY_SUPPRESSED,2026-09-01T18:40:38.144414+00:00,,,send_nudge,mark_lost,suppressed_retry_cap,suppressed_retry_cap,v1.0,POLICY_GATEWAY,RECOVERY_TXN0004
AUD_20260901184038145499,TXN0111,POLICY_SUPPRESSED,2026-09-01T18:40:38.145499+00:00,,,send_nudge,mark_lost,suppressed_do_not_contact,suppressed_do_not_contact,v1.0,POLICY_GATEWAY,RECOVERY_TXN0111
AUD_20260901184038146499,TXN0047,POLICY_APPROVED,2026-09-01T18:40:38.146499+00:00,,,retry_later,retry_later,,Recovery action passed policy checks.,v1.0,POLICY_GATEWAY,RECOVERY_TXN0047
AUD_20260901184038147369,TXN0104,POLICY_SUPPRESSED,2026-09-01T18:40:38.147369+00:00,,,send_nudge,mark_lost,suppressed_retry_cap,suppressed_retry_cap,v1.0,POLICY_GATEWAY,RECOVERY_TXN0104
AUD_20260901184038148081,TXN0039,POLICY_APPROVED,2026-09-01T18:40:38.148081+00:00,,,manual_review,manual_review,,Recovery action passed policy checks.,v1.0,POLICY_GATEWAY,RECOVERY_TXN0039
AUD_20260901184038148813,TXN0127,POLICY_SUPPRESSED,2026-09-01T18:40:38.148813+00:00,,,retry_later,mark_lost,suppressed_retry_cap,suppressed_retry_cap,v1.0,POLICY_GATEWAY,RECOVERY_TXN0127
AUD_20260901184038149749,TXN0012,POLICY_SUPPRESSED,2026-09-01T18:40:38.149749+00:00,,,send_nudge,mark_lost,suppressed_retry_cap,suppressed_retry_cap,v1.0,POLICY_GATEWAY,RECOVERY_TXN0012
AUD_20260901184038150527,TXN0007,POLICY_SUPPRESSED,2026-09-01T18:40:38.150527+00:00,,,send_nudge,mark_lost,suppressed_retry_cap,suppressed_retry_cap,v1.0,POLICY_GATEWAY,RECOVERY_TXN0007
AUD_20260901184038151235,TXN0055,POLICY_SUPPRESSED,2026-09-01T18:40:38.151235+00:00,,,send_nudge,mark_lost,suppressed_do_not_contact,suppressed_do_not_contact,v1.0,POLICY_GATEWAY,RECOVERY_TXN0055
AUD_20260901184038151927,TXN0013,POLICY_APPROVED,2026-09-01T18:40:38.151927+00:00,,,retry_now,retry_now,,Recovery action passed policy checks.,v1.0,POLICY_GATEWAY,RECOVERY_TXN0013
AUD_20260901184038152579,TXN0099,POLICY_APPROVED,2026-09-01T18:40:38.152579+00:00,,,retry_now,retry_now,,Recovery action passed policy checks.,v1.0,POLICY_GATEWAY,RECOVERY_TXN0099
AUD_20260901184038153276,TXN0022,POLICY_APPROVED,2026-09-01T18:40:38.153276+00:00,,,retry_now,retry_now,,Recovery action passed policy checks.,v1.0,POLICY_GATEWAY,RECOVERY_TXN0022
AUD_20260901184038153998,TXN0083,POLICY_SUPPRESSED,2026-09-01T18:40:38.153998+00:00,,,retry_later,mark_lost,suppressed_retry_cap,suppressed_retry_cap,v1.0,POLICY_GATEWAY,RECOVERY_TXN0083
AUD_20260901184038154642,TXN0090,POLICY_SUPPRESSED,2026-09-01T18:40:38.154642+00:00,,,retry_later,mark_lost,suppressed_do_not_contact,suppressed_do_not_contact,v1.0,POLICY_GATEWAY,RECOVERY_TXN0090
AUD_20260901184038155305,TXN0135,POLICY_APPROVED,2026-09-01T18:40:38.155305+00:00,,,retry_now,retry_now,,Recovery action passed policy checks.,v1.0,POLICY_GATEWAY,RECOVERY_TXN0135
AUD_20260901184038155965,TXN0108,POLICY_SUPPRESSED,2026-09-01T18:40:38.155965+00:00,,,retry_later,mark_lost,suppressed_do_not_contact,suppressed_do_not_contact,v1.0,POLICY_GATEWAY,RECOVERY_TXN0108
AUD_20260901184038157078,TXN0077,POLICY_APPROVED,2026-09-01T18:40:38.157078+00:00,,,retry_now,retry_now,,Recovery action passed policy checks.,v1.0,POLICY_GATEWAY,RECOVERY_TXN0077
AUD_20260901184038157860,TXN0056,POLICY_SUPPRESSED,2026-09-01T18:40:38.157860+00:00,,,send_nudge,mark_lost,suppressed_do_not_contact,suppressed_do_not_contact,v1.0,POLICY_GATEWAY,RECOVERY_TXN0056
AUD_20260901184038158569,TXN0021,POLICY_SUPPRESSED,2026-09-01T18:40:38.158569+00:00,,,retry_later,mark_lost,suppressed_retry_cap,suppressed_retry_cap,v1.0,POLICY_GATEWAY,RECOVERY_TXN0021
AUD_20260901184038159237,TXN0120,POLICY_SUPPRESSED,2026-09-01T18:40:38.159237+00:00,,,retry_later,mark_lost,suppressed_do_not_contact,suppressed_do_not_contact,v1.0,POLICY_GATEWAY,RECOVERY_TXN0120
AUD_20260901184038159934,TXN0136,POLICY_APPROVED,2026-09-01T18:40:38.159934+00:00,,,send_nudge,send_nudge,,Recovery action passed policy checks.,v1.0,POLICY_GATEWAY,RECOVERY_TXN0136
AUD_20260901184038160620,TXN0049,POLICY_SUPPRESSED,2026-09-01T18:40:38.160620+00:00,,,send_nudge,mark_lost,suppressed_retry_cap,suppressed_retry_cap,v1.0,POLICY_GATEWAY,RECOVERY_TXN0049
AUD_20260901184038161277,TXN0001,POLICY_APPROVED,2026-09-01T18:40:38.161277+00:00,,,send_nudge,send_nudge,,Recovery action passed policy checks.,v1.0,POLICY_GATEWAY,RECOVERY_TXN0001
AUD_20260901184038161915,TXN0034,POLICY_SUPPRESSED,2026-09-01T18:40:38.161915+00:00,,,send_nudge,mark_lost,suppressed_retry_cap,suppressed_retry_cap,v1.0,POLICY_GATEWAY,RECOVERY_TXN0034
AUD_20260901184038162543,TXN0065,POLICY_APPROVED,2026-09-01T18:40:38.162543+00:00,,,send_nudge,send_nudge,,Recovery action passed policy checks.,v1.0,POLICY_GATEWAY,RECOVERY_TXN0065
AUD_20260901184038163201,TXN0122,POLICY_SUPPRESSED,2026-09-01T18:40:38.163201+00:00,,,retry_later,mark_lost,suppressed_retry_cap,suppressed_retry_cap,v1.0,POLICY_GATEWAY,RECOVERY_TXN0122
AUD_20260901184038163826,TXN0003,POLICY_APPROVED,2026-09-01T18:40:38.163826+00:00,,,retry_now,retry_now,,Recovery action passed policy checks.,v1.0,POLICY_GATEWAY,RECOVERY_TXN0003
AUD_20260901184038165063,TXN0017,POLICY_SUPPRESSED,2026-09-01T18:40:38.165063+00:00,,,retry_later,mark_lost,suppressed_retry_cap,suppressed_retry_cap,v1.0,POLICY_GATEWAY,RECOVERY_TXN0017
AUD_20260901184038165749,TXN0109,POLICY_APPROVED,2026-09-01T18:40:38.165749+00:00,,,manual_review,manual_review,,Recovery action passed policy checks.,v1.0,POLICY_GATEWAY,RECOVERY_TXN0109
AUD_20260901184038166704,TXN0016,POLICY_SUPPRESSED,2026-09-01T18:40:38.166704+00:00,,,retry_later,mark_lost,suppressed_retry_cap,suppressed_retry_cap,v1.0,POLICY_GATEWAY,RECOVERY_TXN0016
AUD_20260901184038167589,TXN0114,POLICY_SUPPRESSED,2026-09-01T18:40:38.167589+00:00,,,send_nudge,mark_lost,suppressed_retry_cap,suppressed_retry_cap,v1.0,POLICY_GATEWAY,RECOVERY_TXN0114
AUD_20260901184038168317,TXN0044,POLICY_APPROVED,2026-09-01T18:40:38.168317+00:00,,,retry_later,retry_later,,Recovery action passed policy checks.,v1.0,POLICY_GATEWAY,RECOVERY_TXN0044
AUD_20260901184038169039,TXN0019,POLICY_APPROVED,2026-09-01T18:40:38.169039+00:00,,,send_nudge,send_nudge,,Recovery action passed policy checks.,v1.0,POLICY_GATEWAY,RECOVERY_TXN0019
AUD_20260901184038169852,TXN0139,POLICY_APPROVED,2026-09-01T18:40:38.169852+00:00,,,send_nudge,send_nudge,,Recovery action passed policy checks.,v1.0,POLICY_GATEWAY,RECOVERY_TXN0139
AUD_20260901184038170834,TXN0031,POLICY_SUPPRESSED,2026-09-01T18:40:38.170834+00:00,,,retry_later,mark_lost,suppressed_do_not_contact,suppressed_do_not_contact,v1.0,POLICY_GATEWAY,RECOVERY_TXN0031
AUD_20260901184038171600,TXN0046,POLICY_SUPPRESSED,2026-09-01T18:40:38.171600+00:00,,,retry_later,mark_lost,suppressed_retry_cap,suppressed_retry_cap,v1.0,POLICY_GATEWAY,RECOVERY_TXN0046
AUD_20260901184038172526,TXN0097,POLICY_SUPPRESSED,2026-09-01T18:40:38.172526+00:00,,,send_nudge,mark_lost,suppressed_retry_cap,suppressed_retry_cap,v1.0,POLICY_GATEWAY,RECOVERY_TXN0097
AUD_20260901184038173421,TXN0050,POLICY_SUPPRESSED,2026-09-01T18:40:38.173421+00:00,,,retry_later,mark_lost,suppressed_retry_cap,suppressed_retry_cap,v1.0,POLICY_GATEWAY,RECOVERY_TXN0050
AUD_20260901184038174270,TXN0086,POLICY_APPROVED,2026-09-01T18:40:38.174270+00:00,,,manual_review,manual_review,,Recovery action passed policy checks.,v1.0,POLICY_GATEWAY,RECOVERY_TXN0086
AUD_20260901184038175132,TXN0037,POLICY_SUPPRESSED,2026-09-01T18:40:38.175132+00:00,,,retry_later,mark_lost,suppressed_retry_cap,suppressed_retry_cap,v1.0,POLICY_GATEWAY,RECOVERY_TXN0037
AUD_20260901184038175928,TXN0088,POLICY_SUPPRESSED,2026-09-01T18:40:38.175928+00:00,,,send_nudge,mark_lost,suppressed_retry_cap,suppressed_retry_cap,v1.0,POLICY_GATEWAY,RECOVERY_TXN0088
AUD_20260901184038176653,TXN0060,POLICY_APPROVED,2026-09-01T18:40:38.176653+00:00,,,retry_now,retry_now,,Recovery action passed policy checks.,v1.0,POLICY_GATEWAY,RECOVERY_TXN0060
AUD_20260901184038177424,TXN0006,POLICY_SUPPRESSED,2026-09-01T18:40:38.177424+00:00,,,retry_later,mark_lost,suppressed_retry_cap,suppressed_retry_cap,v1.0,POLICY_GATEWAY,RECOVERY_TXN0006
AUD_20260901184038178255,TXN0020,POLICY_APPROVED,2026-09-01T18:40:38.178255+00:00,,,retry_now,retry_now,,Recovery action passed policy checks.,v1.0,POLICY_GATEWAY,RECOVERY_TXN0020
AUD_20260901184038179240,TXN0123,POLICY_SUPPRESSED,2026-09-01T18:40:38.179240+00:00,,,retry_later,mark_lost,suppressed_retry_cap,suppressed_retry_cap,v1.0,POLICY_GATEWAY,RECOVERY_TXN0123
AUD_20260901184038180213,TXN0116,POLICY_SUPPRESSED,2026-09-01T18:40:38.180213+00:00,,,retry_later,mark_lost,suppressed_do_not_contact,suppressed_do_not_contact,v1.0,POLICY_GATEWAY,RECOVERY_TXN0116
AUD_20260901184038181188,TXN0062,POLICY_SUPPRESSED,2026-09-01T18:40:38.181188+00:00,,,retry_later,mark_lost,suppressed_retry_cap,suppressed_retry_cap,v1.0,POLICY_GATEWAY,RECOVERY_TXN0062
AUD_20260901184038182160,TXN0094,POLICY_SUPPRESSED,2026-09-01T18:40:38.182160+00:00,,,send_nudge,mark_lost,suppressed_retry_cap,suppressed_retry_cap,v1.0,POLICY_GATEWAY,RECOVERY_TXN0094
AUD_20260901184038183162,TXN0079,POLICY_APPROVED,2026-09-01T18:40:38.183162+00:00,,,retry_now,retry_now,,Recovery action passed policy checks.,v1.0,POLICY_GATEWAY,RECOVERY_TXN0079
AUD_20260901184038183905,TXN0076,POLICY_SUPPRESSED,2026-09-01T18:40:38.183905+00:00,,,retry_later,mark_lost,suppressed_retry_cap,suppressed_retry_cap,v1.0,POLICY_GATEWAY,RECOVERY_TXN0076
AUD_20260901184038184650,TXN0023,POLICY_APPROVED,2026-09-01T18:40:38.184650+00:00,,,send_nudge,send_nudge,,Recovery action passed policy checks.,v1.0,POLICY_GATEWAY,RECOVERY_TXN0023
AUD_20260901184038185392,TXN0002,POLICY_SUPPRESSED,2026-09-01T18:40:38.185392+00:00,,,retry_later,mark_lost,suppressed_retry_cap,suppressed_retry_cap,v1.0,POLICY_GATEWAY,RECOVERY_TXN0002
AUD_20260901184038186181,TXN0035,POLICY_SUPPRESSED,2026-09-01T18:40:38.186181+00:00,,,retry_later,mark_lost,suppressed_retry_cap,suppressed_retry_cap,v1.0,POLICY_GATEWAY,RECOVERY_TXN0035
AUD_20260901184038186918,TXN0133,POLICY_SUPPRESSED,2026-09-01T18:40:38.186918+00:00,,,send_nudge,mark_lost,suppressed_retry_cap,suppressed_retry_cap,v1.0,POLICY_GATEWAY,RECOVERY_TXN0133
AUD_20260901184038187671,TXN0009,POLICY_SUPPRESSED,2026-09-01T18:40:38.187671+00:00,,,send_nudge,mark_lost,suppressed_retry_cap,suppressed_retry_cap,v1.0,POLICY_GATEWAY,RECOVERY_TXN0009
AUD_20260901184038188544,TXN0145,POLICY_APPROVED,2026-09-01T18:40:38.188544+00:00,,,send_nudge,send_nudge,,Recovery action passed policy checks.,v1.0,POLICY_GATEWAY,RECOVERY_TXN0145
AUD_20260901184038189316,TXN0061,POLICY_SUPPRESSED,2026-09-01T18:40:38.189316+00:00,,,send_nudge,mark_lost,suppressed_do_not_contact,suppressed_do_not_contact,v1.0,POLICY_GATEWAY,RECOVERY_TXN0061
AUD_20260901184038190016,TXN0018,POLICY_SUPPRESSED,2026-09-01T18:40:38.190016+00:00,,,retry_later,mark_lost,suppressed_retry_cap,suppressed_retry_cap,v1.0,POLICY_GATEWAY,RECOVERY_TXN0018
AUD_20260901184038190861,TXN0124,POLICY_SUPPRESSED,2026-09-01T18:40:38.190861+00:00,,,retry_later,mark_lost,suppressed_retry_cap,suppressed_retry_cap,v1.0,POLICY_GATEWAY,RECOVERY_TXN0124
AUD_20260901184038191627,TXN0125,POLICY_APPROVED,2026-09-01T18:40:38.191627+00:00,,,retry_now,retry_now,,Recovery action passed policy checks.,v1.0,POLICY_GATEWAY,RECOVERY_TXN0125
AUD_20260901184038192404,TXN0048,POLICY_SUPPRESSED,2026-09-01T18:40:38.192404+00:00,,,send_nudge,mark_lost,suppressed_retry_cap,suppressed_retry_cap,v1.0,POLICY_GATEWAY,RECOVERY_TXN0048
AUD_20260901184038193100,TXN0059,POLICY_APPROVED,2026-09-01T18:40:38.193100+00:00,,,retry_now,retry_now,,Recovery action passed policy checks.,v1.0,POLICY_GATEWAY,RECOVERY_TXN0059
AUD_20260901184038193794,TXN0137,POLICY_SUPPRESSED,2026-09-01T18:40:38.193794+00:00,,,retry_later,mark_lost,suppressed_retry_cap,suppressed_retry_cap,v1.0,POLICY_GATEWAY,RECOVERY_TXN0137
AUD_20260901184038194472,TXN0134,POLICY_APPROVED,2026-09-01T18:40:38.194472+00:00,,,retry_now,retry_now,,Recovery action passed policy checks.,v1.0,POLICY_GATEWAY,RECOVERY_TXN0134
AUD_20260901184038195157,TXN0115,POLICY_APPROVED,2026-09-01T18:40:38.195157+00:00,,,manual_review,manual_review,,Recovery action passed policy checks.,v1.0,POLICY_GATEWAY,RECOVERY_TXN0115
AUD_20260901184038195855,TXN0063,POLICY_SUPPRESSED,2026-09-01T18:40:38.195855+00:00,,,send_nudge,mark_lost,suppressed_do_not_contact,suppressed_do_not_contact,v1.0,POLICY_GATEWAY,RECOVERY_TXN0063
AUD_20260901184038196579,TXN0095,POLICY_SUPPRESSED,2026-09-01T18:40:38.196579+00:00,,,send_nudge,mark_lost,suppressed_retry_cap,suppressed_retry_cap,v1.0,POLICY_GATEWAY,RECOVERY_TXN0095
AUD_20260901184038197295,TXN0091,POLICY_APPROVED,2026-09-01T18:40:38.197295+00:00,,,manual_review,manual_review,,Recovery action passed policy checks.,v1.0,POLICY_GATEWAY,RECOVERY_TXN0091
AUD_20260901184038197969,TXN0149,POLICY_APPROVED,2026-09-01T18:40:38.197969+00:00,,,retry_now,retry_now,,Recovery action passed policy checks.,v1.0,POLICY_GATEWAY,RECOVERY_TXN0149
AUD_20260901184038198648,TXN0071,POLICY_APPROVED,2026-09-01T18:40:38.198648+00:00,,,retry_now,retry_now,,Recovery action passed policy checks.,v1.0,POLICY_GATEWAY,RECOVERY_TXN0071
AUD_20260901185744551927,TXN0001,FAILED_PAYMENT_RECEIVED,2026-09-01T18:57:44.551927+00:00,,,,,,,v1.0,RECOVERY_PIPELINE,RECOVERY_TXN0001
AUD_20260901185744554234,TXN0002,FAILED_PAYMENT_RECEIVED,2026-09-01T18:57:44.554234+00:00,,,,,,,v1.0,RECOVERY_PIPELINE,RECOVERY_TXN0002
AUD_20260901185744555608,TXN0003,FAILED_PAYMENT_RECEIVED,2026-09-01T18:57:44.555608+00:00,,,,,,,v1.0,RECOVERY_PIPELINE,RECOVERY_TXN0003
AUD_20260901185744556847,TXN0004,FAILED_PAYMENT_RECEIVED,2026-09-01T18:57:44.556847+00:00,,,,,,,v1.0,RECOVERY_PIPELINE,RECOVERY_TXN0004
AUD_20260901185744558091,TXN0005,FAILED_PAYMENT_RECEIVED,2026-09-01T18:57:44.558091+00:00,,,,,,,v1.0,RECOVERY_PIPELINE,RECOVERY_TXN0005
AUD_20260901185744559337,TXN0006,FAILED_PAYMENT_RECEIVED,2026-09-01T18:57:44.559337+00:00,,,,,,,v1.0,RECOVERY_PIPELINE,RECOVERY_TXN0006
AUD_20260901185744560564,TXN0007,FAILED_PAYMENT_RECEIVED,2026-09-01T18:57:44.560564+00:00,,,,,,,v1.0,RECOVERY_PIPELINE,RECOVERY_TXN0007
AUD_20260901185744561797,TXN0008,FAILED_PAYMENT_RECEIVED,2026-09-01T18:57:44.561797+00:00,,,,,,,v1.0,RECOVERY_PIPELINE,RECOVERY_TXN0008
AUD_20260901185744563007,TXN0009,FAILED_PAYMENT_RECEIVED,2026-09-01T18:57:44.563007+00:00,,,,,,,v1.0,RECOVERY_PIPELINE,RECOVERY_TXN0009
AUD_20260901185744564244,TXN0010,FAILED_PAYMENT_RECEIVED,2026-09-01T18:57:44.564244+00:00,,,,,,,v1.0,RECOVERY_PIPELINE,RECOVERY_TXN0010
AUD_20260901185744565434,TXN0011,FAILED_PAYMENT_RECEIVED,2026-09-01T18:57:44.565434+00:00,,,,,,,v1.0,RECOVERY_PIPELINE,RECOVERY_TXN0011
AUD_20260901185744566647,TXN0012,FAILED_PAYMENT_RECEIVED,2026-09-01T18:57:44.566647+00:00,,,,,,,v1.0,RECOVERY_PIPELINE,RECOVERY_TXN0012
AUD_20260901185744567836,TXN0013,FAILED_PAYMENT_RECEIVED,2026-09-01T18:57:44.567836+00:00,,,,,,,v1.0,RECOVERY_PIPELINE,RECOVERY_TXN0013
AUD_20260901185744568832,TXN0014,FAILED_PAYMENT_RECEIVED,2026-09-01T18:57:44.568832+00:00,,,,,,,v1.0,RECOVERY_PIPELINE,RECOVERY_TXN0014
AUD_20260901185744569738,TXN0015,FAILED_PAYMENT_RECEIVED,2026-09-01T18:57:44.569738+00:00,,,,,,,v1.0,RECOVERY_PIPELINE,RECOVERY_TXN0015
AUD_20260901185744570547,TXN0016,FAILED_PAYMENT_RECEIVED,2026-09-01T18:57:44.570547+00:00,,,,,,,v1.0,RECOVERY_PIPELINE,RECOVERY_TXN0016
AUD_20260901185744571337,TXN0017,FAILED_PAYMENT_RECEIVED,2026-09-01T18:57:44.571337+00:00,,,,,,,v1.0,RECOVERY_PIPELINE,RECOVERY_TXN0017
AUD_20260901185744572148,TXN0018,FAILED_PAYMENT_RECEIVED,2026-09-01T18:57:44.572148+00:00,,,,,,,v1.0,RECOVERY_PIPELINE,RECOVERY_TXN0018
AUD_20260901185744572936,TXN0019,FAILED_PAYMENT_RECEIVED,2026-09-01T18:57:44.572936+00:00,,,,,,,v1.0,RECOVERY_PIPELINE,RECOVERY_TXN0019
AUD_20260901185744573794,TXN0020,FAILED_PAYMENT_RECEIVED,2026-09-01T18:57:44.573794+00:00,,,,,,,v1.0,RECOVERY_PIPELINE,RECOVERY_TXN0020
AUD_20260901185744574609,TXN0021,FAILED_PAYMENT_RECEIVED,2026-09-01T18:57:44.574609+00:00,,,,,,,v1.0,RECOVERY_PIPELINE,RECOVERY_TXN0021
AUD_20260901185744575298,TXN0022,FAILED_PAYMENT_RECEIVED,2026-09-01T18:57:44.575298+00:00,,,,,,,v1.0,RECOVERY_PIPELINE,RECOVERY_TXN0022
AUD_20260901185744576035,TXN0023,FAILED_PAYMENT_RECEIVED,2026-09-01T18:57:44.576035+00:00,,,,,,,v1.0,RECOVERY_PIPELINE,RECOVERY_TXN0023
AUD_20260901185744576774,TXN0024,FAILED_PAYMENT_RECEIVED,2026-09-01T18:57:44.576774+00:00,,,,,,,v1.0,RECOVERY_PIPELINE,RECOVERY_TXN0024
AUD_20260901185744577535,TXN0025,FAILED_PAYMENT_RECEIVED,2026-09-01T18:57:44.577535+00:00,,,,,,,v1.0,RECOVERY_PIPELINE,RECOVERY_TXN0025
AUD_20260901185744578277,TXN0026,FAILED_PAYMENT_RECEIVED,2026-09-01T18:57:44.578277+00:00,,,,,,,v1.0,RECOVERY_PIPELINE,RECOVERY_TXN0026
AUD_20260901185744579009,TXN0027,FAILED_PAYMENT_RECEIVED,2026-09-01T18:57:44.579009+00:00,,,,,,,v1.0,RECOVERY_PIPELINE,RECOVERY_TXN0027
AUD_20260901185744579753,TXN0028,FAILED_PAYMENT_RECEIVED,2026-09-01T18:57:44.579753+00:00,,,,,,,v1.0,RECOVERY_PIPELINE,RECOVERY_TXN0028
AUD_20260901185744580395,TXN0029,FAILED_PAYMENT_RECEIVED,2026-09-01T18:57:44.580395+00:00,,,,,,,v1.0,RECOVERY_PIPELINE,RECOVERY_TXN0029
AUD_20260901185744581054,TXN0030,FAILED_PAYMENT_RECEIVED,2026-09-01T18:57:44.581054+00:00,,,,,,,v1.0,RECOVERY_PIPELINE,RECOVERY_TXN0030
AUD_20260901185744581700,TXN0031,FAILED_PAYMENT_RECEIVED,2026-09-01T18:57:44.581700+00:00,,,,,,,v1.0,RECOVERY_PIPELINE,RECOVERY_TXN0031
AUD_20260901185744582436,TXN0032,FAILED_PAYMENT_RECEIVED,2026-09-01T18:57:44.582436+00:00,,,,,,,v1.0,RECOVERY_PIPELINE,RECOVERY_TXN0032
AUD_20260901185744583114,TXN0033,FAILED_PAYMENT_RECEIVED,2026-09-01T18:57:44.583114+00:00,,,,,,,v1.0,RECOVERY_PIPELINE,RECOVERY_TXN0033
AUD_20260901185744583727,TXN0034,FAILED_PAYMENT_RECEIVED,2026-09-01T18:57:44.583727+00:00,,,,,,,v1.0,RECOVERY_PIPELINE,RECOVERY_TXN0034
AUD_20260901185744584344,TXN0035,FAILED_PAYMENT_RECEIVED,2026-09-01T18:57:44.584344+00:00,,,,,,,v1.0,RECOVERY_PIPELINE,RECOVERY_TXN0035
AUD_20260901185744585060,TXN0036,FAILED_PAYMENT_RECEIVED,2026-09-01T18:57:44.585060+00:00,,,,,,,v1.0,RECOVERY_PIPELINE,RECOVERY_TXN0036
AUD_20260901185744585723,TXN0037,FAILED_PAYMENT_RECEIVED,2026-09-01T18:57:44.585723+00:00,,,,,,,v1.0,RECOVERY_PIPELINE,RECOVERY_TXN0037
AUD_20260901185744586313,TXN0038,FAILED_PAYMENT_RECEIVED,2026-09-01T18:57:44.586313+00:00,,,,,,,v1.0,RECOVERY_PIPELINE,RECOVERY_TXN0038
AUD_20260901185744586958,TXN0039,FAILED_PAYMENT_RECEIVED,2026-09-01T18:57:44.586958+00:00,,,,,,,v1.0,RECOVERY_PIPELINE,RECOVERY_TXN0039
AUD_20260901185744587641,TXN0040,FAILED_PAYMENT_RECEIVED,2026-09-01T18:57:44.587641+00:00,,,,,,,v1.0,RECOVERY_PIPELINE,RECOVERY_TXN0040
AUD_20260901185744588257,TXN0041,FAILED_PAYMENT_RECEIVED,2026-09-01T18:57:44.588257+00:00,,,,,,,v1.0,RECOVERY_PIPELINE,RECOVERY_TXN0041
AUD_20260901185744588870,TXN0042,FAILED_PAYMENT_RECEIVED,2026-09-01T18:57:44.588870+00:00,,,,,,,v1.0,RECOVERY_PIPELINE,RECOVERY_TXN0042
AUD_20260901185744589583,TXN0043,FAILED_PAYMENT_RECEIVED,2026-09-01T18:57:44.589583+00:00,,,,,,,v1.0,RECOVERY_PIPELINE,RECOVERY_TXN0043
AUD_20260901185744590365,TXN0044,FAILED_PAYMENT_RECEIVED,2026-09-01T18:57:44.590365+00:00,,,,,,,v1.0,RECOVERY_PIPELINE,RECOVERY_TXN0044
AUD_20260901185744591109,TXN0045,FAILED_PAYMENT_RECEIVED,2026-09-01T18:57:44.591109+00:00,,,,,,,v1.0,RECOVERY_PIPELINE,RECOVERY_TXN0045
AUD_20260901185744591908,TXN0046,FAILED_PAYMENT_RECEIVED,2026-09-01T18:57:44.591908+00:00,,,,,,,v1.0,RECOVERY_PIPELINE,RECOVERY_TXN0046
AUD_20260901185744592775,TXN0047,FAILED_PAYMENT_RECEIVED,2026-09-01T18:57:44.592775+00:00,,,,,,,v1.0,RECOVERY_PIPELINE,RECOVERY_TXN0047
AUD_20260901185744593490,TXN0048,FAILED_PAYMENT_RECEIVED,2026-09-01T18:57:44.593490+00:00,,,,,,,v1.0,RECOVERY_PIPELINE,RECOVERY_TXN0048
AUD_20260901185744594138,TXN0049,FAILED_PAYMENT_RECEIVED,2026-09-01T18:57:44.594138+00:00,,,,,,,v1.0,RECOVERY_PIPELINE,RECOVERY_TXN0049
AUD_20260901185744594959,TXN0050,FAILED_PAYMENT_RECEIVED,2026-09-01T18:57:44.594959+00:00,,,,,,,v1.0,RECOVERY_PIPELINE,RECOVERY_TXN0050
AUD_20260901185744595552,TXN0051,FAILED_PAYMENT_RECEIVED,2026-09-01T18:57:44.595552+00:00,,,,,,,v1.0,RECOVERY_PIPELINE,RECOVERY_TXN0051
AUD_20260901185744596161,TXN0052,FAILED_PAYMENT_RECEIVED,2026-09-01T18:57:44.596161+00:00,,,,,,,v1.0,RECOVERY_PIPELINE,RECOVERY_TXN0052
AUD_20260901185744596793,TXN0053,FAILED_PAYMENT_RECEIVED,2026-09-01T18:57:44.596793+00:00,,,,,,,v1.0,RECOVERY_PIPELINE,RECOVERY_TXN0053
AUD_20260901185744597390,TXN0054,FAILED_PAYMENT_RECEIVED,2026-09-01T18:57:44.597390+00:00,,,,,,,v1.0,RECOVERY_PIPELINE,RECOVERY_TXN0054
AUD_20260901185744598196,TXN0055,FAILED_PAYMENT_RECEIVED,2026-09-01T18:57:44.598196+00:00,,,,,,,v1.0,RECOVERY_PIPELINE,RECOVERY_TXN0055
AUD_20260901185744598914,TXN0056,FAILED_PAYMENT_RECEIVED,2026-09-01T18:57:44.598914+00:00,,,,,,,v1.0,RECOVERY_PIPELINE,RECOVERY_TXN0056
AUD_20260901185744599540,TXN0057,FAILED_PAYMENT_RECEIVED,2026-09-01T18:57:44.599540+00:00,,,,,,,v1.0,RECOVERY_PIPELINE,RECOVERY_TXN0057
AUD_20260901185744600184,TXN0058,FAILED_PAYMENT_RECEIVED,2026-09-01T18:57:44.600184+00:00,,,,,,,v1.0,RECOVERY_PIPELINE,RECOVERY_TXN0058
AUD_20260901185744600774,TXN0059,FAILED_PAYMENT_RECEIVED,2026-09-01T18:57:44.600774+00:00,,,,,,,v1.0,RECOVERY_PIPELINE,RECOVERY_TXN0059
AUD_20260901185744601361,TXN0060,FAILED_PAYMENT_RECEIVED,2026-09-01T18:57:44.601361+00:00,,,,,,,v1.0,RECOVERY_PIPELINE,RECOVERY_TXN0060
AUD_20260901185744601932,TXN0061,FAILED_PAYMENT_RECEIVED,2026-09-01T18:57:44.601932+00:00,,,,,,,v1.0,RECOVERY_PIPELINE,RECOVERY_TXN0061
AUD_20260901185744602512,TXN0062,FAILED_PAYMENT_RECEIVED,2026-09-01T18:57:44.602512+00:00,,,,,,,v1.0,RECOVERY_PIPELINE,RECOVERY_TXN0062
AUD_20260901185744603088,TXN0063,FAILED_PAYMENT_RECEIVED,2026-09-01T18:57:44.603088+00:00,,,,,,,v1.0,RECOVERY_PIPELINE,RECOVERY_TXN0063
AUD_20260901185744603683,TXN0064,FAILED_PAYMENT_RECEIVED,2026-09-01T18:57:44.603683+00:00,,,,,,,v1.0,RECOVERY_PIPELINE,RECOVERY_TXN0064
AUD_20260901185744604296,TXN0065,FAILED_PAYMENT_RECEIVED,2026-09-01T18:57:44.604296+00:00,,,,,,,v1.0,RECOVERY_PIPELINE,RECOVERY_TXN0065
AUD_20260901185744604878,TXN0066,FAILED_PAYMENT_RECEIVED,2026-09-01T18:57:44.604878+00:00,,,,,,,v1.0,RECOVERY_PIPELINE,RECOVERY_TXN0066
AUD_20260901185744605449,TXN0067,FAILED_PAYMENT_RECEIVED,2026-09-01T18:57:44.605449+00:00,,,,,,,v1.0,RECOVERY_PIPELINE,RECOVERY_TXN0067
AUD_20260901185744606024,TXN0068,FAILED_PAYMENT_RECEIVED,2026-09-01T18:57:44.606024+00:00,,,,,,,v1.0,RECOVERY_PIPELINE,RECOVERY_TXN0068
AUD_20260901185744606694,TXN0069,FAILED_PAYMENT_RECEIVED,2026-09-01T18:57:44.606694+00:00,,,,,,,v1.0,RECOVERY_PIPELINE,RECOVERY_TXN0069
AUD_20260901185744607305,TXN0070,FAILED_PAYMENT_RECEIVED,2026-09-01T18:57:44.607305+00:00,,,,,,,v1.0,RECOVERY_PIPELINE,RECOVERY_TXN0070
AUD_20260901185744607926,TXN0071,FAILED_PAYMENT_RECEIVED,2026-09-01T18:57:44.607926+00:00,,,,,,,v1.0,RECOVERY_PIPELINE,RECOVERY_TXN0071
AUD_20260901185744608529,TXN0072,FAILED_PAYMENT_RECEIVED,2026-09-01T18:57:44.608529+00:00,,,,,,,v1.0,RECOVERY_PIPELINE,RECOVERY_TXN0072
AUD_20260901185744609120,TXN0073,FAILED_PAYMENT_RECEIVED,2026-09-01T18:57:44.609120+00:00,,,,,,,v1.0,RECOVERY_PIPELINE,RECOVERY_TXN0073
AUD_20260901185744609802,TXN0074,FAILED_PAYMENT_RECEIVED,2026-09-01T18:57:44.609802+00:00,,,,,,,v1.0,RECOVERY_PIPELINE,RECOVERY_TXN0074
AUD_20260901185744610447,TXN0075,FAILED_PAYMENT_RECEIVED,2026-09-01T18:57:44.610447+00:00,,,,,,,v1.0,RECOVERY_PIPELINE,RECOVERY_TXN0075
AUD_20260901185744611087,TXN0076,FAILED_PAYMENT_RECEIVED,2026-09-01T18:57:44.611087+00:00,,,,,,,v1.0,RECOVERY_PIPELINE,RECOVERY_TXN0076
AUD_20260901185744611680,TXN0077,FAILED_PAYMENT_RECEIVED,2026-09-01T18:57:44.611680+00:00,,,,,,,v1.0,RECOVERY_PIPELINE,RECOVERY_TXN0077
AUD_20260901185744612315,TXN0078,FAILED_PAYMENT_RECEIVED,2026-09-01T18:57:44.612315+00:00,,,,,,,v1.0,RECOVERY_PIPELINE,RECOVERY_TXN0078
AUD_20260901185744612905,TXN0079,FAILED_PAYMENT_RECEIVED,2026-09-01T18:57:44.612905+00:00,,,,,,,v1.0,RECOVERY_PIPELINE,RECOVERY_TXN0079
AUD_20260901185744613476,TXN0080,FAILED_PAYMENT_RECEIVED,2026-09-01T18:57:44.613476+00:00,,,,,,,v1.0,RECOVERY_PIPELINE,RECOVERY_TXN0080
AUD_20260901185744614262,TXN0081,FAILED_PAYMENT_RECEIVED,2026-09-01T18:57:44.614262+00:00,,,,,,,v1.0,RECOVERY_PIPELINE,RECOVERY_TXN0081
AUD_20260901185744614911,TXN0082,FAILED_PAYMENT_RECEIVED,2026-09-01T18:57:44.614911+00:00,,,,,,,v1.0,RECOVERY_PIPELINE,RECOVERY_TXN0082
AUD_20260901185744615509,TXN0083,FAILED_PAYMENT_RECEIVED,2026-09-01T18:57:44.615509+00:00,,,,,,,v1.0,RECOVERY_PIPELINE,RECOVERY_TXN0083
AUD_20260901185744616115,TXN0084,FAILED_PAYMENT_RECEIVED,2026-09-01T18:57:44.616115+00:00,,,,,,,v1.0,RECOVERY_PIPELINE,RECOVERY_TXN0084
AUD_20260901185744616691,TXN0085,FAILED_PAYMENT_RECEIVED,2026-09-01T18:57:44.616691+00:00,,,,,,,v1.0,RECOVERY_PIPELINE,RECOVERY_TXN0085
AUD_20260901185744617408,TXN0086,FAILED_PAYMENT_RECEIVED,2026-09-01T18:57:44.617408+00:00,,,,,,,v1.0,RECOVERY_PIPELINE,RECOVERY_TXN0086
AUD_20260901185744618068,TXN0087,FAILED_PAYMENT_RECEIVED,2026-09-01T18:57:44.618068+00:00,,,,,,,v1.0,RECOVERY_PIPELINE,RECOVERY_TXN0087
AUD_20260901185744618683,TXN0088,FAILED_PAYMENT_RECEIVED,2026-09-01T18:57:44.618683+00:00,,,,,,,v1.0,RECOVERY_PIPELINE,RECOVERY_TXN0088
AUD_20260901185744619255,TXN0089,FAILED_PAYMENT_RECEIVED,2026-09-01T18:57:44.619255+00:00,,,,,,,v1.0,RECOVERY_PIPELINE,RECOVERY_TXN0089
AUD_20260901185744619829,TXN0090,FAILED_PAYMENT_RECEIVED,2026-09-01T18:57:44.619829+00:00,,,,,,,v1.0,RECOVERY_PIPELINE,RECOVERY_TXN0090
AUD_20260901185744620386,TXN0091,FAILED_PAYMENT_RECEIVED,2026-09-01T18:57:44.620386+00:00,,,,,,,v1.0,RECOVERY_PIPELINE,RECOVERY_TXN0091
AUD_20260901185744620962,TXN0092,FAILED_PAYMENT_RECEIVED,2026-09-01T18:57:44.620962+00:00,,,,,,,v1.0,RECOVERY_PIPELINE,RECOVERY_TXN0092
AUD_20260901185744621537,TXN0093,FAILED_PAYMENT_RECEIVED,2026-09-01T18:57:44.621537+00:00,,,,,,,v1.0,RECOVERY_PIPELINE,RECOVERY_TXN0093
AUD_20260901185744622101,TXN0094,FAILED_PAYMENT_RECEIVED,2026-09-01T18:57:44.622101+00:00,,,,,,,v1.0,RECOVERY_PIPELINE,RECOVERY_TXN0094
AUD_20260901185744622669,TXN0095,FAILED_PAYMENT_RECEIVED,2026-09-01T18:57:44.622669+00:00,,,,,,,v1.0,RECOVERY_PIPELINE,RECOVERY_TXN0095
AUD_20260901185744623241,TXN0096,FAILED_PAYMENT_RECEIVED,2026-09-01T18:57:44.623241+00:00,,,,,,,v1.0,RECOVERY_PIPELINE,RECOVERY_TXN0096
AUD_20260901185744623894,TXN0097,FAILED_PAYMENT_RECEIVED,2026-09-01T18:57:44.623894+00:00,,,,,,,v1.0,RECOVERY_PIPELINE,RECOVERY_TXN0097
AUD_20260901185744624541,TXN0098,FAILED_PAYMENT_RECEIVED,2026-09-01T18:57:44.624541+00:00,,,,,,,v1.0,RECOVERY_PIPELINE,RECOVERY_TXN0098
AUD_20260901185744625162,TXN0099,FAILED_PAYMENT_RECEIVED,2026-09-01T18:57:44.625162+00:00,,,,,,,v1.0,RECOVERY_PIPELINE,RECOVERY_TXN0099
AUD_20260901185744625781,TXN0100,FAILED_PAYMENT_RECEIVED,2026-09-01T18:57:44.625781+00:00,,,,,,,v1.0,RECOVERY_PIPELINE,RECOVERY_TXN0100
AUD_20260901185744626432,TXN0101,FAILED_PAYMENT_RECEIVED,2026-09-01T18:57:44.626432+00:00,,,,,,,v1.0,RECOVERY_PIPELINE,RECOVERY_TXN0101
AUD_20260901185744627016,TXN0102,FAILED_PAYMENT_RECEIVED,2026-09-01T18:57:44.627016+00:00,,,,,,,v1.0,RECOVERY_PIPELINE,RECOVERY_TXN0102
AUD_20260901185744627597,TXN0103,FAILED_PAYMENT_RECEIVED,2026-09-01T18:57:44.627597+00:00,,,,,,,v1.0,RECOVERY_PIPELINE,RECOVERY_TXN0103
AUD_20260901185744628192,TXN0104,FAILED_PAYMENT_RECEIVED,2026-09-01T18:57:44.628192+00:00,,,,,,,v1.0,RECOVERY_PIPELINE,RECOVERY_TXN0104
AUD_20260901185744628826,TXN0105,FAILED_PAYMENT_RECEIVED,2026-09-01T18:57:44.628826+00:00,,,,,,,v1.0,RECOVERY_PIPELINE,RECOVERY_TXN0105
AUD_20260901185744629570,TXN0106,FAILED_PAYMENT_RECEIVED,2026-09-01T18:57:44.629570+00:00,,,,,,,v1.0,RECOVERY_PIPELINE,RECOVERY_TXN0106
AUD_20260901185744630431,TXN0107,FAILED_PAYMENT_RECEIVED,2026-09-01T18:57:44.630431+00:00,,,,,,,v1.0,RECOVERY_PIPELINE,RECOVERY_TXN0107
AUD_20260901185744631263,TXN0108,FAILED_PAYMENT_RECEIVED,2026-09-01T18:57:44.631263+00:00,,,,,,,v1.0,RECOVERY_PIPELINE,RECOVERY_TXN0108
AUD_20260901185744632133,TXN0109,FAILED_PAYMENT_RECEIVED,2026-09-01T18:57:44.632133+00:00,,,,,,,v1.0,RECOVERY_PIPELINE,RECOVERY_TXN0109
AUD_20260901185744632929,TXN0110,FAILED_PAYMENT_RECEIVED,2026-09-01T18:57:44.632929+00:00,,,,,,,v1.0,RECOVERY_PIPELINE,RECOVERY_TXN0110
AUD_20260901185744636519,TXN0111,FAILED_PAYMENT_RECEIVED,2026-09-01T18:57:44.636519+00:00,,,,,,,v1.0,RECOVERY_PIPELINE,RECOVERY_TXN0111
AUD_20260901185744637712,TXN0112,FAILED_PAYMENT_RECEIVED,2026-09-01T18:57:44.637712+00:00,,,,,,,v1.0,RECOVERY_PIPELINE,RECOVERY_TXN0112
AUD_20260901185744639360,TXN0113,FAILED_PAYMENT_RECEIVED,2026-09-01T18:57:44.639360+00:00,,,,,,,v1.0,RECOVERY_PIPELINE,RECOVERY_TXN0113
AUD_20260901185744640942,TXN0114,FAILED_PAYMENT_RECEIVED,2026-09-01T18:57:44.640942+00:00,,,,,,,v1.0,RECOVERY_PIPELINE,RECOVERY_TXN0114
AUD_20260901185744642109,TXN0115,FAILED_PAYMENT_RECEIVED,2026-09-01T18:57:44.642109+00:00,,,,,,,v1.0,RECOVERY_PIPELINE,RECOVERY_TXN0115
AUD_20260901185744643314,TXN0116,FAILED_PAYMENT_RECEIVED,2026-09-01T18:57:44.643314+00:00,,,,,,,v1.0,RECOVERY_PIPELINE,RECOVERY_TXN0116
AUD_20260901185744644694,TXN0117,FAILED_PAYMENT_RECEIVED,2026-09-01T18:57:44.644694+00:00,,,,,,,v1.0,RECOVERY_PIPELINE,RECOVERY_TXN0117
AUD_20260901185744646043,TXN0118,FAILED_PAYMENT_RECEIVED,2026-09-01T18:57:44.646043+00:00,,,,,,,v1.0,RECOVERY_PIPELINE,RECOVERY_TXN0118
AUD_20260901185744647168,TXN0119,FAILED_PAYMENT_RECEIVED,2026-09-01T18:57:44.647168+00:00,,,,,,,v1.0,RECOVERY_PIPELINE,RECOVERY_TXN0119
AUD_20260901185744648268,TXN0120,FAILED_PAYMENT_RECEIVED,2026-09-01T18:57:44.648268+00:00,,,,,,,v1.0,RECOVERY_PIPELINE,RECOVERY_TXN0120
AUD_20260901185744649578,TXN0121,FAILED_PAYMENT_RECEIVED,2026-09-01T18:57:44.649578+00:00,,,,,,,v1.0,RECOVERY_PIPELINE,RECOVERY_TXN0121
AUD_20260901185744650587,TXN0122,FAILED_PAYMENT_RECEIVED,2026-09-01T18:57:44.650587+00:00,,,,,,,v1.0,RECOVERY_PIPELINE,RECOVERY_TXN0122
AUD_20260901185744651570,TXN0123,FAILED_PAYMENT_RECEIVED,2026-09-01T18:57:44.651570+00:00,,,,,,,v1.0,RECOVERY_PIPELINE,RECOVERY_TXN0123
AUD_20260901185744652548,TXN0124,FAILED_PAYMENT_RECEIVED,2026-09-01T18:57:44.652548+00:00,,,,,,,v1.0,RECOVERY_PIPELINE,RECOVERY_TXN0124
AUD_20260901185744653700,TXN0125,FAILED_PAYMENT_RECEIVED,2026-09-01T18:57:44.653700+00:00,,,,,,,v1.0,RECOVERY_PIPELINE,RECOVERY_TXN0125
AUD_20260901185744654668,TXN0126,FAILED_PAYMENT_RECEIVED,2026-09-01T18:57:44.654668+00:00,,,,,,,v1.0,RECOVERY_PIPELINE,RECOVERY_TXN0126
AUD_20260901185744655500,TXN0127,FAILED_PAYMENT_RECEIVED,2026-09-01T18:57:44.655500+00:00,,,,,,,v1.0,RECOVERY_PIPELINE,RECOVERY_TXN0127
AUD_20260901185744656298,TXN0128,FAILED_PAYMENT_RECEIVED,2026-09-01T18:57:44.656298+00:00,,,,,,,v1.0,RECOVERY_PIPELINE,RECOVERY_TXN0128
AUD_20260901185744657087,TXN0129,FAILED_PAYMENT_RECEIVED,2026-09-01T18:57:44.657087+00:00,,,,,,,v1.0,RECOVERY_PIPELINE,RECOVERY_TXN0129
AUD_20260901185744658043,TXN0130,FAILED_PAYMENT_RECEIVED,2026-09-01T18:57:44.658043+00:00,,,,,,,v1.0,RECOVERY_PIPELINE,RECOVERY_TXN0130
AUD_20260901185744690249,TXN0131,FAILED_PAYMENT_RECEIVED,2026-09-01T18:57:44.690249+00:00,,,,,,,v1.0,RECOVERY_PIPELINE,RECOVERY_TXN0131
AUD_20260901185744691483,TXN0132,FAILED_PAYMENT_RECEIVED,2026-09-01T18:57:44.691483+00:00,,,,,,,v1.0,RECOVERY_PIPELINE,RECOVERY_TXN0132
AUD_20260901185744692483,TXN0133,FAILED_PAYMENT_RECEIVED,2026-09-01T18:57:44.692483+00:00,,,,,,,v1.0,RECOVERY_PIPELINE,RECOVERY_TXN0133
AUD_20260901185744693465,TXN0134,FAILED_PAYMENT_RECEIVED,2026-09-01T18:57:44.693465+00:00,,,,,,,v1.0,RECOVERY_PIPELINE,RECOVERY_TXN0134
AUD_20260901185744694392,TXN0135,FAILED_PAYMENT_RECEIVED,2026-09-01T18:57:44.694392+00:00,,,,,,,v1.0,RECOVERY_PIPELINE,RECOVERY_TXN0135
AUD_20260901185744695319,TXN0136,FAILED_PAYMENT_RECEIVED,2026-09-01T18:57:44.695319+00:00,,,,,,,v1.0,RECOVERY_PIPELINE,RECOVERY_TXN0136
AUD_20260901185744696246,TXN0137,FAILED_PAYMENT_RECEIVED,2026-09-01T18:57:44.696246+00:00,,,,,,,v1.0,RECOVERY_PIPELINE,RECOVERY_TXN0137
AUD_20260901185744697172,TXN0138,FAILED_PAYMENT_RECEIVED,2026-09-01T18:57:44.697172+00:00,,,,,,,v1.0,RECOVERY_PIPELINE,RECOVERY_TXN0138
AUD_20260901185744698054,TXN0139,FAILED_PAYMENT_RECEIVED,2026-09-01T18:57:44.698054+00:00,,,,,,,v1.0,RECOVERY_PIPELINE,RECOVERY_TXN0139
AUD_20260901185744698917,TXN0140,FAILED_PAYMENT_RECEIVED,2026-09-01T18:57:44.698917+00:00,,,,,,,v1.0,RECOVERY_PIPELINE,RECOVERY_TXN0140
AUD_20260901185744699863,TXN0141,FAILED_PAYMENT_RECEIVED,2026-09-01T18:57:44.699863+00:00,,,,,,,v1.0,RECOVERY_PIPELINE,RECOVERY_TXN0141
AUD_20260901185744700760,TXN0142,FAILED_PAYMENT_RECEIVED,2026-09-01T18:57:44.700760+00:00,,,,,,,v1.0,RECOVERY_PIPELINE,RECOVERY_TXN0142
AUD_20260901185744701647,TXN0143,FAILED_PAYMENT_RECEIVED,2026-09-01T18:57:44.701647+00:00,,,,,,,v1.0,RECOVERY_PIPELINE,RECOVERY_TXN0143
AUD_20260901185744702499,TXN0144,FAILED_PAYMENT_RECEIVED,2026-09-01T18:57:44.702499+00:00,,,,,,,v1.0,RECOVERY_PIPELINE,RECOVERY_TXN0144
AUD_20260901185744703398,TXN0145,FAILED_PAYMENT_RECEIVED,2026-09-01T18:57:44.703398+00:00,,,,,,,v1.0,RECOVERY_PIPELINE,RECOVERY_TXN0145
AUD_20260901185744704290,TXN0146,FAILED_PAYMENT_RECEIVED,2026-09-01T18:57:44.704290+00:00,,,,,,,v1.0,RECOVERY_PIPELINE,RECOVERY_TXN0146
AUD_20260901185744705196,TXN0147,FAILED_PAYMENT_RECEIVED,2026-09-01T18:57:44.705196+00:00,,,,,,,v1.0,RECOVERY_PIPELINE,RECOVERY_TXN0147
AUD_20260901185744706099,TXN0148,FAILED_PAYMENT_RECEIVED,2026-09-01T18:57:44.706099+00:00,,,,,,,v1.0,RECOVERY_PIPELINE,RECOVERY_TXN0148
AUD_20260901185744706976,TXN0149,FAILED_PAYMENT_RECEIVED,2026-09-01T18:57:44.706976+00:00,,,,,,,v1.0,RECOVERY_PIPELINE,RECOVERY_TXN0149
AUD_20260901185744707893,TXN0150,FAILED_PAYMENT_RECEIVED,2026-09-01T18:57:44.707893+00:00,,,,,,,v1.0,RECOVERY_PIPELINE,RECOVERY_TXN0150
AUD_20260901185744834213,TXN0001,FAILURE_CLASSIFIED,2026-09-01T18:57:44.834213+00:00,,,send_nudge,,,Failure classified as card_expired,v1.0,CLASSIFIER,RECOVERY_TXN0001
AUD_20260901185744835455,TXN0001,ACTION_PROPOSED,2026-09-01T18:57:44.835455+00:00,,,send_nudge,,,Proposed recovery action: send_nudge,v1.0,CLASSIFIER,RECOVERY_TXN0001
AUD_20260901185744836814,TXN0002,FAILURE_CLASSIFIED,2026-09-01T18:57:44.836814+00:00,,,retry_later,,,Failure classified as insufficient_funds,v1.0,CLASSIFIER,RECOVERY_TXN0002
AUD_20260901185744837957,TXN0002,ACTION_PROPOSED,2026-09-01T18:57:44.837957+00:00,,,retry_later,,,Proposed recovery action: retry_later,v1.0,CLASSIFIER,RECOVERY_TXN0002
AUD_20260901185744839274,TXN0003,FAILURE_CLASSIFIED,2026-09-01T18:57:44.839274+00:00,,,retry_now,,,Failure classified as network_timeout,v1.0,CLASSIFIER,RECOVERY_TXN0003
AUD_20260901185744840334,TXN0003,ACTION_PROPOSED,2026-09-01T18:57:44.840334+00:00,,,retry_now,,,Proposed recovery action: retry_now,v1.0,CLASSIFIER,RECOVERY_TXN0003
AUD_20260901185744841666,TXN0004,FAILURE_CLASSIFIED,2026-09-01T18:57:44.841666+00:00,,,send_nudge,,,Failure classified as card_expired,v1.0,CLASSIFIER,RECOVERY_TXN0004
AUD_20260901185744842734,TXN0004,ACTION_PROPOSED,2026-09-01T18:57:44.842734+00:00,,,send_nudge,,,Proposed recovery action: send_nudge,v1.0,CLASSIFIER,RECOVERY_TXN0004
AUD_20260901185744844211,TXN0005,FAILURE_CLASSIFIED,2026-09-01T18:57:44.844211+00:00,,,retry_now,,,Failure classified as network_timeout,v1.0,CLASSIFIER,RECOVERY_TXN0005
AUD_20260901185744845324,TXN0005,ACTION_PROPOSED,2026-09-01T18:57:44.845324+00:00,,,retry_now,,,Proposed recovery action: retry_now,v1.0,CLASSIFIER,RECOVERY_TXN0005
AUD_20260901185744846595,TXN0006,FAILURE_CLASSIFIED,2026-09-01T18:57:44.846595+00:00,,,retry_later,,,Failure classified as insufficient_funds,v1.0,CLASSIFIER,RECOVERY_TXN0006
AUD_20260901185744847685,TXN0006,ACTION_PROPOSED,2026-09-01T18:57:44.847685+00:00,,,retry_later,,,Proposed recovery action: retry_later,v1.0,CLASSIFIER,RECOVERY_TXN0006
AUD_20260901185744849521,TXN0007,FAILURE_CLASSIFIED,2026-09-01T18:57:44.849521+00:00,,,send_nudge,,,Failure classified as invalid_card,v1.0,CLASSIFIER,RECOVERY_TXN0007
AUD_20260901185744851205,TXN0007,ACTION_PROPOSED,2026-09-01T18:57:44.851205+00:00,,,send_nudge,,,Proposed recovery action: send_nudge,v1.0,CLASSIFIER,RECOVERY_TXN0007
AUD_20260901185744853240,TXN0008,FAILURE_CLASSIFIED,2026-09-01T18:57:44.853240+00:00,,,retry_now,,,Failure classified as network_timeout,v1.0,CLASSIFIER,RECOVERY_TXN0008
AUD_20260901185744854558,TXN0008,ACTION_PROPOSED,2026-09-01T18:57:44.854558+00:00,,,retry_now,,,Proposed recovery action: retry_now,v1.0,CLASSIFIER,RECOVERY_TXN0008
AUD_20260901185744855881,TXN0009,FAILURE_CLASSIFIED,2026-09-01T18:57:44.855881+00:00,,,send_nudge,,,Failure classified as card_expired,v1.0,CLASSIFIER,RECOVERY_TXN0009
AUD_20260901185744857285,TXN0009,ACTION_PROPOSED,2026-09-01T18:57:44.857285+00:00,,,send_nudge,,,Proposed recovery action: send_nudge,v1.0,CLASSIFIER,RECOVERY_TXN0009
AUD_20260901185744858593,TXN0010,FAILURE_CLASSIFIED,2026-09-01T18:57:44.858593+00:00,,,retry_later,,,Failure classified as insufficient_funds,v1.0,CLASSIFIER,RECOVERY_TXN0010
AUD_20260901185744859621,TXN0010,ACTION_PROPOSED,2026-09-01T18:57:44.859621+00:00,,,retry_later,,,Proposed recovery action: retry_later,v1.0,CLASSIFIER,RECOVERY_TXN0010
AUD_20260901185744860866,TXN0011,FAILURE_CLASSIFIED,2026-09-01T18:57:44.860866+00:00,,,send_nudge,,,Failure classified as card_expired,v1.0,CLASSIFIER,RECOVERY_TXN0011
AUD_20260901185744862022,TXN0011,ACTION_PROPOSED,2026-09-01T18:57:44.862022+00:00,,,send_nudge,,,Proposed recovery action: send_nudge,v1.0,CLASSIFIER,RECOVERY_TXN0011
AUD_20260901185744863168,TXN0012,FAILURE_CLASSIFIED,2026-09-01T18:57:44.863168+00:00,,,send_nudge,,,Failure classified as invalid_card,v1.0,CLASSIFIER,RECOVERY_TXN0012
AUD_20260901185744864449,TXN0012,ACTION_PROPOSED,2026-09-01T18:57:44.864449+00:00,,,send_nudge,,,Proposed recovery action: send_nudge,v1.0,CLASSIFIER,RECOVERY_TXN0012
AUD_20260901185744865660,TXN0013,FAILURE_CLASSIFIED,2026-09-01T18:57:44.865660+00:00,,,retry_now,,,Failure classified as network_timeout,v1.0,CLASSIFIER,RECOVERY_TXN0013
AUD_20260901185744866784,TXN0013,ACTION_PROPOSED,2026-09-01T18:57:44.866784+00:00,,,retry_now,,,Proposed recovery action: retry_now,v1.0,CLASSIFIER,RECOVERY_TXN0013
AUD_20260901185744867722,TXN0014,FAILURE_CLASSIFIED,2026-09-01T18:57:44.867722+00:00,,,retry_later,,,Failure classified as insufficient_funds,v1.0,CLASSIFIER,RECOVERY_TXN0014
AUD_20260901185744868434,TXN0014,ACTION_PROPOSED,2026-09-01T18:57:44.868434+00:00,,,retry_later,,,Proposed recovery action: retry_later,v1.0,CLASSIFIER,RECOVERY_TXN0014
AUD_20260901185744869331,TXN0015,FAILURE_CLASSIFIED,2026-09-01T18:57:44.869331+00:00,,,retry_later,,,Failure classified as insufficient_funds,v1.0,CLASSIFIER,RECOVERY_TXN0015
AUD_20260901185744870083,TXN0015,ACTION_PROPOSED,2026-09-01T18:57:44.870083+00:00,,,retry_later,,,Proposed recovery action: retry_later,v1.0,CLASSIFIER,RECOVERY_TXN0015
AUD_20260901185744870899,TXN0016,FAILURE_CLASSIFIED,2026-09-01T18:57:44.870899+00:00,,,retry_later,,,Failure classified as insufficient_funds,v1.0,CLASSIFIER,RECOVERY_TXN0016
AUD_20260901185744871513,TXN0016,ACTION_PROPOSED,2026-09-01T18:57:44.871513+00:00,,,retry_later,,,Proposed recovery action: retry_later,v1.0,CLASSIFIER,RECOVERY_TXN0016
AUD_20260901185744872280,TXN0017,FAILURE_CLASSIFIED,2026-09-01T18:57:44.872280+00:00,,,retry_later,,,Failure classified as insufficient_funds,v1.0,CLASSIFIER,RECOVERY_TXN0017
AUD_20260901185744872865,TXN0017,ACTION_PROPOSED,2026-09-01T18:57:44.872865+00:00,,,retry_later,,,Proposed recovery action: retry_later,v1.0,CLASSIFIER,RECOVERY_TXN0017
AUD_20260901185744873575,TXN0018,FAILURE_CLASSIFIED,2026-09-01T18:57:44.873575+00:00,,,retry_later,,,Failure classified as insufficient_funds,v1.0,CLASSIFIER,RECOVERY_TXN0018
AUD_20260901185744874166,TXN0018,ACTION_PROPOSED,2026-09-01T18:57:44.874166+00:00,,,retry_later,,,Proposed recovery action: retry_later,v1.0,CLASSIFIER,RECOVERY_TXN0018
AUD_20260901185744874832,TXN0019,FAILURE_CLASSIFIED,2026-09-01T18:57:44.874832+00:00,,,send_nudge,,,Failure classified as invalid_card,v1.0,CLASSIFIER,RECOVERY_TXN0019
AUD_20260901185744875369,TXN0019,ACTION_PROPOSED,2026-09-01T18:57:44.875369+00:00,,,send_nudge,,,Proposed recovery action: send_nudge,v1.0,CLASSIFIER,RECOVERY_TXN0019
AUD_20260901185744876021,TXN0020,FAILURE_CLASSIFIED,2026-09-01T18:57:44.876021+00:00,,,retry_now,,,Failure classified as network_timeout,v1.0,CLASSIFIER,RECOVERY_TXN0020
AUD_20260901185744876661,TXN0020,ACTION_PROPOSED,2026-09-01T18:57:44.876661+00:00,,,retry_now,,,Proposed recovery action: retry_now,v1.0,CLASSIFIER,RECOVERY_TXN0020
AUD_20260901185744877453,TXN0021,FAILURE_CLASSIFIED,2026-09-01T18:57:44.877453+00:00,,,retry_later,,,Failure classified as insufficient_funds,v1.0,CLASSIFIER,RECOVERY_TXN0021
AUD_20260901185744878044,TXN0021,ACTION_PROPOSED,2026-09-01T18:57:44.878044+00:00,,,retry_later,,,Proposed recovery action: retry_later,v1.0,CLASSIFIER,RECOVERY_TXN0021
AUD_20260901185744878848,TXN0022,FAILURE_CLASSIFIED,2026-09-01T18:57:44.878848+00:00,,,retry_now,,,Failure classified as network_timeout,v1.0,CLASSIFIER,RECOVERY_TXN0022
AUD_20260901185744879863,TXN0022,ACTION_PROPOSED,2026-09-01T18:57:44.879863+00:00,,,retry_now,,,Proposed recovery action: retry_now,v1.0,CLASSIFIER,RECOVERY_TXN0022
AUD_20260901185744880688,TXN0023,FAILURE_CLASSIFIED,2026-09-01T18:57:44.880688+00:00,,,send_nudge,,,Failure classified as invalid_card,v1.0,CLASSIFIER,RECOVERY_TXN0023
AUD_20260901185744881234,TXN0023,ACTION_PROPOSED,2026-09-01T18:57:44.881234+00:00,,,send_nudge,,,Proposed recovery action: send_nudge,v1.0,CLASSIFIER,RECOVERY_TXN0023
AUD_20260901185744881838,TXN0024,FAILURE_CLASSIFIED,2026-09-01T18:57:44.881838+00:00,,,retry_later,,,Failure classified as insufficient_funds,v1.0,CLASSIFIER,RECOVERY_TXN0024
AUD_20260901185744882303,TXN0024,ACTION_PROPOSED,2026-09-01T18:57:44.882303+00:00,,,retry_later,,,Proposed recovery action: retry_later,v1.0,CLASSIFIER,RECOVERY_TXN0024
AUD_20260901185744882883,TXN0025,FAILURE_CLASSIFIED,2026-09-01T18:57:44.882883+00:00,,,retry_now,,,Failure classified as network_timeout,v1.0,CLASSIFIER,RECOVERY_TXN0025
AUD_20260901185744883429,TXN0025,ACTION_PROPOSED,2026-09-01T18:57:44.883429+00:00,,,retry_now,,,Proposed recovery action: retry_now,v1.0,CLASSIFIER,RECOVERY_TXN0025
AUD_20260901185744884040,TXN0026,FAILURE_CLASSIFIED,2026-09-01T18:57:44.884040+00:00,,,retry_now,,,Failure classified as network_timeout,v1.0,CLASSIFIER,RECOVERY_TXN0026
AUD_20260901185744884510,TXN0026,ACTION_PROPOSED,2026-09-01T18:57:44.884510+00:00,,,retry_now,,,Proposed recovery action: retry_now,v1.0,CLASSIFIER,RECOVERY_TXN0026
AUD_20260901185744885077,TXN0027,FAILURE_CLASSIFIED,2026-09-01T18:57:44.885077+00:00,,,retry_later,,,Failure classified as insufficient_funds,v1.0,CLASSIFIER,RECOVERY_TXN0027
AUD_20260901185744885543,TXN0027,ACTION_PROPOSED,2026-09-01T18:57:44.885543+00:00,,,retry_later,,,Proposed recovery action: retry_later,v1.0,CLASSIFIER,RECOVERY_TXN0027
AUD_20260901185744886109,TXN0028,FAILURE_CLASSIFIED,2026-09-01T18:57:44.886109+00:00,,,manual_review,,,Failure classified as fraud_blocked,v1.0,CLASSIFIER,RECOVERY_TXN0028
AUD_20260901185744886574,TXN0028,ACTION_PROPOSED,2026-09-01T18:57:44.886574+00:00,,,manual_review,,,Proposed recovery action: manual_review,v1.0,CLASSIFIER,RECOVERY_TXN0028
AUD_20260901185744887175,TXN0029,FAILURE_CLASSIFIED,2026-09-01T18:57:44.887175+00:00,,,retry_now,,,Failure classified as network_timeout,v1.0,CLASSIFIER,RECOVERY_TXN0029
AUD_20260901185744887648,TXN0029,ACTION_PROPOSED,2026-09-01T18:57:44.887648+00:00,,,retry_now,,,Proposed recovery action: retry_now,v1.0,CLASSIFIER,RECOVERY_TXN0029
AUD_20260901185744888215,TXN0030,FAILURE_CLASSIFIED,2026-09-01T18:57:44.888215+00:00,,,manual_review,,,Failure classified as fraud_blocked,v1.0,CLASSIFIER,RECOVERY_TXN0030
AUD_20260901185744888682,TXN0030,ACTION_PROPOSED,2026-09-01T18:57:44.888682+00:00,,,manual_review,,,Proposed recovery action: manual_review,v1.0,CLASSIFIER,RECOVERY_TXN0030
AUD_20260901185744889273,TXN0031,FAILURE_CLASSIFIED,2026-09-01T18:57:44.889273+00:00,,,retry_later,,,Failure classified as insufficient_funds,v1.0,CLASSIFIER,RECOVERY_TXN0031
AUD_20260901185744889749,TXN0031,ACTION_PROPOSED,2026-09-01T18:57:44.889749+00:00,,,retry_later,,,Proposed recovery action: retry_later,v1.0,CLASSIFIER,RECOVERY_TXN0031
AUD_20260901185744890343,TXN0032,FAILURE_CLASSIFIED,2026-09-01T18:57:44.890343+00:00,,,retry_now,,,Failure classified as network_timeout,v1.0,CLASSIFIER,RECOVERY_TXN0032
AUD_20260901185744890807,TXN0032,ACTION_PROPOSED,2026-09-01T18:57:44.890807+00:00,,,retry_now,,,Proposed recovery action: retry_now,v1.0,CLASSIFIER,RECOVERY_TXN0032
AUD_20260901185744891398,TXN0033,FAILURE_CLASSIFIED,2026-09-01T18:57:44.891398+00:00,,,retry_now,,,Failure classified as network_timeout,v1.0,CLASSIFIER,RECOVERY_TXN0033
AUD_20260901185744891874,TXN0033,ACTION_PROPOSED,2026-09-01T18:57:44.891874+00:00,,,retry_now,,,Proposed recovery action: retry_now,v1.0,CLASSIFIER,RECOVERY_TXN0033
AUD_20260901185744892527,TXN0034,FAILURE_CLASSIFIED,2026-09-01T18:57:44.892527+00:00,,,send_nudge,,,Failure classified as invalid_card,v1.0,CLASSIFIER,RECOVERY_TXN0034
AUD_20260901185744893025,TXN0034,ACTION_PROPOSED,2026-09-01T18:57:44.893025+00:00,,,send_nudge,,,Proposed recovery action: send_nudge,v1.0,CLASSIFIER,RECOVERY_TXN0034
AUD_20260901185744893609,TXN0035,FAILURE_CLASSIFIED,2026-09-01T18:57:44.893609+00:00,,,retry_later,,,Failure classified as insufficient_funds,v1.0,CLASSIFIER,RECOVERY_TXN0035
AUD_20260901185744894174,TXN0035,ACTION_PROPOSED,2026-09-01T18:57:44.894174+00:00,,,retry_later,,,Proposed recovery action: retry_later,v1.0,CLASSIFIER,RECOVERY_TXN0035
AUD_20260901185744894952,TXN0036,FAILURE_CLASSIFIED,2026-09-01T18:57:44.894952+00:00,,,retry_now,,,Failure classified as network_timeout,v1.0,CLASSIFIER,RECOVERY_TXN0036
AUD_20260901185744895595,TXN0036,ACTION_PROPOSED,2026-09-01T18:57:44.895595+00:00,,,retry_now,,,Proposed recovery action: retry_now,v1.0,CLASSIFIER,RECOVERY_TXN0036
AUD_20260901185744896271,TXN0037,FAILURE_CLASSIFIED,2026-09-01T18:57:44.896271+00:00,,,retry_later,,,Failure classified as insufficient_funds,v1.0,CLASSIFIER,RECOVERY_TXN0037
AUD_20260901185744896776,TXN0037,ACTION_PROPOSED,2026-09-01T18:57:44.896776+00:00,,,retry_later,,,Proposed recovery action: retry_later,v1.0,CLASSIFIER,RECOVERY_TXN0037
AUD_20260901185744897453,TXN0038,FAILURE_CLASSIFIED,2026-09-01T18:57:44.897453+00:00,,,retry_now,,,Failure classified as network_timeout,v1.0,CLASSIFIER,RECOVERY_TXN0038
AUD_20260901185744897946,TXN0038,ACTION_PROPOSED,2026-09-01T18:57:44.897946+00:00,,,retry_now,,,Proposed recovery action: retry_now,v1.0,CLASSIFIER,RECOVERY_TXN0038
AUD_20260901185744898530,TXN0039,FAILURE_CLASSIFIED,2026-09-01T18:57:44.898530+00:00,,,manual_review,,,Failure classified as fraud_blocked,v1.0,CLASSIFIER,RECOVERY_TXN0039
AUD_20260901185744899005,TXN0039,ACTION_PROPOSED,2026-09-01T18:57:44.899005+00:00,,,manual_review,,,Proposed recovery action: manual_review,v1.0,CLASSIFIER,RECOVERY_TXN0039
AUD_20260901185744899658,TXN0040,FAILURE_CLASSIFIED,2026-09-01T18:57:44.899658+00:00,,,send_nudge,,,Failure classified as card_expired,v1.0,CLASSIFIER,RECOVERY_TXN0040
AUD_20260901185744900215,TXN0040,ACTION_PROPOSED,2026-09-01T18:57:44.900215+00:00,,,send_nudge,,,Proposed recovery action: send_nudge,v1.0,CLASSIFIER,RECOVERY_TXN0040
AUD_20260901185744900901,TXN0041,FAILURE_CLASSIFIED,2026-09-01T18:57:44.900901+00:00,,,retry_later,,,Failure classified as insufficient_funds,v1.0,CLASSIFIER,RECOVERY_TXN0041
AUD_20260901185744901444,TXN0041,ACTION_PROPOSED,2026-09-01T18:57:44.901444+00:00,,,retry_later,,,Proposed recovery action: retry_later,v1.0,CLASSIFIER,RECOVERY_TXN0041
AUD_20260901185744902037,TXN0042,FAILURE_CLASSIFIED,2026-09-01T18:57:44.902037+00:00,,,retry_later,,,Failure classified as insufficient_funds,v1.0,CLASSIFIER,RECOVERY_TXN0042
AUD_20260901185744902612,TXN0042,ACTION_PROPOSED,2026-09-01T18:57:44.902612+00:00,,,retry_later,,,Proposed recovery action: retry_later,v1.0,CLASSIFIER,RECOVERY_TXN0042
AUD_20260901185744903269,TXN0043,FAILURE_CLASSIFIED,2026-09-01T18:57:44.903269+00:00,,,retry_later,,,Failure classified as insufficient_funds,v1.0,CLASSIFIER,RECOVERY_TXN0043
AUD_20260901185744903753,TXN0043,ACTION_PROPOSED,2026-09-01T18:57:44.903753+00:00,,,retry_later,,,Proposed recovery action: retry_later,v1.0,CLASSIFIER,RECOVERY_TXN0043
AUD_20260901185744904357,TXN0044,FAILURE_CLASSIFIED,2026-09-01T18:57:44.904357+00:00,,,retry_later,,,Failure classified as insufficient_funds,v1.0,CLASSIFIER,RECOVERY_TXN0044
AUD_20260901185744904829,TXN0044,ACTION_PROPOSED,2026-09-01T18:57:44.904829+00:00,,,retry_later,,,Proposed recovery action: retry_later,v1.0,CLASSIFIER,RECOVERY_TXN0044
AUD_20260901185744905398,TXN0045,FAILURE_CLASSIFIED,2026-09-01T18:57:44.905398+00:00,,,retry_later,,,Failure classified as insufficient_funds,v1.0,CLASSIFIER,RECOVERY_TXN0045
AUD_20260901185744905859,TXN0045,ACTION_PROPOSED,2026-09-01T18:57:44.905859+00:00,,,retry_later,,,Proposed recovery action: retry_later,v1.0,CLASSIFIER,RECOVERY_TXN0045
AUD_20260901185744906496,TXN0046,FAILURE_CLASSIFIED,2026-09-01T18:57:44.906496+00:00,,,retry_later,,,Failure classified as insufficient_funds,v1.0,CLASSIFIER,RECOVERY_TXN0046
AUD_20260901185744906992,TXN0046,ACTION_PROPOSED,2026-09-01T18:57:44.906992+00:00,,,retry_later,,,Proposed recovery action: retry_later,v1.0,CLASSIFIER,RECOVERY_TXN0046
AUD_20260901185744907585,TXN0047,FAILURE_CLASSIFIED,2026-09-01T18:57:44.907585+00:00,,,retry_later,,,Failure classified as insufficient_funds,v1.0,CLASSIFIER,RECOVERY_TXN0047
AUD_20260901185744908063,TXN0047,ACTION_PROPOSED,2026-09-01T18:57:44.908063+00:00,,,retry_later,,,Proposed recovery action: retry_later,v1.0,CLASSIFIER,RECOVERY_TXN0047
AUD_20260901185744908694,TXN0048,FAILURE_CLASSIFIED,2026-09-01T18:57:44.908694+00:00,,,send_nudge,,,Failure classified as invalid_card,v1.0,CLASSIFIER,RECOVERY_TXN0048
AUD_20260901185744909239,TXN0048,ACTION_PROPOSED,2026-09-01T18:57:44.909239+00:00,,,send_nudge,,,Proposed recovery action: send_nudge,v1.0,CLASSIFIER,RECOVERY_TXN0048
AUD_20260901185744909864,TXN0049,FAILURE_CLASSIFIED,2026-09-01T18:57:44.909864+00:00,,,send_nudge,,,Failure classified as card_expired,v1.0,CLASSIFIER,RECOVERY_TXN0049
AUD_20260901185744910360,TXN0049,ACTION_PROPOSED,2026-09-01T18:57:44.910360+00:00,,,send_nudge,,,Proposed recovery action: send_nudge,v1.0,CLASSIFIER,RECOVERY_TXN0049
AUD_20260901185744911094,TXN0050,FAILURE_CLASSIFIED,2026-09-01T18:57:44.911094+00:00,,,retry_later,,,Failure classified as insufficient_funds,v1.0,CLASSIFIER,RECOVERY_TXN0050
AUD_20260901185744911699,TXN0050,ACTION_PROPOSED,2026-09-01T18:57:44.911699+00:00,,,retry_later,,,Proposed recovery action: retry_later,v1.0,CLASSIFIER,RECOVERY_TXN0050
AUD_20260901185744912385,TXN0051,FAILURE_CLASSIFIED,2026-09-01T18:57:44.912385+00:00,,,retry_now,,,Failure classified as network_timeout,v1.0,CLASSIFIER,RECOVERY_TXN0051
AUD_20260901185744912897,TXN0051,ACTION_PROPOSED,2026-09-01T18:57:44.912897+00:00,,,retry_now,,,Proposed recovery action: retry_now,v1.0,CLASSIFIER,RECOVERY_TXN0051
AUD_20260901185744913471,TXN0052,FAILURE_CLASSIFIED,2026-09-01T18:57:44.913471+00:00,,,send_nudge,,,Failure classified as invalid_card,v1.0,CLASSIFIER,RECOVERY_TXN0052
AUD_20260901185744913955,TXN0052,ACTION_PROPOSED,2026-09-01T18:57:44.913955+00:00,,,send_nudge,,,Proposed recovery action: send_nudge,v1.0,CLASSIFIER,RECOVERY_TXN0052
AUD_20260901185744914595,TXN0053,FAILURE_CLASSIFIED,2026-09-01T18:57:44.914595+00:00,,,retry_now,,,Failure classified as network_timeout,v1.0,CLASSIFIER,RECOVERY_TXN0053
AUD_20260901185744915101,TXN0053,ACTION_PROPOSED,2026-09-01T18:57:44.915101+00:00,,,retry_now,,,Proposed recovery action: retry_now,v1.0,CLASSIFIER,RECOVERY_TXN0053
AUD_20260901185744915672,TXN0054,FAILURE_CLASSIFIED,2026-09-01T18:57:44.915672+00:00,,,send_nudge,,,Failure classified as invalid_card,v1.0,CLASSIFIER,RECOVERY_TXN0054
AUD_20260901185744916147,TXN0054,ACTION_PROPOSED,2026-09-01T18:57:44.916147+00:00,,,send_nudge,,,Proposed recovery action: send_nudge,v1.0,CLASSIFIER,RECOVERY_TXN0054
AUD_20260901185744916801,TXN0055,FAILURE_CLASSIFIED,2026-09-01T18:57:44.916801+00:00,,,send_nudge,,,Failure classified as invalid_card,v1.0,CLASSIFIER,RECOVERY_TXN0055
AUD_20260901185744917312,TXN0055,ACTION_PROPOSED,2026-09-01T18:57:44.917312+00:00,,,send_nudge,,,Proposed recovery action: send_nudge,v1.0,CLASSIFIER,RECOVERY_TXN0055
AUD_20260901185744917886,TXN0056,FAILURE_CLASSIFIED,2026-09-01T18:57:44.917886+00:00,,,send_nudge,,,Failure classified as invalid_card,v1.0,CLASSIFIER,RECOVERY_TXN0056
AUD_20260901185744918367,TXN0056,ACTION_PROPOSED,2026-09-01T18:57:44.918367+00:00,,,send_nudge,,,Proposed recovery action: send_nudge,v1.0,CLASSIFIER,RECOVERY_TXN0056
AUD_20260901185744918931,TXN0057,FAILURE_CLASSIFIED,2026-09-01T18:57:44.918931+00:00,,,send_nudge,,,Failure classified as card_expired,v1.0,CLASSIFIER,RECOVERY_TXN0057
AUD_20260901185744919392,TXN0057,ACTION_PROPOSED,2026-09-01T18:57:44.919392+00:00,,,send_nudge,,,Proposed recovery action: send_nudge,v1.0,CLASSIFIER,RECOVERY_TXN0057
AUD_20260901185744920036,TXN0058,FAILURE_CLASSIFIED,2026-09-01T18:57:44.920036+00:00,,,retry_now,,,Failure classified as network_timeout,v1.0,CLASSIFIER,RECOVERY_TXN0058
AUD_20260901185744920517,TXN0058,ACTION_PROPOSED,2026-09-01T18:57:44.920517+00:00,,,retry_now,,,Proposed recovery action: retry_now,v1.0,CLASSIFIER,RECOVERY_TXN0058
AUD_20260901185744921080,TXN0059,FAILURE_CLASSIFIED,2026-09-01T18:57:44.921080+00:00,,,retry_now,,,Failure classified as network_timeout,v1.0,CLASSIFIER,RECOVERY_TXN0059
AUD_20260901185744921541,TXN0059,ACTION_PROPOSED,2026-09-01T18:57:44.921541+00:00,,,retry_now,,,Proposed recovery action: retry_now,v1.0,CLASSIFIER,RECOVERY_TXN0059
AUD_20260901185744922109,TXN0060,FAILURE_CLASSIFIED,2026-09-01T18:57:44.922109+00:00,,,retry_now,,,Failure classified as network_timeout,v1.0,CLASSIFIER,RECOVERY_TXN0060
AUD_20260901185744922682,TXN0060,ACTION_PROPOSED,2026-09-01T18:57:44.922682+00:00,,,retry_now,,,Proposed recovery action: retry_now,v1.0,CLASSIFIER,RECOVERY_TXN0060
AUD_20260901185744923289,TXN0061,FAILURE_CLASSIFIED,2026-09-01T18:57:44.923289+00:00,,,send_nudge,,,Failure classified as invalid_card,v1.0,CLASSIFIER,RECOVERY_TXN0061
AUD_20260901185744923768,TXN0061,ACTION_PROPOSED,2026-09-01T18:57:44.923768+00:00,,,send_nudge,,,Proposed recovery action: send_nudge,v1.0,CLASSIFIER,RECOVERY_TXN0061
AUD_20260901185744924354,TXN0062,FAILURE_CLASSIFIED,2026-09-01T18:57:44.924354+00:00,,,retry_later,,,Failure classified as insufficient_funds,v1.0,CLASSIFIER,RECOVERY_TXN0062
AUD_20260901185744924834,TXN0062,ACTION_PROPOSED,2026-09-01T18:57:44.924834+00:00,,,retry_later,,,Proposed recovery action: retry_later,v1.0,CLASSIFIER,RECOVERY_TXN0062
AUD_20260901185744925418,TXN0063,FAILURE_CLASSIFIED,2026-09-01T18:57:44.925418+00:00,,,send_nudge,,,Failure classified as invalid_card,v1.0,CLASSIFIER,RECOVERY_TXN0063
AUD_20260901185744925982,TXN0063,ACTION_PROPOSED,2026-09-01T18:57:44.925982+00:00,,,send_nudge,,,Proposed recovery action: send_nudge,v1.0,CLASSIFIER,RECOVERY_TXN0063
AUD_20260901185744926688,TXN0064,FAILURE_CLASSIFIED,2026-09-01T18:57:44.926688+00:00,,,retry_later,,,Failure classified as insufficient_funds,v1.0,CLASSIFIER,RECOVERY_TXN0064
AUD_20260901185744927249,TXN0064,ACTION_PROPOSED,2026-09-01T18:57:44.927249+00:00,,,retry_later,,,Proposed recovery action: retry_later,v1.0,CLASSIFIER,RECOVERY_TXN0064
AUD_20260901185744927963,TXN0065,FAILURE_CLASSIFIED,2026-09-01T18:57:44.927963+00:00,,,send_nudge,,,Failure classified as invalid_card,v1.0,CLASSIFIER,RECOVERY_TXN0065
AUD_20260901185744928471,TXN0065,ACTION_PROPOSED,2026-09-01T18:57:44.928471+00:00,,,send_nudge,,,Proposed recovery action: send_nudge,v1.0,CLASSIFIER,RECOVERY_TXN0065
AUD_20260901185744929093,TXN0066,FAILURE_CLASSIFIED,2026-09-01T18:57:44.929093+00:00,,,retry_now,,,Failure classified as network_timeout,v1.0,CLASSIFIER,RECOVERY_TXN0066
AUD_20260901185744929574,TXN0066,ACTION_PROPOSED,2026-09-01T18:57:44.929574+00:00,,,retry_now,,,Proposed recovery action: retry_now,v1.0,CLASSIFIER,RECOVERY_TXN0066
AUD_20260901185744930158,TXN0067,FAILURE_CLASSIFIED,2026-09-01T18:57:44.930158+00:00,,,send_nudge,,,Failure classified as invalid_card,v1.0,CLASSIFIER,RECOVERY_TXN0067
AUD_20260901185744930693,TXN0067,ACTION_PROPOSED,2026-09-01T18:57:44.930693+00:00,,,send_nudge,,,Proposed recovery action: send_nudge,v1.0,CLASSIFIER,RECOVERY_TXN0067
AUD_20260901185744931298,TXN0068,FAILURE_CLASSIFIED,2026-09-01T18:57:44.931298+00:00,,,send_nudge,,,Failure classified as invalid_card,v1.0,CLASSIFIER,RECOVERY_TXN0068
AUD_20260901185744931769,TXN0068,ACTION_PROPOSED,2026-09-01T18:57:44.931769+00:00,,,send_nudge,,,Proposed recovery action: send_nudge,v1.0,CLASSIFIER,RECOVERY_TXN0068
AUD_20260901185744932376,TXN0069,FAILURE_CLASSIFIED,2026-09-01T18:57:44.932376+00:00,,,retry_now,,,Failure classified as network_timeout,v1.0,CLASSIFIER,RECOVERY_TXN0069
AUD_20260901185744932967,TXN0069,ACTION_PROPOSED,2026-09-01T18:57:44.932967+00:00,,,retry_now,,,Proposed recovery action: retry_now,v1.0,CLASSIFIER,RECOVERY_TXN0069
AUD_20260901185744933570,TXN0070,FAILURE_CLASSIFIED,2026-09-01T18:57:44.933570+00:00,,,send_nudge,,,Failure classified as invalid_card,v1.0,CLASSIFIER,RECOVERY_TXN0070
AUD_20260901185744934117,TXN0070,ACTION_PROPOSED,2026-09-01T18:57:44.934117+00:00,,,send_nudge,,,Proposed recovery action: send_nudge,v1.0,CLASSIFIER,RECOVERY_TXN0070
AUD_20260901185744934728,TXN0071,FAILURE_CLASSIFIED,2026-09-01T18:57:44.934728+00:00,,,retry_now,,,Failure classified as network_timeout,v1.0,CLASSIFIER,RECOVERY_TXN0071
AUD_20260901185744935204,TXN0071,ACTION_PROPOSED,2026-09-01T18:57:44.935204+00:00,,,retry_now,,,Proposed recovery action: retry_now,v1.0,CLASSIFIER,RECOVERY_TXN0071
AUD_20260901185744935779,TXN0072,FAILURE_CLASSIFIED,2026-09-01T18:57:44.935779+00:00,,,manual_review,,,Failure classified as fraud_blocked,v1.0,CLASSIFIER,RECOVERY_TXN0072
AUD_20260901185744936254,TXN0072,ACTION_PROPOSED,2026-09-01T18:57:44.936254+00:00,,,manual_review,,,Proposed recovery action: manual_review,v1.0,CLASSIFIER,RECOVERY_TXN0072
AUD_20260901185744936890,TXN0073,FAILURE_CLASSIFIED,2026-09-01T18:57:44.936890+00:00,,,retry_later,,,Failure classified as insufficient_funds,v1.0,CLASSIFIER,RECOVERY_TXN0073
AUD_20260901185744937459,TXN0073,ACTION_PROPOSED,2026-09-01T18:57:44.937459+00:00,,,retry_later,,,Proposed recovery action: retry_later,v1.0,CLASSIFIER,RECOVERY_TXN0073
AUD_20260901185744938092,TXN0074,FAILURE_CLASSIFIED,2026-09-01T18:57:44.938092+00:00,,,retry_later,,,Failure classified as insufficient_funds,v1.0,CLASSIFIER,RECOVERY_TXN0074
AUD_20260901185744938564,TXN0074,ACTION_PROPOSED,2026-09-01T18:57:44.938564+00:00,,,retry_later,,,Proposed recovery action: retry_later,v1.0,CLASSIFIER,RECOVERY_TXN0074
AUD_20260901185744939135,TXN0075,FAILURE_CLASSIFIED,2026-09-01T18:57:44.939135+00:00,,,retry_later,,,Failure classified as insufficient_funds,v1.0,CLASSIFIER,RECOVERY_TXN0075
AUD_20260901185744939633,TXN0075,ACTION_PROPOSED,2026-09-01T18:57:44.939633+00:00,,,retry_later,,,Proposed recovery action: retry_later,v1.0,CLASSIFIER,RECOVERY_TXN0075
AUD_20260901185744940244,TXN0076,FAILURE_CLASSIFIED,2026-09-01T18:57:44.940244+00:00,,,retry_later,,,Failure classified as insufficient_funds,v1.0,CLASSIFIER,RECOVERY_TXN0076
AUD_20260901185744940714,TXN0076,ACTION_PROPOSED,2026-09-01T18:57:44.940714+00:00,,,retry_later,,,Proposed recovery action: retry_later,v1.0,CLASSIFIER,RECOVERY_TXN0076
AUD_20260901185744941361,TXN0077,FAILURE_CLASSIFIED,2026-09-01T18:57:44.941361+00:00,,,retry_now,,,Failure classified as network_timeout,v1.0,CLASSIFIER,RECOVERY_TXN0077
AUD_20260901185744941892,TXN0077,ACTION_PROPOSED,2026-09-01T18:57:44.941892+00:00,,,retry_now,,,Proposed recovery action: retry_now,v1.0,CLASSIFIER,RECOVERY_TXN0077
AUD_20260901185744942843,TXN0078,FAILURE_CLASSIFIED,2026-09-01T18:57:44.942843+00:00,,,retry_later,,,Failure classified as insufficient_funds,v1.0,CLASSIFIER,RECOVERY_TXN0078
AUD_20260901185744943433,TXN0078,ACTION_PROPOSED,2026-09-01T18:57:44.943433+00:00,,,retry_later,,,Proposed recovery action: retry_later,v1.0,CLASSIFIER,RECOVERY_TXN0078
AUD_20260901185744944159,TXN0079,FAILURE_CLASSIFIED,2026-09-01T18:57:44.944159+00:00,,,retry_now,,,Failure classified as network_timeout,v1.0,CLASSIFIER,RECOVERY_TXN0079
AUD_20260901185744944703,TXN0079,ACTION_PROPOSED,2026-09-01T18:57:44.944703+00:00,,,retry_now,,,Proposed recovery action: retry_now,v1.0,CLASSIFIER,RECOVERY_TXN0079
AUD_20260901185744945279,TXN0080,FAILURE_CLASSIFIED,2026-09-01T18:57:44.945279+00:00,,,send_nudge,,,Failure classified as invalid_card,v1.0,CLASSIFIER,RECOVERY_TXN0080
AUD_20260901185744945766,TXN0080,ACTION_PROPOSED,2026-09-01T18:57:44.945766+00:00,,,send_nudge,,,Proposed recovery action: send_nudge,v1.0,CLASSIFIER,RECOVERY_TXN0080
AUD_20260901185744946405,TXN0081,FAILURE_CLASSIFIED,2026-09-01T18:57:44.946405+00:00,,,send_nudge,,,Failure classified as invalid_card,v1.0,CLASSIFIER,RECOVERY_TXN0081
AUD_20260901185744946887,TXN0081,ACTION_PROPOSED,2026-09-01T18:57:44.946887+00:00,,,send_nudge,,,Proposed recovery action: send_nudge,v1.0,CLASSIFIER,RECOVERY_TXN0081
AUD_20260901185744947451,TXN0082,FAILURE_CLASSIFIED,2026-09-01T18:57:44.947451+00:00,,,retry_later,,,Failure classified as insufficient_funds,v1.0,CLASSIFIER,RECOVERY_TXN0082
AUD_20260901185744947934,TXN0082,ACTION_PROPOSED,2026-09-01T18:57:44.947934+00:00,,,retry_later,,,Proposed recovery action: retry_later,v1.0,CLASSIFIER,RECOVERY_TXN0082
AUD_20260901185744948566,TXN0083,FAILURE_CLASSIFIED,2026-09-01T18:57:44.948566+00:00,,,retry_later,,,Failure classified as insufficient_funds,v1.0,CLASSIFIER,RECOVERY_TXN0083
AUD_20260901185744949060,TXN0083,ACTION_PROPOSED,2026-09-01T18:57:44.949060+00:00,,,retry_later,,,Proposed recovery action: retry_later,v1.0,CLASSIFIER,RECOVERY_TXN0083
AUD_20260901185744949691,TXN0084,FAILURE_CLASSIFIED,2026-09-01T18:57:44.949691+00:00,,,retry_now,,,Failure classified as network_timeout,v1.0,CLASSIFIER,RECOVERY_TXN0084
AUD_20260901185744950196,TXN0084,ACTION_PROPOSED,2026-09-01T18:57:44.950196+00:00,,,retry_now,,,Proposed recovery action: retry_now,v1.0,CLASSIFIER,RECOVERY_TXN0084
AUD_20260901185744950765,TXN0085,FAILURE_CLASSIFIED,2026-09-01T18:57:44.950765+00:00,,,send_nudge,,,Failure classified as invalid_card,v1.0,CLASSIFIER,RECOVERY_TXN0085
AUD_20260901185744951240,TXN0085,ACTION_PROPOSED,2026-09-01T18:57:44.951240+00:00,,,send_nudge,,,Proposed recovery action: send_nudge,v1.0,CLASSIFIER,RECOVERY_TXN0085
AUD_20260901185744951799,TXN0086,FAILURE_CLASSIFIED,2026-09-01T18:57:44.951799+00:00,,,manual_review,,,Failure classified as fraud_blocked,v1.0,CLASSIFIER,RECOVERY_TXN0086
AUD_20260901185744952265,TXN0086,ACTION_PROPOSED,2026-09-01T18:57:44.952265+00:00,,,manual_review,,,Proposed recovery action: manual_review,v1.0,CLASSIFIER,RECOVERY_TXN0086
AUD_20260901185744952823,TXN0087,FAILURE_CLASSIFIED,2026-09-01T18:57:44.952823+00:00,,,send_nudge,,,Failure classified as invalid_card,v1.0,CLASSIFIER,RECOVERY_TXN0087
AUD_20260901185744953292,TXN0087,ACTION_PROPOSED,2026-09-01T18:57:44.953292+00:00,,,send_nudge,,,Proposed recovery action: send_nudge,v1.0,CLASSIFIER,RECOVERY_TXN0087
AUD_20260901185744953965,TXN0088,FAILURE_CLASSIFIED,2026-09-01T18:57:44.953965+00:00,,,send_nudge,,,Failure classified as invalid_card,v1.0,CLASSIFIER,RECOVERY_TXN0088
AUD_20260901185744954454,TXN0088,ACTION_PROPOSED,2026-09-01T18:57:44.954454+00:00,,,send_nudge,,,Proposed recovery action: send_nudge,v1.0,CLASSIFIER,RECOVERY_TXN0088
AUD_20260901185744955874,TXN0089,FAILURE_CLASSIFIED,2026-09-01T18:57:44.955874+00:00,,,send_nudge,,,Failure classified as card_expired,v1.0,CLASSIFIER,RECOVERY_TXN0089
AUD_20260901185744956478,TXN0089,ACTION_PROPOSED,2026-09-01T18:57:44.956478+00:00,,,send_nudge,,,Proposed recovery action: send_nudge,v1.0,CLASSIFIER,RECOVERY_TXN0089
AUD_20260901185744957132,TXN0090,FAILURE_CLASSIFIED,2026-09-01T18:57:44.957132+00:00,,,retry_later,,,Failure classified as insufficient_funds,v1.0,CLASSIFIER,RECOVERY_TXN0090
AUD_20260901185744957647,TXN0090,ACTION_PROPOSED,2026-09-01T18:57:44.957647+00:00,,,retry_later,,,Proposed recovery action: retry_later,v1.0,CLASSIFIER,RECOVERY_TXN0090
AUD_20260901185744958466,TXN0091,FAILURE_CLASSIFIED,2026-09-01T18:57:44.958466+00:00,,,manual_review,,,Failure classified as fraud_blocked,v1.0,CLASSIFIER,RECOVERY_TXN0091
AUD_20260901185744959012,TXN0091,ACTION_PROPOSED,2026-09-01T18:57:44.959012+00:00,,,manual_review,,,Proposed recovery action: manual_review,v1.0,CLASSIFIER,RECOVERY_TXN0091
AUD_20260901185744959600,TXN0092,FAILURE_CLASSIFIED,2026-09-01T18:57:44.959600+00:00,,,retry_later,,,Failure classified as insufficient_funds,v1.0,CLASSIFIER,RECOVERY_TXN0092
AUD_20260901185744960098,TXN0092,ACTION_PROPOSED,2026-09-01T18:57:44.960098+00:00,,,retry_later,,,Proposed recovery action: retry_later,v1.0,CLASSIFIER,RECOVERY_TXN0092
AUD_20260901185744960730,TXN0093,FAILURE_CLASSIFIED,2026-09-01T18:57:44.960730+00:00,,,retry_later,,,Failure classified as insufficient_funds,v1.0,CLASSIFIER,RECOVERY_TXN0093
AUD_20260901185744961212,TXN0093,ACTION_PROPOSED,2026-09-01T18:57:44.961212+00:00,,,retry_later,,,Proposed recovery action: retry_later,v1.0,CLASSIFIER,RECOVERY_TXN0093
AUD_20260901185744961780,TXN0094,FAILURE_CLASSIFIED,2026-09-01T18:57:44.961780+00:00,,,send_nudge,,,Failure classified as invalid_card,v1.0,CLASSIFIER,RECOVERY_TXN0094
AUD_20260901185744962324,TXN0094,ACTION_PROPOSED,2026-09-01T18:57:44.962324+00:00,,,send_nudge,,,Proposed recovery action: send_nudge,v1.0,CLASSIFIER,RECOVERY_TXN0094
AUD_20260901185744962956,TXN0095,FAILURE_CLASSIFIED,2026-09-01T18:57:44.962956+00:00,,,send_nudge,,,Failure classified as invalid_card,v1.0,CLASSIFIER,RECOVERY_TXN0095
AUD_20260901185744963427,TXN0095,ACTION_PROPOSED,2026-09-01T18:57:44.963427+00:00,,,send_nudge,,,Proposed recovery action: send_nudge,v1.0,CLASSIFIER,RECOVERY_TXN0095
AUD_20260901185744964011,TXN0096,FAILURE_CLASSIFIED,2026-09-01T18:57:44.964011+00:00,,,retry_now,,,Failure classified as network_timeout,v1.0,CLASSIFIER,RECOVERY_TXN0096
AUD_20260901185744964489,TXN0096,ACTION_PROPOSED,2026-09-01T18:57:44.964489+00:00,,,retry_now,,,Proposed recovery action: retry_now,v1.0,CLASSIFIER,RECOVERY_TXN0096
AUD_20260901185744965099,TXN0097,FAILURE_CLASSIFIED,2026-09-01T18:57:44.965099+00:00,,,send_nudge,,,Failure classified as invalid_card,v1.0,CLASSIFIER,RECOVERY_TXN0097
AUD_20260901185744965580,TXN0097,ACTION_PROPOSED,2026-09-01T18:57:44.965580+00:00,,,send_nudge,,,Proposed recovery action: send_nudge,v1.0,CLASSIFIER,RECOVERY_TXN0097
AUD_20260901185744966228,TXN0098,FAILURE_CLASSIFIED,2026-09-01T18:57:44.966228+00:00,,,retry_later,,,Failure classified as insufficient_funds,v1.0,CLASSIFIER,RECOVERY_TXN0098
AUD_20260901185744966716,TXN0098,ACTION_PROPOSED,2026-09-01T18:57:44.966716+00:00,,,retry_later,,,Proposed recovery action: retry_later,v1.0,CLASSIFIER,RECOVERY_TXN0098
AUD_20260901185744967282,TXN0099,FAILURE_CLASSIFIED,2026-09-01T18:57:44.967282+00:00,,,retry_now,,,Failure classified as network_timeout,v1.0,CLASSIFIER,RECOVERY_TXN0099
AUD_20260901185744967756,TXN0099,ACTION_PROPOSED,2026-09-01T18:57:44.967756+00:00,,,retry_now,,,Proposed recovery action: retry_now,v1.0,CLASSIFIER,RECOVERY_TXN0099
AUD_20260901185744968352,TXN0100,FAILURE_CLASSIFIED,2026-09-01T18:57:44.968352+00:00,,,retry_later,,,Failure classified as insufficient_funds,v1.0,CLASSIFIER,RECOVERY_TXN0100
AUD_20260901185744968887,TXN0100,ACTION_PROPOSED,2026-09-01T18:57:44.968887+00:00,,,retry_later,,,Proposed recovery action: retry_later,v1.0,CLASSIFIER,RECOVERY_TXN0100
AUD_20260901185744969563,TXN0101,FAILURE_CLASSIFIED,2026-09-01T18:57:44.969563+00:00,,,send_nudge,,,Failure classified as card_expired,v1.0,CLASSIFIER,RECOVERY_TXN0101
AUD_20260901185744970064,TXN0101,ACTION_PROPOSED,2026-09-01T18:57:44.970064+00:00,,,send_nudge,,,Proposed recovery action: send_nudge,v1.0,CLASSIFIER,RECOVERY_TXN0101
AUD_20260901185744970719,TXN0102,FAILURE_CLASSIFIED,2026-09-01T18:57:44.970719+00:00,,,send_nudge,,,Failure classified as card_expired,v1.0,CLASSIFIER,RECOVERY_TXN0102
AUD_20260901185744971230,TXN0102,ACTION_PROPOSED,2026-09-01T18:57:44.971230+00:00,,,send_nudge,,,Proposed recovery action: send_nudge,v1.0,CLASSIFIER,RECOVERY_TXN0102
AUD_20260901185744971922,TXN0103,FAILURE_CLASSIFIED,2026-09-01T18:57:44.971922+00:00,,,retry_later,,,Failure classified as insufficient_funds,v1.0,CLASSIFIER,RECOVERY_TXN0103
AUD_20260901185744972409,TXN0103,ACTION_PROPOSED,2026-09-01T18:57:44.972409+00:00,,,retry_later,,,Proposed recovery action: retry_later,v1.0,CLASSIFIER,RECOVERY_TXN0103
AUD_20260901185744973119,TXN0104,FAILURE_CLASSIFIED,2026-09-01T18:57:44.973119+00:00,,,send_nudge,,,Failure classified as invalid_card,v1.0,CLASSIFIER,RECOVERY_TXN0104
AUD_20260901185744973658,TXN0104,ACTION_PROPOSED,2026-09-01T18:57:44.973658+00:00,,,send_nudge,,,Proposed recovery action: send_nudge,v1.0,CLASSIFIER,RECOVERY_TXN0104
AUD_20260901185744974277,TXN0105,FAILURE_CLASSIFIED,2026-09-01T18:57:44.974277+00:00,,,send_nudge,,,Failure classified as invalid_card,v1.0,CLASSIFIER,RECOVERY_TXN0105
AUD_20260901185744974786,TXN0105,ACTION_PROPOSED,2026-09-01T18:57:44.974786+00:00,,,send_nudge,,,Proposed recovery action: send_nudge,v1.0,CLASSIFIER,RECOVERY_TXN0105
AUD_20260901185744975375,TXN0106,FAILURE_CLASSIFIED,2026-09-01T18:57:44.975375+00:00,,,retry_now,,,Failure classified as network_timeout,v1.0,CLASSIFIER,RECOVERY_TXN0106
AUD_20260901185744975924,TXN0106,ACTION_PROPOSED,2026-09-01T18:57:44.975924+00:00,,,retry_now,,,Proposed recovery action: retry_now,v1.0,CLASSIFIER,RECOVERY_TXN0106
AUD_20260901185744976589,TXN0107,FAILURE_CLASSIFIED,2026-09-01T18:57:44.976589+00:00,,,send_nudge,,,Failure classified as card_expired,v1.0,CLASSIFIER,RECOVERY_TXN0107
AUD_20260901185744977070,TXN0107,ACTION_PROPOSED,2026-09-01T18:57:44.977070+00:00,,,send_nudge,,,Proposed recovery action: send_nudge,v1.0,CLASSIFIER,RECOVERY_TXN0107
AUD_20260901185744977642,TXN0108,FAILURE_CLASSIFIED,2026-09-01T18:57:44.977642+00:00,,,retry_later,,,Failure classified as insufficient_funds,v1.0,CLASSIFIER,RECOVERY_TXN0108
AUD_20260901185744978115,TXN0108,ACTION_PROPOSED,2026-09-01T18:57:44.978115+00:00,,,retry_later,,,Proposed recovery action: retry_later,v1.0,CLASSIFIER,RECOVERY_TXN0108
AUD_20260901185744978691,TXN0109,FAILURE_CLASSIFIED,2026-09-01T18:57:44.978691+00:00,,,manual_review,,,Failure classified as fraud_blocked,v1.0,CLASSIFIER,RECOVERY_TXN0109
AUD_20260901185744979172,TXN0109,ACTION_PROPOSED,2026-09-01T18:57:44.979172+00:00,,,manual_review,,,Proposed recovery action: manual_review,v1.0,CLASSIFIER,RECOVERY_TXN0109
AUD_20260901185744979830,TXN0110,FAILURE_CLASSIFIED,2026-09-01T18:57:44.979830+00:00,,,retry_later,,,Failure classified as insufficient_funds,v1.0,CLASSIFIER,RECOVERY_TXN0110
AUD_20260901185744980358,TXN0110,ACTION_PROPOSED,2026-09-01T18:57:44.980358+00:00,,,retry_later,,,Proposed recovery action: retry_later,v1.0,CLASSIFIER,RECOVERY_TXN0110
AUD_20260901185744981023,TXN0111,FAILURE_CLASSIFIED,2026-09-01T18:57:44.981023+00:00,,,send_nudge,,,Failure classified as card_expired,v1.0,CLASSIFIER,RECOVERY_TXN0111
AUD_20260901185744981575,TXN0111,ACTION_PROPOSED,2026-09-01T18:57:44.981575+00:00,,,send_nudge,,,Proposed recovery action: send_nudge,v1.0,CLASSIFIER,RECOVERY_TXN0111
AUD_20260901185744982169,TXN0112,FAILURE_CLASSIFIED,2026-09-01T18:57:44.982169+00:00,,,send_nudge,,,Failure classified as card_expired,v1.0,CLASSIFIER,RECOVERY_TXN0112
AUD_20260901185744982682,TXN0112,ACTION_PROPOSED,2026-09-01T18:57:44.982682+00:00,,,send_nudge,,,Proposed recovery action: send_nudge,v1.0,CLASSIFIER,RECOVERY_TXN0112
AUD_20260901185744983331,TXN0113,FAILURE_CLASSIFIED,2026-09-01T18:57:44.983331+00:00,,,retry_later,,,Failure classified as insufficient_funds,v1.0,CLASSIFIER,RECOVERY_TXN0113
AUD_20260901185744983819,TXN0113,ACTION_PROPOSED,2026-09-01T18:57:44.983819+00:00,,,retry_later,,,Proposed recovery action: retry_later,v1.0,CLASSIFIER,RECOVERY_TXN0113
AUD_20260901185744984409,TXN0114,FAILURE_CLASSIFIED,2026-09-01T18:57:44.984409+00:00,,,send_nudge,,,Failure classified as invalid_card,v1.0,CLASSIFIER,RECOVERY_TXN0114
AUD_20260901185744984966,TXN0114,ACTION_PROPOSED,2026-09-01T18:57:44.984966+00:00,,,send_nudge,,,Proposed recovery action: send_nudge,v1.0,CLASSIFIER,RECOVERY_TXN0114
AUD_20260901185744985563,TXN0115,FAILURE_CLASSIFIED,2026-09-01T18:57:44.985563+00:00,,,manual_review,,,Failure classified as fraud_blocked,v1.0,CLASSIFIER,RECOVERY_TXN0115
AUD_20260901185744986057,TXN0115,ACTION_PROPOSED,2026-09-01T18:57:44.986057+00:00,,,manual_review,,,Proposed recovery action: manual_review,v1.0,CLASSIFIER,RECOVERY_TXN0115
AUD_20260901185744986675,TXN0116,FAILURE_CLASSIFIED,2026-09-01T18:57:44.986675+00:00,,,retry_later,,,Failure classified as insufficient_funds,v1.0,CLASSIFIER,RECOVERY_TXN0116
AUD_20260901185744987147,TXN0116,ACTION_PROPOSED,2026-09-01T18:57:44.987147+00:00,,,retry_later,,,Proposed recovery action: retry_later,v1.0,CLASSIFIER,RECOVERY_TXN0116
AUD_20260901185744987746,TXN0117,FAILURE_CLASSIFIED,2026-09-01T18:57:44.987746+00:00,,,retry_now,,,Failure classified as network_timeout,v1.0,CLASSIFIER,RECOVERY_TXN0117
AUD_20260901185744988240,TXN0117,ACTION_PROPOSED,2026-09-01T18:57:44.988240+00:00,,,retry_now,,,Proposed recovery action: retry_now,v1.0,CLASSIFIER,RECOVERY_TXN0117
AUD_20260901185744989037,TXN0118,FAILURE_CLASSIFIED,2026-09-01T18:57:44.989037+00:00,,,send_nudge,,,Failure classified as invalid_card,v1.0,CLASSIFIER,RECOVERY_TXN0118
AUD_20260901185744989636,TXN0118,ACTION_PROPOSED,2026-09-01T18:57:44.989636+00:00,,,send_nudge,,,Proposed recovery action: send_nudge,v1.0,CLASSIFIER,RECOVERY_TXN0118
AUD_20260901185744990311,TXN0119,FAILURE_CLASSIFIED,2026-09-01T18:57:44.990311+00:00,,,send_nudge,,,Failure classified as invalid_card,v1.0,CLASSIFIER,RECOVERY_TXN0119
AUD_20260901185744990845,TXN0119,ACTION_PROPOSED,2026-09-01T18:57:44.990845+00:00,,,send_nudge,,,Proposed recovery action: send_nudge,v1.0,CLASSIFIER,RECOVERY_TXN0119
AUD_20260901185744991430,TXN0120,FAILURE_CLASSIFIED,2026-09-01T18:57:44.991430+00:00,,,retry_later,,,Failure classified as insufficient_funds,v1.0,CLASSIFIER,RECOVERY_TXN0120
AUD_20260901185744991910,TXN0120,ACTION_PROPOSED,2026-09-01T18:57:44.991910+00:00,,,retry_later,,,Proposed recovery action: retry_later,v1.0,CLASSIFIER,RECOVERY_TXN0120
AUD_20260901185744992492,TXN0121,FAILURE_CLASSIFIED,2026-09-01T18:57:44.992492+00:00,,,retry_later,,,Failure classified as insufficient_funds,v1.0,CLASSIFIER,RECOVERY_TXN0121
AUD_20260901185744992963,TXN0121,ACTION_PROPOSED,2026-09-01T18:57:44.992963+00:00,,,retry_later,,,Proposed recovery action: retry_later,v1.0,CLASSIFIER,RECOVERY_TXN0121
AUD_20260901185744993546,TXN0122,FAILURE_CLASSIFIED,2026-09-01T18:57:44.993546+00:00,,,retry_later,,,Failure classified as insufficient_funds,v1.0,CLASSIFIER,RECOVERY_TXN0122
AUD_20260901185744994027,TXN0122,ACTION_PROPOSED,2026-09-01T18:57:44.994027+00:00,,,retry_later,,,Proposed recovery action: retry_later,v1.0,CLASSIFIER,RECOVERY_TXN0122
AUD_20260901185744994626,TXN0123,FAILURE_CLASSIFIED,2026-09-01T18:57:44.994626+00:00,,,retry_later,,,Failure classified as insufficient_funds,v1.0,CLASSIFIER,RECOVERY_TXN0123
AUD_20260901185744995098,TXN0123,ACTION_PROPOSED,2026-09-01T18:57:44.995098+00:00,,,retry_later,,,Proposed recovery action: retry_later,v1.0,CLASSIFIER,RECOVERY_TXN0123
AUD_20260901185744995670,TXN0124,FAILURE_CLASSIFIED,2026-09-01T18:57:44.995670+00:00,,,retry_later,,,Failure classified as insufficient_funds,v1.0,CLASSIFIER,RECOVERY_TXN0124
AUD_20260901185744996139,TXN0124,ACTION_PROPOSED,2026-09-01T18:57:44.996139+00:00,,,retry_later,,,Proposed recovery action: retry_later,v1.0,CLASSIFIER,RECOVERY_TXN0124
AUD_20260901185744996821,TXN0125,FAILURE_CLASSIFIED,2026-09-01T18:57:44.996821+00:00,,,retry_now,,,Failure classified as network_timeout,v1.0,CLASSIFIER,RECOVERY_TXN0125
AUD_20260901185744997306,TXN0125,ACTION_PROPOSED,2026-09-01T18:57:44.997306+00:00,,,retry_now,,,Proposed recovery action: retry_now,v1.0,CLASSIFIER,RECOVERY_TXN0125
AUD_20260901185744997914,TXN0126,FAILURE_CLASSIFIED,2026-09-01T18:57:44.997914+00:00,,,send_nudge,,,Failure classified as invalid_card,v1.0,CLASSIFIER,RECOVERY_TXN0126
AUD_20260901185744998421,TXN0126,ACTION_PROPOSED,2026-09-01T18:57:44.998421+00:00,,,send_nudge,,,Proposed recovery action: send_nudge,v1.0,CLASSIFIER,RECOVERY_TXN0126
AUD_20260901185744998997,TXN0127,FAILURE_CLASSIFIED,2026-09-01T18:57:44.998997+00:00,,,retry_later,,,Failure classified as insufficient_funds,v1.0,CLASSIFIER,RECOVERY_TXN0127
AUD_20260901185744999476,TXN0127,ACTION_PROPOSED,2026-09-01T18:57:44.999476+00:00,,,retry_later,,,Proposed recovery action: retry_later,v1.0,CLASSIFIER,RECOVERY_TXN0127
AUD_20260901185745000072,TXN0128,FAILURE_CLASSIFIED,2026-09-01T18:57:45.000072+00:00,,,retry_later,,,Failure classified as insufficient_funds,v1.0,CLASSIFIER,RECOVERY_TXN0128
AUD_20260901185745000592,TXN0128,ACTION_PROPOSED,2026-09-01T18:57:45.000592+00:00,,,retry_later,,,Proposed recovery action: retry_later,v1.0,CLASSIFIER,RECOVERY_TXN0128
AUD_20260901185745001221,TXN0129,FAILURE_CLASSIFIED,2026-09-01T18:57:45.001221+00:00,,,send_nudge,,,Failure classified as invalid_card,v1.0,CLASSIFIER,RECOVERY_TXN0129
AUD_20260901185745001764,TXN0129,ACTION_PROPOSED,2026-09-01T18:57:45.001764+00:00,,,send_nudge,,,Proposed recovery action: send_nudge,v1.0,CLASSIFIER,RECOVERY_TXN0129
AUD_20260901185745002383,TXN0130,FAILURE_CLASSIFIED,2026-09-01T18:57:45.002383+00:00,,,send_nudge,,,Failure classified as invalid_card,v1.0,CLASSIFIER,RECOVERY_TXN0130
AUD_20260901185745002861,TXN0130,ACTION_PROPOSED,2026-09-01T18:57:45.002861+00:00,,,send_nudge,,,Proposed recovery action: send_nudge,v1.0,CLASSIFIER,RECOVERY_TXN0130
AUD_20260901185745003480,TXN0131,FAILURE_CLASSIFIED,2026-09-01T18:57:45.003480+00:00,,,retry_later,,,Failure classified as insufficient_funds,v1.0,CLASSIFIER,RECOVERY_TXN0131
AUD_20260901185745004038,TXN0131,ACTION_PROPOSED,2026-09-01T18:57:45.004038+00:00,,,retry_later,,,Proposed recovery action: retry_later,v1.0,CLASSIFIER,RECOVERY_TXN0131
AUD_20260901185745004876,TXN0132,FAILURE_CLASSIFIED,2026-09-01T18:57:45.004876+00:00,,,send_nudge,,,Failure classified as invalid_card,v1.0,CLASSIFIER,RECOVERY_TXN0132
AUD_20260901185745007862,TXN0132,ACTION_PROPOSED,2026-09-01T18:57:45.007862+00:00,,,send_nudge,,,Proposed recovery action: send_nudge,v1.0,CLASSIFIER,RECOVERY_TXN0132
AUD_20260901185745008619,TXN0133,FAILURE_CLASSIFIED,2026-09-01T18:57:45.008619+00:00,,,send_nudge,,,Failure classified as invalid_card,v1.0,CLASSIFIER,RECOVERY_TXN0133
AUD_20260901185745009152,TXN0133,ACTION_PROPOSED,2026-09-01T18:57:45.009152+00:00,,,send_nudge,,,Proposed recovery action: send_nudge,v1.0,CLASSIFIER,RECOVERY_TXN0133
AUD_20260901185745009724,TXN0134,FAILURE_CLASSIFIED,2026-09-01T18:57:45.009724+00:00,,,retry_now,,,Failure classified as network_timeout,v1.0,CLASSIFIER,RECOVERY_TXN0134
AUD_20260901185745010250,TXN0134,ACTION_PROPOSED,2026-09-01T18:57:45.010250+00:00,,,retry_now,,,Proposed recovery action: retry_now,v1.0,CLASSIFIER,RECOVERY_TXN0134
AUD_20260901185745010841,TXN0135,FAILURE_CLASSIFIED,2026-09-01T18:57:45.010841+00:00,,,retry_now,,,Failure classified as network_timeout,v1.0,CLASSIFIER,RECOVERY_TXN0135
AUD_20260901185745011310,TXN0135,ACTION_PROPOSED,2026-09-01T18:57:45.011310+00:00,,,retry_now,,,Proposed recovery action: retry_now,v1.0,CLASSIFIER,RECOVERY_TXN0135
AUD_20260901185745011868,TXN0136,FAILURE_CLASSIFIED,2026-09-01T18:57:45.011868+00:00,,,send_nudge,,,Failure classified as invalid_card,v1.0,CLASSIFIER,RECOVERY_TXN0136
AUD_20260901185745012433,TXN0136,ACTION_PROPOSED,2026-09-01T18:57:45.012433+00:00,,,send_nudge,,,Proposed recovery action: send_nudge,v1.0,CLASSIFIER,RECOVERY_TXN0136
AUD_20260901185745013072,TXN0137,FAILURE_CLASSIFIED,2026-09-01T18:57:45.013072+00:00,,,retry_later,,,Failure classified as insufficient_funds,v1.0,CLASSIFIER,RECOVERY_TXN0137
AUD_20260901185745013559,TXN0137,ACTION_PROPOSED,2026-09-01T18:57:45.013559+00:00,,,retry_later,,,Proposed recovery action: retry_later,v1.0,CLASSIFIER,RECOVERY_TXN0137
AUD_20260901185745014132,TXN0138,FAILURE_CLASSIFIED,2026-09-01T18:57:45.014132+00:00,,,send_nudge,,,Failure classified as invalid_card,v1.0,CLASSIFIER,RECOVERY_TXN0138
AUD_20260901185745014608,TXN0138,ACTION_PROPOSED,2026-09-01T18:57:45.014608+00:00,,,send_nudge,,,Proposed recovery action: send_nudge,v1.0,CLASSIFIER,RECOVERY_TXN0138
AUD_20260901185745015188,TXN0139,FAILURE_CLASSIFIED,2026-09-01T18:57:45.015188+00:00,,,send_nudge,,,Failure classified as card_expired,v1.0,CLASSIFIER,RECOVERY_TXN0139
AUD_20260901185745015657,TXN0139,ACTION_PROPOSED,2026-09-01T18:57:45.015657+00:00,,,send_nudge,,,Proposed recovery action: send_nudge,v1.0,CLASSIFIER,RECOVERY_TXN0139
AUD_20260901185745016279,TXN0140,FAILURE_CLASSIFIED,2026-09-01T18:57:45.016279+00:00,,,retry_later,,,Failure classified as insufficient_funds,v1.0,CLASSIFIER,RECOVERY_TXN0140
AUD_20260901185745016752,TXN0140,ACTION_PROPOSED,2026-09-01T18:57:45.016752+00:00,,,retry_later,,,Proposed recovery action: retry_later,v1.0,CLASSIFIER,RECOVERY_TXN0140
AUD_20260901185745017347,TXN0141,FAILURE_CLASSIFIED,2026-09-01T18:57:45.017347+00:00,,,retry_later,,,Failure classified as insufficient_funds,v1.0,CLASSIFIER,RECOVERY_TXN0141
AUD_20260901185745017835,TXN0141,ACTION_PROPOSED,2026-09-01T18:57:45.017835+00:00,,,retry_later,,,Proposed recovery action: retry_later,v1.0,CLASSIFIER,RECOVERY_TXN0141
AUD_20260901185745018569,TXN0142,FAILURE_CLASSIFIED,2026-09-01T18:57:45.018569+00:00,,,manual_review,,,Failure classified as fraud_blocked,v1.0,CLASSIFIER,RECOVERY_TXN0142
AUD_20260901185745019064,TXN0142,ACTION_PROPOSED,2026-09-01T18:57:45.019064+00:00,,,manual_review,,,Proposed recovery action: manual_review,v1.0,CLASSIFIER,RECOVERY_TXN0142
AUD_20260901185745019652,TXN0143,FAILURE_CLASSIFIED,2026-09-01T18:57:45.019652+00:00,,,send_nudge,,,Failure classified as card_expired,v1.0,CLASSIFIER,RECOVERY_TXN0143
AUD_20260901185745020333,TXN0143,ACTION_PROPOSED,2026-09-01T18:57:45.020333+00:00,,,send_nudge,,,Proposed recovery action: send_nudge,v1.0,CLASSIFIER,RECOVERY_TXN0143
AUD_20260901185745021233,TXN0144,FAILURE_CLASSIFIED,2026-09-01T18:57:45.021233+00:00,,,retry_later,,,Failure classified as insufficient_funds,v1.0,CLASSIFIER,RECOVERY_TXN0144
AUD_20260901185745021778,TXN0144,ACTION_PROPOSED,2026-09-01T18:57:45.021778+00:00,,,retry_later,,,Proposed recovery action: retry_later,v1.0,CLASSIFIER,RECOVERY_TXN0144
AUD_20260901185745022362,TXN0145,FAILURE_CLASSIFIED,2026-09-01T18:57:45.022362+00:00,,,send_nudge,,,Failure classified as invalid_card,v1.0,CLASSIFIER,RECOVERY_TXN0145
AUD_20260901185745022840,TXN0145,ACTION_PROPOSED,2026-09-01T18:57:45.022840+00:00,,,send_nudge,,,Proposed recovery action: send_nudge,v1.0,CLASSIFIER,RECOVERY_TXN0145
AUD_20260901185745023403,TXN0146,FAILURE_CLASSIFIED,2026-09-01T18:57:45.023403+00:00,,,send_nudge,,,Failure classified as card_expired,v1.0,CLASSIFIER,RECOVERY_TXN0146
AUD_20260901185745023907,TXN0146,ACTION_PROPOSED,2026-09-01T18:57:45.023907+00:00,,,send_nudge,,,Proposed recovery action: send_nudge,v1.0,CLASSIFIER,RECOVERY_TXN0146
AUD_20260901185745024585,TXN0147,FAILURE_CLASSIFIED,2026-09-01T18:57:45.024585+00:00,,,retry_later,,,Failure classified as insufficient_funds,v1.0,CLASSIFIER,RECOVERY_TXN0147
AUD_20260901185745025070,TXN0147,ACTION_PROPOSED,2026-09-01T18:57:45.025070+00:00,,,retry_later,,,Proposed recovery action: retry_later,v1.0,CLASSIFIER,RECOVERY_TXN0147
AUD_20260901185745025629,TXN0148,FAILURE_CLASSIFIED,2026-09-01T18:57:45.025629+00:00,,,retry_now,,,Failure classified as network_timeout,v1.0,CLASSIFIER,RECOVERY_TXN0148
AUD_20260901185745026094,TXN0148,ACTION_PROPOSED,2026-09-01T18:57:45.026094+00:00,,,retry_now,,,Proposed recovery action: retry_now,v1.0,CLASSIFIER,RECOVERY_TXN0148
AUD_20260901185745026734,TXN0149,FAILURE_CLASSIFIED,2026-09-01T18:57:45.026734+00:00,,,retry_now,,,Failure classified as network_timeout,v1.0,CLASSIFIER,RECOVERY_TXN0149
AUD_20260901185745027263,TXN0149,ACTION_PROPOSED,2026-09-01T18:57:45.027263+00:00,,,retry_now,,,Proposed recovery action: retry_now,v1.0,CLASSIFIER,RECOVERY_TXN0149
AUD_20260901185745027870,TXN0150,FAILURE_CLASSIFIED,2026-09-01T18:57:45.027870+00:00,,,retry_now,,,Failure classified as network_timeout,v1.0,CLASSIFIER,RECOVERY_TXN0150
AUD_20260901185745028371,TXN0150,ACTION_PROPOSED,2026-09-01T18:57:45.028371+00:00,,,retry_now,,,Proposed recovery action: retry_now,v1.0,CLASSIFIER,RECOVERY_TXN0150
AUD_20260901185745075911,TXN0110,POLICY_APPROVED,2026-09-01T18:57:45.075911+00:00,,,retry_later,retry_later,,Recovery action passed policy checks.,v1.0,POLICY_GATEWAY,RECOVERY_TXN0110
AUD_20260901185745077028,TXN0085,POLICY_SUPPRESSED,2026-09-01T18:57:45.077028+00:00,,,send_nudge,mark_lost,suppressed_do_not_contact,suppressed_do_not_contact,v1.0,POLICY_GATEWAY,RECOVERY_TXN0085
AUD_20260901185745077936,TXN0029,POLICY_APPROVED,2026-09-01T18:57:45.077936+00:00,,,retry_now,retry_now,,Recovery action passed policy checks.,v1.0,POLICY_GATEWAY,RECOVERY_TXN0029
AUD_20260901185745078744,TXN0058,POLICY_APPROVED,2026-09-01T18:57:45.078744+00:00,,,retry_now,retry_now,,Recovery action passed policy checks.,v1.0,POLICY_GATEWAY,RECOVERY_TXN0058
AUD_20260901185745079672,TXN0092,POLICY_APPROVED,2026-09-01T18:57:45.079672+00:00,,,retry_later,retry_later,,Recovery action passed policy checks.,v1.0,POLICY_GATEWAY,RECOVERY_TXN0092
AUD_20260901185745080680,TXN0143,POLICY_SUPPRESSED,2026-09-01T18:57:45.080680+00:00,,,send_nudge,mark_lost,suppressed_do_not_contact,suppressed_do_not_contact,v1.0,POLICY_GATEWAY,RECOVERY_TXN0143
AUD_20260901185745081578,TXN0142,POLICY_APPROVED,2026-09-01T18:57:45.081578+00:00,,,manual_review,manual_review,,Recovery action passed policy checks.,v1.0,POLICY_GATEWAY,RECOVERY_TXN0142
AUD_20260901185745082427,TXN0150,POLICY_APPROVED,2026-09-01T18:57:45.082427+00:00,,,retry_now,retry_now,,Recovery action passed policy checks.,v1.0,POLICY_GATEWAY,RECOVERY_TXN0150
AUD_20260901185745083221,TXN0126,POLICY_APPROVED,2026-09-01T18:57:45.083221+00:00,,,send_nudge,send_nudge,,Recovery action passed policy checks.,v1.0,POLICY_GATEWAY,RECOVERY_TXN0126
AUD_20260901185745084566,TXN0072,POLICY_APPROVED,2026-09-01T18:57:45.084566+00:00,,,manual_review,manual_review,,Recovery action passed policy checks.,v1.0,POLICY_GATEWAY,RECOVERY_TXN0072
AUD_20260901185745085414,TXN0033,POLICY_APPROVED,2026-09-01T18:57:45.085414+00:00,,,retry_now,retry_now,,Recovery action passed policy checks.,v1.0,POLICY_GATEWAY,RECOVERY_TXN0033
AUD_20260901185745086105,TXN0038,POLICY_APPROVED,2026-09-01T18:57:45.086105+00:00,,,retry_now,retry_now,,Recovery action passed policy checks.,v1.0,POLICY_GATEWAY,RECOVERY_TXN0038
AUD_20260901185745086825,TXN0053,POLICY_APPROVED,2026-09-01T18:57:45.086825+00:00,,,retry_now,retry_now,,Recovery action passed policy checks.,v1.0,POLICY_GATEWAY,RECOVERY_TXN0053
AUD_20260901185745087654,TXN0098,POLICY_APPROVED,2026-09-01T18:57:45.087654+00:00,,,retry_later,retry_later,,Recovery action passed policy checks.,v1.0,POLICY_GATEWAY,RECOVERY_TXN0098
AUD_20260901185745088595,TXN0032,POLICY_APPROVED,2026-09-01T18:57:45.088595+00:00,,,retry_now,retry_now,,Recovery action passed policy checks.,v1.0,POLICY_GATEWAY,RECOVERY_TXN0032
AUD_20260901185745089312,TXN0082,POLICY_APPROVED,2026-09-01T18:57:45.089312+00:00,,,retry_later,retry_later,,Recovery action passed policy checks.,v1.0,POLICY_GATEWAY,RECOVERY_TXN0082
AUD_20260901185745089994,TXN0113,POLICY_APPROVED,2026-09-01T18:57:45.089994+00:00,,,retry_later,retry_later,,Recovery action passed policy checks.,v1.0,POLICY_GATEWAY,RECOVERY_TXN0113
AUD_20260901185745090700,TXN0069,POLICY_APPROVED,2026-09-01T18:57:45.090700+00:00,,,retry_now,retry_now,,Recovery action passed policy checks.,v1.0,POLICY_GATEWAY,RECOVERY_TXN0069
AUD_20260901185745091400,TXN0030,POLICY_APPROVED,2026-09-01T18:57:45.091400+00:00,,,manual_review,manual_review,,Recovery action passed policy checks.,v1.0,POLICY_GATEWAY,RECOVERY_TXN0030
AUD_20260901185745092183,TXN0026,POLICY_APPROVED,2026-09-01T18:57:45.092183+00:00,,,retry_now,retry_now,,Recovery action passed policy checks.,v1.0,POLICY_GATEWAY,RECOVERY_TXN0026
AUD_20260901185745092910,TXN0043,POLICY_APPROVED,2026-09-01T18:57:45.092910+00:00,,,retry_later,retry_later,,Recovery action passed policy checks.,v1.0,POLICY_GATEWAY,RECOVERY_TXN0043
AUD_20260901185745093711,TXN0089,POLICY_APPROVED,2026-09-01T18:57:45.093711+00:00,,,send_nudge,send_nudge,,Recovery action passed policy checks.,v1.0,POLICY_GATEWAY,RECOVERY_TXN0089
AUD_20260901185745094460,TXN0128,POLICY_APPROVED,2026-09-01T18:57:45.094460+00:00,,,retry_later,retry_later,,Recovery action passed policy checks.,v1.0,POLICY_GATEWAY,RECOVERY_TXN0128
AUD_20260901185745095161,TXN0118,POLICY_SUPPRESSED,2026-09-01T18:57:45.095161+00:00,,,send_nudge,mark_lost,suppressed_do_not_contact,suppressed_do_not_contact,v1.0,POLICY_GATEWAY,RECOVERY_TXN0118
AUD_20260901185745095784,TXN0008,POLICY_APPROVED,2026-09-01T18:57:45.095784+00:00,,,retry_now,retry_now,,Recovery action passed policy checks.,v1.0,POLICY_GATEWAY,RECOVERY_TXN0008
AUD_20260901185745096415,TXN0087,POLICY_APPROVED,2026-09-01T18:57:45.096415+00:00,,,send_nudge,send_nudge,,Recovery action passed policy checks.,v1.0,POLICY_GATEWAY,RECOVERY_TXN0087
AUD_20260901185745097075,TXN0129,POLICY_APPROVED,2026-09-01T18:57:45.097075+00:00,,,send_nudge,send_nudge,,Recovery action passed policy checks.,v1.0,POLICY_GATEWAY,RECOVERY_TXN0129
AUD_20260901185745097757,TXN0147,POLICY_APPROVED,2026-09-01T18:57:45.097757+00:00,,,retry_later,retry_later,,Recovery action passed policy checks.,v1.0,POLICY_GATEWAY,RECOVERY_TXN0147
AUD_20260901185745098467,TXN0024,POLICY_SUPPRESSED,2026-09-01T18:57:45.098467+00:00,,,retry_later,mark_lost,suppressed_do_not_contact,suppressed_do_not_contact,v1.0,POLICY_GATEWAY,RECOVERY_TXN0024
AUD_20260901185745099357,TXN0138,POLICY_APPROVED,2026-09-01T18:57:45.099357+00:00,,,send_nudge,send_nudge,,Recovery action passed policy checks.,v1.0,POLICY_GATEWAY,RECOVERY_TXN0138
AUD_20260901185745100813,TXN0011,POLICY_APPROVED,2026-09-01T18:57:45.100813+00:00,,,send_nudge,send_nudge,,Recovery action passed policy checks.,v1.0,POLICY_GATEWAY,RECOVERY_TXN0011
AUD_20260901185745101534,TXN0036,POLICY_APPROVED,2026-09-01T18:57:45.101534+00:00,,,retry_now,retry_now,,Recovery action passed policy checks.,v1.0,POLICY_GATEWAY,RECOVERY_TXN0036
AUD_20260901185745102213,TXN0005,POLICY_APPROVED,2026-09-01T18:57:45.102213+00:00,,,retry_now,retry_now,,Recovery action passed policy checks.,v1.0,POLICY_GATEWAY,RECOVERY_TXN0005
AUD_20260901185745102856,TXN0027,POLICY_APPROVED,2026-09-01T18:57:45.102856+00:00,,,retry_later,retry_later,,Recovery action passed policy checks.,v1.0,POLICY_GATEWAY,RECOVERY_TXN0027
AUD_20260901185745103520,TXN0084,POLICY_APPROVED,2026-09-01T18:57:45.103520+00:00,,,retry_now,retry_now,,Recovery action passed policy checks.,v1.0,POLICY_GATEWAY,RECOVERY_TXN0084
AUD_20260901185745104169,TXN0073,POLICY_APPROVED,2026-09-01T18:57:45.104169+00:00,,,retry_later,retry_later,,Recovery action passed policy checks.,v1.0,POLICY_GATEWAY,RECOVERY_TXN0073
AUD_20260901185745104915,TXN0078,POLICY_SUPPRESSED,2026-09-01T18:57:45.104915+00:00,,,retry_later,mark_lost,suppressed_do_not_contact,suppressed_do_not_contact,v1.0,POLICY_GATEWAY,RECOVERY_TXN0078
AUD_20260901185745105726,TXN0131,POLICY_APPROVED,2026-09-01T18:57:45.105726+00:00,,,retry_later,retry_later,,Recovery action passed policy checks.,v1.0,POLICY_GATEWAY,RECOVERY_TXN0131
AUD_20260901185745106631,TXN0074,POLICY_APPROVED,2026-09-01T18:57:45.106631+00:00,,,retry_later,retry_later,,Recovery action passed policy checks.,v1.0,POLICY_GATEWAY,RECOVERY_TXN0074
AUD_20260901185745107570,TXN0042,POLICY_APPROVED,2026-09-01T18:57:45.107570+00:00,,,retry_later,retry_later,,Recovery action passed policy checks.,v1.0,POLICY_GATEWAY,RECOVERY_TXN0042
AUD_20260901185745108544,TXN0141,POLICY_SUPPRESSED,2026-09-01T18:57:45.108544+00:00,,,retry_later,mark_lost,suppressed_do_not_contact,suppressed_do_not_contact,v1.0,POLICY_GATEWAY,RECOVERY_TXN0141
AUD_20260901185745109509,TXN0146,POLICY_APPROVED,2026-09-01T18:57:45.109509+00:00,,,send_nudge,send_nudge,,Recovery action passed policy checks.,v1.0,POLICY_GATEWAY,RECOVERY_TXN0146
AUD_20260901185745110202,TXN0093,POLICY_APPROVED,2026-09-01T18:57:45.110202+00:00,,,retry_later,retry_later,,Recovery action passed policy checks.,v1.0,POLICY_GATEWAY,RECOVERY_TXN0093
AUD_20260901185745110944,TXN0103,POLICY_SUPPRESSED,2026-09-01T18:57:45.110944+00:00,,,retry_later,mark_lost,suppressed_retry_cap,suppressed_retry_cap,v1.0,POLICY_GATEWAY,RECOVERY_TXN0103
AUD_20260901185745111681,TXN0057,POLICY_APPROVED,2026-09-01T18:57:45.111681+00:00,,,send_nudge,send_nudge,,Recovery action passed policy checks.,v1.0,POLICY_GATEWAY,RECOVERY_TXN0057
AUD_20260901185745112374,TXN0107,POLICY_SUPPRESSED,2026-09-01T18:57:45.112374+00:00,,,send_nudge,mark_lost,suppressed_do_not_contact,suppressed_do_not_contact,v1.0,POLICY_GATEWAY,RECOVERY_TXN0107
AUD_20260901185745113100,TXN0052,POLICY_SUPPRESSED,2026-09-01T18:57:45.113100+00:00,,,send_nudge,mark_lost,suppressed_retry_cap,suppressed_retry_cap,v1.0,POLICY_GATEWAY,RECOVERY_TXN0052
AUD_20260901185745113843,TXN0100,POLICY_APPROVED,2026-09-01T18:57:45.113843+00:00,,,retry_later,retry_later,,Recovery action passed policy checks.,v1.0,POLICY_GATEWAY,RECOVERY_TXN0100
AUD_20260901185745114640,TXN0014,POLICY_SUPPRESSED,2026-09-01T18:57:45.114640+00:00,,,retry_later,mark_lost,suppressed_retry_cap,suppressed_retry_cap,v1.0,POLICY_GATEWAY,RECOVERY_TXN0014
AUD_20260901185745115653,TXN0025,POLICY_APPROVED,2026-09-01T18:57:45.115653+00:00,,,retry_now,retry_now,,Recovery action passed policy checks.,v1.0,POLICY_GATEWAY,RECOVERY_TXN0025
AUD_20260901185745116640,TXN0117,POLICY_APPROVED,2026-09-01T18:57:45.116640+00:00,,,retry_now,retry_now,,Recovery action passed policy checks.,v1.0,POLICY_GATEWAY,RECOVERY_TXN0117
AUD_20260901185745117331,TXN0041,POLICY_APPROVED,2026-09-01T18:57:45.117331+00:00,,,retry_later,retry_later,,Recovery action passed policy checks.,v1.0,POLICY_GATEWAY,RECOVERY_TXN0041
AUD_20260901185745118046,TXN0010,POLICY_APPROVED,2026-09-01T18:57:45.118046+00:00,,,retry_later,retry_later,,Recovery action passed policy checks.,v1.0,POLICY_GATEWAY,RECOVERY_TXN0010
AUD_20260901185745118922,TXN0045,POLICY_APPROVED,2026-09-01T18:57:45.118922+00:00,,,retry_later,retry_later,,Recovery action passed policy checks.,v1.0,POLICY_GATEWAY,RECOVERY_TXN0045
AUD_20260901185745119770,TXN0144,POLICY_APPROVED,2026-09-01T18:57:45.119770+00:00,,,retry_later,retry_later,,Recovery action passed policy checks.,v1.0,POLICY_GATEWAY,RECOVERY_TXN0144
AUD_20260901185745120700,TXN0102,POLICY_APPROVED,2026-09-01T18:57:45.120700+00:00,,,send_nudge,send_nudge,,Recovery action passed policy checks.,v1.0,POLICY_GATEWAY,RECOVERY_TXN0102
AUD_20260901185745121591,TXN0080,POLICY_APPROVED,2026-09-01T18:57:45.121591+00:00,,,send_nudge,send_nudge,,Recovery action passed policy checks.,v1.0,POLICY_GATEWAY,RECOVERY_TXN0080
AUD_20260901185745122490,TXN0068,POLICY_SUPPRESSED,2026-09-01T18:57:45.122490+00:00,,,send_nudge,mark_lost,suppressed_retry_cap,suppressed_retry_cap,v1.0,POLICY_GATEWAY,RECOVERY_TXN0068
AUD_20260901185745123403,TXN0132,POLICY_SUPPRESSED,2026-09-01T18:57:45.123403+00:00,,,send_nudge,mark_lost,suppressed_do_not_contact,suppressed_do_not_contact,v1.0,POLICY_GATEWAY,RECOVERY_TXN0132
AUD_20260901185745124153,TXN0064,POLICY_APPROVED,2026-09-01T18:57:45.124153+00:00,,,retry_later,retry_later,,Recovery action passed policy checks.,v1.0,POLICY_GATEWAY,RECOVERY_TXN0064
AUD_20260901185745124876,TXN0101,POLICY_APPROVED,2026-09-01T18:57:45.124876+00:00,,,send_nudge,send_nudge,,Recovery action passed policy checks.,v1.0,POLICY_GATEWAY,RECOVERY_TXN0101
AUD_20260901185745125526,TXN0075,POLICY_APPROVED,2026-09-01T18:57:45.125526+00:00,,,retry_later,retry_later,,Recovery action passed policy checks.,v1.0,POLICY_GATEWAY,RECOVERY_TXN0075
AUD_20260901185745126289,TXN0112,POLICY_SUPPRESSED,2026-09-01T18:57:45.126289+00:00,,,send_nudge,mark_lost,suppressed_retry_cap,suppressed_retry_cap,v1.0,POLICY_GATEWAY,RECOVERY_TXN0112
AUD_20260901185745127034,TXN0121,POLICY_APPROVED,2026-09-01T18:57:45.127034+00:00,,,retry_later,retry_later,,Recovery action passed policy checks.,v1.0,POLICY_GATEWAY,RECOVERY_TXN0121
AUD_20260901185745127713,TXN0054,POLICY_APPROVED,2026-09-01T18:57:45.127713+00:00,,,send_nudge,send_nudge,,Recovery action passed policy checks.,v1.0,POLICY_GATEWAY,RECOVERY_TXN0054
AUD_20260901185745128384,TXN0140,POLICY_APPROVED,2026-09-01T18:57:45.128384+00:00,,,retry_later,retry_later,,Recovery action passed policy checks.,v1.0,POLICY_GATEWAY,RECOVERY_TXN0140
AUD_20260901185745129066,TXN0015,POLICY_SUPPRESSED,2026-09-01T18:57:45.129066+00:00,,,retry_later,mark_lost,suppressed_do_not_contact,suppressed_do_not_contact,v1.0,POLICY_GATEWAY,RECOVERY_TXN0015
AUD_20260901185745129727,TXN0067,POLICY_APPROVED,2026-09-01T18:57:45.129727+00:00,,,send_nudge,send_nudge,,Recovery action passed policy checks.,v1.0,POLICY_GATEWAY,RECOVERY_TXN0067
AUD_20260901185745130534,TXN0066,POLICY_APPROVED,2026-09-01T18:57:45.130534+00:00,,,retry_now,retry_now,,Recovery action passed policy checks.,v1.0,POLICY_GATEWAY,RECOVERY_TXN0066
AUD_20260901185745131267,TXN0040,POLICY_APPROVED,2026-09-01T18:57:45.131267+00:00,,,send_nudge,send_nudge,,Recovery action passed policy checks.,v1.0,POLICY_GATEWAY,RECOVERY_TXN0040
AUD_20260901185745131957,TXN0119,POLICY_SUPPRESSED,2026-09-01T18:57:45.131957+00:00,,,send_nudge,mark_lost,suppressed_retry_cap,suppressed_retry_cap,v1.0,POLICY_GATEWAY,RECOVERY_TXN0119
AUD_20260901185745132636,TXN0051,POLICY_APPROVED,2026-09-01T18:57:45.132636+00:00,,,retry_now,retry_now,,Recovery action passed policy checks.,v1.0,POLICY_GATEWAY,RECOVERY_TXN0051
AUD_20260901185745133271,TXN0106,POLICY_APPROVED,2026-09-01T18:57:45.133271+00:00,,,retry_now,retry_now,,Recovery action passed policy checks.,v1.0,POLICY_GATEWAY,RECOVERY_TXN0106
AUD_20260901185745133938,TXN0070,POLICY_SUPPRESSED,2026-09-01T18:57:45.133938+00:00,,,send_nudge,mark_lost,suppressed_do_not_contact,suppressed_do_not_contact,v1.0,POLICY_GATEWAY,RECOVERY_TXN0070
AUD_20260901185745134634,TXN0096,POLICY_APPROVED,2026-09-01T18:57:45.134634+00:00,,,retry_now,retry_now,,Recovery action passed policy checks.,v1.0,POLICY_GATEWAY,RECOVERY_TXN0096
AUD_20260901185745135306,TXN0130,POLICY_APPROVED,2026-09-01T18:57:45.135306+00:00,,,send_nudge,send_nudge,,Recovery action passed policy checks.,v1.0,POLICY_GATEWAY,RECOVERY_TXN0130
AUD_20260901185745135922,TXN0028,POLICY_APPROVED,2026-09-01T18:57:45.135922+00:00,,,manual_review,manual_review,,Recovery action passed policy checks.,v1.0,POLICY_GATEWAY,RECOVERY_TXN0028
AUD_20260901185745136563,TXN0105,POLICY_APPROVED,2026-09-01T18:57:45.136563+00:00,,,send_nudge,send_nudge,,Recovery action passed policy checks.,v1.0,POLICY_GATEWAY,RECOVERY_TXN0105
AUD_20260901185745137216,TXN0081,POLICY_APPROVED,2026-09-01T18:57:45.137216+00:00,,,send_nudge,send_nudge,,Recovery action passed policy checks.,v1.0,POLICY_GATEWAY,RECOVERY_TXN0081
AUD_20260901185745137850,TXN0148,POLICY_APPROVED,2026-09-01T18:57:45.137850+00:00,,,retry_now,retry_now,,Recovery action passed policy checks.,v1.0,POLICY_GATEWAY,RECOVERY_TXN0148
AUD_20260901185745138544,TXN0004,POLICY_SUPPRESSED,2026-09-01T18:57:45.138544+00:00,,,send_nudge,mark_lost,suppressed_retry_cap,suppressed_retry_cap,v1.0,POLICY_GATEWAY,RECOVERY_TXN0004
AUD_20260901185745139246,TXN0111,POLICY_SUPPRESSED,2026-09-01T18:57:45.139246+00:00,,,send_nudge,mark_lost,suppressed_do_not_contact,suppressed_do_not_contact,v1.0,POLICY_GATEWAY,RECOVERY_TXN0111
AUD_20260901185745139934,TXN0047,POLICY_APPROVED,2026-09-01T18:57:45.139934+00:00,,,retry_later,retry_later,,Recovery action passed policy checks.,v1.0,POLICY_GATEWAY,RECOVERY_TXN0047
AUD_20260901185745140579,TXN0104,POLICY_SUPPRESSED,2026-09-01T18:57:45.140579+00:00,,,send_nudge,mark_lost,suppressed_retry_cap,suppressed_retry_cap,v1.0,POLICY_GATEWAY,RECOVERY_TXN0104
AUD_20260901185745141206,TXN0039,POLICY_APPROVED,2026-09-01T18:57:45.141206+00:00,,,manual_review,manual_review,,Recovery action passed policy checks.,v1.0,POLICY_GATEWAY,RECOVERY_TXN0039
AUD_20260901185745141895,TXN0127,POLICY_SUPPRESSED,2026-09-01T18:57:45.141895+00:00,,,retry_later,mark_lost,suppressed_retry_cap,suppressed_retry_cap,v1.0,POLICY_GATEWAY,RECOVERY_TXN0127
AUD_20260901185745142616,TXN0012,POLICY_SUPPRESSED,2026-09-01T18:57:45.142616+00:00,,,send_nudge,mark_lost,suppressed_retry_cap,suppressed_retry_cap,v1.0,POLICY_GATEWAY,RECOVERY_TXN0012
AUD_20260901185745143301,TXN0007,POLICY_SUPPRESSED,2026-09-01T18:57:45.143301+00:00,,,send_nudge,mark_lost,suppressed_retry_cap,suppressed_retry_cap,v1.0,POLICY_GATEWAY,RECOVERY_TXN0007
AUD_20260901185745143984,TXN0055,POLICY_SUPPRESSED,2026-09-01T18:57:45.143984+00:00,,,send_nudge,mark_lost,suppressed_do_not_contact,suppressed_do_not_contact,v1.0,POLICY_GATEWAY,RECOVERY_TXN0055
AUD_20260901185745144638,TXN0013,POLICY_APPROVED,2026-09-01T18:57:45.144638+00:00,,,retry_now,retry_now,,Recovery action passed policy checks.,v1.0,POLICY_GATEWAY,RECOVERY_TXN0013
AUD_20260901185745145594,TXN0099,POLICY_APPROVED,2026-09-01T18:57:45.145594+00:00,,,retry_now,retry_now,,Recovery action passed policy checks.,v1.0,POLICY_GATEWAY,RECOVERY_TXN0099
AUD_20260901185745146715,TXN0022,POLICY_APPROVED,2026-09-01T18:57:45.146715+00:00,,,retry_now,retry_now,,Recovery action passed policy checks.,v1.0,POLICY_GATEWAY,RECOVERY_TXN0022
AUD_20260901185745147720,TXN0083,POLICY_SUPPRESSED,2026-09-01T18:57:45.147720+00:00,,,retry_later,mark_lost,suppressed_retry_cap,suppressed_retry_cap,v1.0,POLICY_GATEWAY,RECOVERY_TXN0083
AUD_20260901185745148654,TXN0090,POLICY_SUPPRESSED,2026-09-01T18:57:45.148654+00:00,,,retry_later,mark_lost,suppressed_do_not_contact,suppressed_do_not_contact,v1.0,POLICY_GATEWAY,RECOVERY_TXN0090
AUD_20260901185745149409,TXN0135,POLICY_APPROVED,2026-09-01T18:57:45.149409+00:00,,,retry_now,retry_now,,Recovery action passed policy checks.,v1.0,POLICY_GATEWAY,RECOVERY_TXN0135
AUD_20260901185745150185,TXN0108,POLICY_SUPPRESSED,2026-09-01T18:57:45.150185+00:00,,,retry_later,mark_lost,suppressed_do_not_contact,suppressed_do_not_contact,v1.0,POLICY_GATEWAY,RECOVERY_TXN0108
AUD_20260901185745150901,TXN0077,POLICY_APPROVED,2026-09-01T18:57:45.150901+00:00,,,retry_now,retry_now,,Recovery action passed policy checks.,v1.0,POLICY_GATEWAY,RECOVERY_TXN0077
AUD_20260901185745151564,TXN0056,POLICY_SUPPRESSED,2026-09-01T18:57:45.151564+00:00,,,send_nudge,mark_lost,suppressed_do_not_contact,suppressed_do_not_contact,v1.0,POLICY_GATEWAY,RECOVERY_TXN0056
AUD_20260901185745152277,TXN0021,POLICY_SUPPRESSED,2026-09-01T18:57:45.152277+00:00,,,retry_later,mark_lost,suppressed_retry_cap,suppressed_retry_cap,v1.0,POLICY_GATEWAY,RECOVERY_TXN0021
AUD_20260901185745153024,TXN0120,POLICY_SUPPRESSED,2026-09-01T18:57:45.153024+00:00,,,retry_later,mark_lost,suppressed_do_not_contact,suppressed_do_not_contact,v1.0,POLICY_GATEWAY,RECOVERY_TXN0120
AUD_20260901185745153765,TXN0136,POLICY_APPROVED,2026-09-01T18:57:45.153765+00:00,,,send_nudge,send_nudge,,Recovery action passed policy checks.,v1.0,POLICY_GATEWAY,RECOVERY_TXN0136
AUD_20260901185745154514,TXN0049,POLICY_SUPPRESSED,2026-09-01T18:57:45.154514+00:00,,,send_nudge,mark_lost,suppressed_retry_cap,suppressed_retry_cap,v1.0,POLICY_GATEWAY,RECOVERY_TXN0049
AUD_20260901185745155281,TXN0001,POLICY_APPROVED,2026-09-01T18:57:45.155281+00:00,,,send_nudge,send_nudge,,Recovery action passed policy checks.,v1.0,POLICY_GATEWAY,RECOVERY_TXN0001
AUD_20260901185745156007,TXN0034,POLICY_SUPPRESSED,2026-09-01T18:57:45.156007+00:00,,,send_nudge,mark_lost,suppressed_retry_cap,suppressed_retry_cap,v1.0,POLICY_GATEWAY,RECOVERY_TXN0034
AUD_20260901185745156698,TXN0065,POLICY_APPROVED,2026-09-01T18:57:45.156698+00:00,,,send_nudge,send_nudge,,Recovery action passed policy checks.,v1.0,POLICY_GATEWAY,RECOVERY_TXN0065
AUD_20260901185745157362,TXN0122,POLICY_SUPPRESSED,2026-09-01T18:57:45.157362+00:00,,,retry_later,mark_lost,suppressed_retry_cap,suppressed_retry_cap,v1.0,POLICY_GATEWAY,RECOVERY_TXN0122
AUD_20260901185745158058,TXN0003,POLICY_APPROVED,2026-09-01T18:57:45.158058+00:00,,,retry_now,retry_now,,Recovery action passed policy checks.,v1.0,POLICY_GATEWAY,RECOVERY_TXN0003
AUD_20260901185745158797,TXN0017,POLICY_SUPPRESSED,2026-09-01T18:57:45.158797+00:00,,,retry_later,mark_lost,suppressed_retry_cap,suppressed_retry_cap,v1.0,POLICY_GATEWAY,RECOVERY_TXN0017
AUD_20260901185745159595,TXN0109,POLICY_APPROVED,2026-09-01T18:57:45.159595+00:00,,,manual_review,manual_review,,Recovery action passed policy checks.,v1.0,POLICY_GATEWAY,RECOVERY_TXN0109
AUD_20260901185745160307,TXN0016,POLICY_SUPPRESSED,2026-09-01T18:57:45.160307+00:00,,,retry_later,mark_lost,suppressed_retry_cap,suppressed_retry_cap,v1.0,POLICY_GATEWAY,RECOVERY_TXN0016
AUD_20260901185745161032,TXN0114,POLICY_SUPPRESSED,2026-09-01T18:57:45.161032+00:00,,,send_nudge,mark_lost,suppressed_retry_cap,suppressed_retry_cap,v1.0,POLICY_GATEWAY,RECOVERY_TXN0114
AUD_20260901185745161798,TXN0044,POLICY_APPROVED,2026-09-01T18:57:45.161798+00:00,,,retry_later,retry_later,,Recovery action passed policy checks.,v1.0,POLICY_GATEWAY,RECOVERY_TXN0044
AUD_20260901185745162546,TXN0019,POLICY_APPROVED,2026-09-01T18:57:45.162546+00:00,,,send_nudge,send_nudge,,Recovery action passed policy checks.,v1.0,POLICY_GATEWAY,RECOVERY_TXN0019
AUD_20260901185745163270,TXN0139,POLICY_APPROVED,2026-09-01T18:57:45.163270+00:00,,,send_nudge,send_nudge,,Recovery action passed policy checks.,v1.0,POLICY_GATEWAY,RECOVERY_TXN0139
AUD_20260901185745164008,TXN0031,POLICY_SUPPRESSED,2026-09-01T18:57:45.164008+00:00,,,retry_later,mark_lost,suppressed_do_not_contact,suppressed_do_not_contact,v1.0,POLICY_GATEWAY,RECOVERY_TXN0031
AUD_20260901185745164730,TXN0046,POLICY_SUPPRESSED,2026-09-01T18:57:45.164730+00:00,,,retry_later,mark_lost,suppressed_retry_cap,suppressed_retry_cap,v1.0,POLICY_GATEWAY,RECOVERY_TXN0046
AUD_20260901185745165500,TXN0097,POLICY_SUPPRESSED,2026-09-01T18:57:45.165500+00:00,,,send_nudge,mark_lost,suppressed_retry_cap,suppressed_retry_cap,v1.0,POLICY_GATEWAY,RECOVERY_TXN0097
AUD_20260901185745166249,TXN0050,POLICY_SUPPRESSED,2026-09-01T18:57:45.166249+00:00,,,retry_later,mark_lost,suppressed_retry_cap,suppressed_retry_cap,v1.0,POLICY_GATEWAY,RECOVERY_TXN0050
AUD_20260901185745166951,TXN0086,POLICY_APPROVED,2026-09-01T18:57:45.166951+00:00,,,manual_review,manual_review,,Recovery action passed policy checks.,v1.0,POLICY_GATEWAY,RECOVERY_TXN0086
AUD_20260901185745167635,TXN0037,POLICY_SUPPRESSED,2026-09-01T18:57:45.167635+00:00,,,retry_later,mark_lost,suppressed_retry_cap,suppressed_retry_cap,v1.0,POLICY_GATEWAY,RECOVERY_TXN0037
AUD_20260901185745168365,TXN0088,POLICY_SUPPRESSED,2026-09-01T18:57:45.168365+00:00,,,send_nudge,mark_lost,suppressed_retry_cap,suppressed_retry_cap,v1.0,POLICY_GATEWAY,RECOVERY_TXN0088
AUD_20260901185745169050,TXN0060,POLICY_APPROVED,2026-09-01T18:57:45.169050+00:00,,,retry_now,retry_now,,Recovery action passed policy checks.,v1.0,POLICY_GATEWAY,RECOVERY_TXN0060
AUD_20260901185745169782,TXN0006,POLICY_SUPPRESSED,2026-09-01T18:57:45.169782+00:00,,,retry_later,mark_lost,suppressed_retry_cap,suppressed_retry_cap,v1.0,POLICY_GATEWAY,RECOVERY_TXN0006
AUD_20260901185745170445,TXN0020,POLICY_APPROVED,2026-09-01T18:57:45.170445+00:00,,,retry_now,retry_now,,Recovery action passed policy checks.,v1.0,POLICY_GATEWAY,RECOVERY_TXN0020
AUD_20260901185745171081,TXN0123,POLICY_SUPPRESSED,2026-09-01T18:57:45.171081+00:00,,,retry_later,mark_lost,suppressed_retry_cap,suppressed_retry_cap,v1.0,POLICY_GATEWAY,RECOVERY_TXN0123
AUD_20260901185745171697,TXN0116,POLICY_SUPPRESSED,2026-09-01T18:57:45.171697+00:00,,,retry_later,mark_lost,suppressed_do_not_contact,suppressed_do_not_contact,v1.0,POLICY_GATEWAY,RECOVERY_TXN0116
AUD_20260901185745172319,TXN0062,POLICY_SUPPRESSED,2026-09-01T18:57:45.172319+00:00,,,retry_later,mark_lost,suppressed_retry_cap,suppressed_retry_cap,v1.0,POLICY_GATEWAY,RECOVERY_TXN0062
AUD_20260901185745172948,TXN0094,POLICY_SUPPRESSED,2026-09-01T18:57:45.172948+00:00,,,send_nudge,mark_lost,suppressed_retry_cap,suppressed_retry_cap,v1.0,POLICY_GATEWAY,RECOVERY_TXN0094
AUD_20260901185745173573,TXN0079,POLICY_APPROVED,2026-09-01T18:57:45.173573+00:00,,,retry_now,retry_now,,Recovery action passed policy checks.,v1.0,POLICY_GATEWAY,RECOVERY_TXN0079
AUD_20260901185745174178,TXN0076,POLICY_SUPPRESSED,2026-09-01T18:57:45.174178+00:00,,,retry_later,mark_lost,suppressed_retry_cap,suppressed_retry_cap,v1.0,POLICY_GATEWAY,RECOVERY_TXN0076
AUD_20260901185745174750,TXN0023,POLICY_APPROVED,2026-09-01T18:57:45.174750+00:00,,,send_nudge,send_nudge,,Recovery action passed policy checks.,v1.0,POLICY_GATEWAY,RECOVERY_TXN0023
AUD_20260901185745175388,TXN0002,POLICY_SUPPRESSED,2026-09-01T18:57:45.175388+00:00,,,retry_later,mark_lost,suppressed_retry_cap,suppressed_retry_cap,v1.0,POLICY_GATEWAY,RECOVERY_TXN0002
AUD_20260901185745175967,TXN0035,POLICY_SUPPRESSED,2026-09-01T18:57:45.175967+00:00,,,retry_later,mark_lost,suppressed_retry_cap,suppressed_retry_cap,v1.0,POLICY_GATEWAY,RECOVERY_TXN0035
AUD_20260901185745176581,TXN0133,POLICY_SUPPRESSED,2026-09-01T18:57:45.176581+00:00,,,send_nudge,mark_lost,suppressed_retry_cap,suppressed_retry_cap,v1.0,POLICY_GATEWAY,RECOVERY_TXN0133
AUD_20260901185745177202,TXN0009,POLICY_SUPPRESSED,2026-09-01T18:57:45.177202+00:00,,,send_nudge,mark_lost,suppressed_retry_cap,suppressed_retry_cap,v1.0,POLICY_GATEWAY,RECOVERY_TXN0009
AUD_20260901185745178008,TXN0145,POLICY_APPROVED,2026-09-01T18:57:45.178008+00:00,,,send_nudge,send_nudge,,Recovery action passed policy checks.,v1.0,POLICY_GATEWAY,RECOVERY_TXN0145
AUD_20260901185745178637,TXN0061,POLICY_SUPPRESSED,2026-09-01T18:57:45.178637+00:00,,,send_nudge,mark_lost,suppressed_do_not_contact,suppressed_do_not_contact,v1.0,POLICY_GATEWAY,RECOVERY_TXN0061
AUD_20260901185745179271,TXN0018,POLICY_SUPPRESSED,2026-09-01T18:57:45.179271+00:00,,,retry_later,mark_lost,suppressed_retry_cap,suppressed_retry_cap,v1.0,POLICY_GATEWAY,RECOVERY_TXN0018
AUD_20260901185745179874,TXN0124,POLICY_SUPPRESSED,2026-09-01T18:57:45.179874+00:00,,,retry_later,mark_lost,suppressed_retry_cap,suppressed_retry_cap,v1.0,POLICY_GATEWAY,RECOVERY_TXN0124
AUD_20260901185745180483,TXN0125,POLICY_APPROVED,2026-09-01T18:57:45.180483+00:00,,,retry_now,retry_now,,Recovery action passed policy checks.,v1.0,POLICY_GATEWAY,RECOVERY_TXN0125
AUD_20260901185745181106,TXN0048,POLICY_SUPPRESSED,2026-09-01T18:57:45.181106+00:00,,,send_nudge,mark_lost,suppressed_retry_cap,suppressed_retry_cap,v1.0,POLICY_GATEWAY,RECOVERY_TXN0048
AUD_20260901185745181680,TXN0059,POLICY_APPROVED,2026-09-01T18:57:45.181680+00:00,,,retry_now,retry_now,,Recovery action passed policy checks.,v1.0,POLICY_GATEWAY,RECOVERY_TXN0059
AUD_20260901185745182283,TXN0137,POLICY_SUPPRESSED,2026-09-01T18:57:45.182283+00:00,,,retry_later,mark_lost,suppressed_retry_cap,suppressed_retry_cap,v1.0,POLICY_GATEWAY,RECOVERY_TXN0137
AUD_20260901185745182904,TXN0134,POLICY_APPROVED,2026-09-01T18:57:45.182904+00:00,,,retry_now,retry_now,,Recovery action passed policy checks.,v1.0,POLICY_GATEWAY,RECOVERY_TXN0134
AUD_20260901185745183511,TXN0115,POLICY_APPROVED,2026-09-01T18:57:45.183511+00:00,,,manual_review,manual_review,,Recovery action passed policy checks.,v1.0,POLICY_GATEWAY,RECOVERY_TXN0115
AUD_20260901185745184143,TXN0063,POLICY_SUPPRESSED,2026-09-01T18:57:45.184143+00:00,,,send_nudge,mark_lost,suppressed_do_not_contact,suppressed_do_not_contact,v1.0,POLICY_GATEWAY,RECOVERY_TXN0063
AUD_20260901185745184746,TXN0095,POLICY_SUPPRESSED,2026-09-01T18:57:45.184746+00:00,,,send_nudge,mark_lost,suppressed_retry_cap,suppressed_retry_cap,v1.0,POLICY_GATEWAY,RECOVERY_TXN0095
AUD_20260901185745185356,TXN0091,POLICY_APPROVED,2026-09-01T18:57:45.185356+00:00,,,manual_review,manual_review,,Recovery action passed policy checks.,v1.0,POLICY_GATEWAY,RECOVERY_TXN0091
AUD_20260901185745185958,TXN0149,POLICY_APPROVED,2026-09-01T18:57:45.185958+00:00,,,retry_now,retry_now,,Recovery action passed policy checks.,v1.0,POLICY_GATEWAY,RECOVERY_TXN0149
AUD_20260901185745186571,TXN0071,POLICY_APPROVED,2026-09-01T18:57:45.186571+00:00,,,retry_now,retry_now,,Recovery action passed policy checks.,v1.0,POLICY_GATEWAY,RECOVERY_TXN0071
